14889	ok	0.0035	1
12558	ok	0.0002	1
12616	ok	0.0001	1
11017	ok	0.0027	1
14597	ok	0.0024	6
10576	ok	0.0013	6
14374	ok	0.0012	1
10235	ok	0.0039	6
13637	ok	0.0052	1
19206	ok	0.0023	10
18517	ok	0.0118	10
15070	ok	0.0098	10
15657	ok	0.0143	10
15374	ok	0.0138	10
18086	ok	0.0091	10
15065	ok	0.0082	10
17367	ok	0.0080	10
18504	ok	0.0048	10
18772	ok	0.0088	10
19346	ok	0.0081	10
19546	ok	0.0088	10
16090	ok	0.0079	10
15061	ok	0.0085	10
15210	ok	0.0084	10
15290	ok	0.0084	10
18331	ok	0.0085	10
18664	ok	0.0082	10
19778	ok	0.0145	10
12863	ok	0.0011	6
15932	ok	0.0087	10
15007	ok	0.0086	10
15096	ok	0.0084	10
19760	ok	0.0081	10
18468	ok	0.0081	10
15042	ok	0.3097	10
15341	ok	0.0090	10
15437	ok	0.0087	10
16701	ok	0.0087	10
15003	ok	0.0084	10
15316	ok	0.0082	10
17868	ok	0.0141	10
15231	ok	0.0083	10
15937	ok	0.0081	10
16416	ok	0.0080	10
17472	ok	0.0081	10
17774	ok	0.0081	10
18362	ok	0.0080	10
16434	ok	0.0078	10
15066	ok	0.0089	10
15239	ok	0.0083	10
15538	ok	0.0084	10
18885	ok	0.0084	10
15638	ok	0.0082	10
16607	ok	0.0081	10
18918	ok	0.0083	10
15246	ok	0.0086	10
16572	ok	0.0084	10
18477	ok	0.0083	10
19196	ok	0.0082	10
19563	ok	0.0083	10
15144	ok	0.0083	10
15254	ok	0.0082	10
17105	ok	0.0063	10
15050	ok	0.0085	10
19475	ok	0.0085	10
15026	ok	0.0087	10
15018	ok	0.0086	10
15439	ok	0.0085	10
10767	ok	0.0014	6
16591	ok	0.0143	10
15106	ok	0.0088	10
15406	ok	0.0314	10
16776	ok	0.0048	10
10117	ok	0.0012	6
15101	ok	0.0086	10
15791	ok	0.0089	10
15130	ok	0.0088	10
15015	ok	0.0091	10
15920	ok	0.0028	10
17071	ok	0.0152	10
16712	ok	0.0088	10
15021	ok	0.0088	10
18376	ok	0.0083	10
19470	ok	0.0087	10
15516	ok	0.0026	10
15517	ok	0.0097	10
15787	ok	0.0083	10
16999	ok	0.0081	10
18524	ok	0.0113	10
13108	ok	0.0017	6
17061	ok	0.0536	10
16044	ok	0.0041	0
15315	ok	0.0100	10
11414	ok	0.0036	5125
15022	ok	0.0083	10
10507	ok	0.0014	6
10647	ok	0.0013	6
10065	ok	0.0013	6
10284	ok	0.0098	100
19125	ok	0.0091	10
18390	ok	0.0125	10
15004	ok	0.0127	10
13436	ok	0.0085	10
18848	ok	0.0067	10
16098	ok	0.0086	10
18109	ok	0.0089	10
10162	ok	0.0017	6
15405	ok	0.0084	10
16839	ok	0.0086	10
18536	ok	0.0084	10
15242	ok	0.0279	10
13131	ok	0.0038	5125
16233	ok	0.0092	10
15039	ok	0.0047	10
17151	ok	0.0146	10
15585	ok	0.0087	10
12979	ok	0.0019	6
15060	ok	0.0088	10
16649	ok	0.0047	10
15263	ok	0.0084	10
10018	ok	0.0019	6
10176	ok	0.0019	6
10085	ok	0.0018	6
17090	ok	0.0085	10
10688	ok	0.0059	1600
18847	ok	0.0127	10
10028	ok	0.0020	6
10165	ok	0.0018	6
15445	ok	0.0089	10
11886	ok	0.0018	6
12007	ok	0.0018	6
18325	ok	0.0149	10
19756	ok	0.0117	10
11492	ok	0.0018	6
12981	ok	0.0018	6
16812	ok	0.0145	10
19877	ok	0.0086	10
10186	ok	0.0020	6
10296	ok	0.0029	6
17002	ok	0.0283	10
17351	ok	0.0098	10
18422	ok	0.0165	10
10054	ok	0.0020	6
10820	ok	0.0019	6
12559	ok	0.0018	6
17466	ok	0.0087	10
15651	ok	0.0292	10
12022	ok	0.0020	6
10620	ok	0.0016	6
12376	ok	0.0018	6
16030	ok	0.0089	10
11592	ok	0.0017	6
19503	ok	0.0089	10
16251	ok	0.0086	10
17354	ok	0.0289	10
18681	ok	0.0096	10
15139	ok	0.0090	10
16767	ok	0.0091	10
18644	ok	0.0030	10
12741	ok	0.0016	6
12931	ok	0.0045	6
15620	ok	0.0116	10
17969	ok	0.0093	10
19521	ok	0.0088	10
19785	ok	0.0107	10
16324	ok	0.0046	6
12905	ok	0.0058	1417
18933	ok	0.0090	10
18862	ok	0.0037	0
16823	ok	0.0083	10
16000	ok	0.0034	0
18983	ok	0.0092	10
19323	ok	0.0291	10
11453	ok	0.0015	1
12137	ok	0.0030	6
15916	ok	0.0075	10
16253	ok	0.0036	0
10182	ok	0.0157	10
15013	ok	0.0096	10
17261	ok	0.0156	10
11783	ok	0.0022	6
13246	ok	0.0021	6
15536	ok	0.0034	0
11234	ok	0.0020	6
17640	ok	0.0123	10
11755	ok	0.0021	6
12539	ok	0.0020	6
18300	ok	0.0094	10
10461	ok	0.0080	10
18311	ok	0.0042	10
18330	ok	0.0092	10
11731	ok	0.0020	6
13416	ok	0.0020	6
13875	ok	0.2600	246673
16102	ok	0.0094	10
10825	ok	0.0050	6
13711	ok	0.0022	6
14411	ok	0.0101	100
16359	ok	0.0034	0
14878	ok	0.0021	6
10488	ok	0.0021	6
15586	ok	0.0090	10
11329	ok	0.0112	10
12394	ok	0.0023	6
18202	ok	0.0050	6
10397	ok	0.0021	6
11634	ok	0.0020	4
14665	ok	0.0019	6
15343	ok	0.0035	0
12884	ok	0.0030	6
15089	ok	0.0097	10
12446	ok	0.0214	25200
12908	ok	0.0053	6
17195	ok	0.0037	0
10534	ok	0.0020	6
18479	ok	0.0069	10
19882	ok	0.0179	10
15108	ok	0.0124	10
19599	ok	0.0048	10
11607	ok	0.0020	30
11799	ok	0.0065	3232
15400	ok	0.0243	10
16421	ok	0.0095	10
16503	ok	0.0286	10
17192	ok	0.0099	10
17800	ok	0.0142	10
19443	ok	0.1308	143083
15103	ok	0.0269	10
10322	ok	0.0024	5
15837	ok	0.0067	10
18346	ok	0.0066	10
16085	ok	0.0218	10
11685	ok	0.0912	180788
13701	ok	0.0027	6
14333	ok	0.0055	6
16748	ok	0.0878	10
13012	ok	0.0023	6
12193	ok	0.0161	23852
18385	ok	0.0320	10
19329	ok	0.0037	0
12753	ok	0.0937	180788
10596	ok	0.0027	6
14203	ok	0.0031	4
11289	ok	0.0021	6
10588	ok	0.0054	6
11250	ok	0.0053	6
11457	ok	0.0023	27
14197	ok	0.0053	6
14514	ok	0.0075	3232
15222	ok	0.0269	10
18948	ok	0.0219	10
19883	ok	0.0525	100
11473	ok	0.0082	3232
14342	ok	0.0074	3232
11672	ok	0.0126	100
16317	ok	0.0282	100
13713	ok	0.0079	3232
10582	ok	0.0029	4
13628	ok	0.0026	6
17104	ok	0.0221	10
14091	ok	0.0030	4
19045	ok	0.0679	10
13323	ok	0.0138	19525
18297	ok	0.0167	21809
14740	ok	0.0406	75270
15640	ok	0.0215	10
10695	ok	0.0530	75270
17116	ok	0.0177	10
16100	ok	0.0170	10
18659	ok	0.0091	10
12457	ok	1.2296	243743
11216	ok	0.0103	10
14482	ok	0.0233	100
10922	ok	0.0486	100
17357	ok	0.0053	10
18898	ok	0.0011	1
18210	ok	0.0161	10
11239	ok	0.0075	6
17893	ok	0.0009	1
11911	ok	0.0045	6
10119	ok	0.0021	6
14915	ok	0.0056	6
12062	ok	0.0013	1
18750	ok	0.0154	10
12140	ok	0.0047	6
15356	ok	0.0091	10
12771	ok	0.0048	6
11039	ok	0.0047	6
14843	ok	0.0017	4
12318	ok	0.0047	6
12039	ok	0.0038	680
11662	ok	0.0019	1
10473	ok	0.0122	6
13618	ok	0.0051	6
12974	ok	0.0083	6
12837	ok	0.0021	4
15541	ok	0.0101	10
11932	ok	0.0013	4
11994	ok	0.0075	6
14332	ok	0.0032	199
11885	ok	0.0082	6
13502	ok	0.0027	6
14048	ok	0.0013	4
10268	ok	0.0011	23
10075	ok	0.0030	4
13058	ok	0.0025	6
14855	ok	0.0077	6
13092	ok	0.0082	6
16267	ok	0.0160	10
13935	ok	0.0014	4
12785	ok	0.0021	4
13342	ok	0.0142	2170
12934	ok	0.0015	4
13903	ok	0.0029	6
11619	ok	0.0067	100
18277	ok	0.0166	10
12170	ok	0.0057	6
12493	ok	0.0046	1771
14948	ok	0.0032	6
14720	ok	0.0106	8249
12179	ok	0.0066	6
10696	ok	0.0013	1
13737	ok	0.1245	136737
10232	ok	0.0058	2168
14817	ok	0.0098	6
14954	ok	0.0036	6
14220	ok	0.0550	28201
16078	ok	0.0264	10
17876	ok	0.0186	10
16034	ok	0.0189	10
19184	ok	0.0258	10
18004	ok	0.0160	10
16957	ok	0.0153	10
12553	ok	0.0070	192
15310	ok	0.0218	10
13453	ok	0.0011	1
16665	ok	0.0385	10
11884	ok	0.1036	267193
14852	ok	0.1010	267193
10459	ok	0.1046	267193
18645	ok	0.0215	10
16616	ok	0.0210	10
10801	ok	0.0208	10
18612	ok	0.0365	10
10571	ok	0.0727	267193
10133	ok	0.0216	100
15616	ok	0.0358	10
10131	ok	0.0207	100
11283	ok	0.0210	100
17350	ok	0.0230	10
12530	ok	0.1043	267193
19392	ok	0.0096	10
12426	ok	0.1023	267193
10035	ok	0.0210	100
12272	ok	0.0734	267193
13997	ok	0.1000	267193
15673	ok	0.0363	10
17405	ok	0.0660	101563
17316	ok	0.0219	10
16304	ok	0.0666	101563
17846	ok	0.0260	10
19602	ok	0.0093	10
10984	ok	0.0454	109952
16455	ok	0.0784	232154
13818	ok	0.1164	267193
16014	ok	0.0040	10
12409	ok	0.1224	267193
13438	ok	0.0141	6
15008	ok	0.0224	10
15073	ok	0.0228	10
17809	ok	0.0226	100
11529	ok	0.1114	267193
14865	ok	0.0231	10
17140	ok	0.0728	101563
13761	ok	0.1098	267193
14763	ok	0.0221	10
13446	ok	0.0223	10
12891	ok	0.1106	267193
15014	ok	0.0232	10
15551	ok	0.0231	10
15027	ok	0.0229	10
17445	ok	0.0172	10
13091	ok	0.0152	6
11541	ok	0.0241	100
10921	ok	0.0221	10
13553	ok	0.0120	6
10818	ok	0.0118	6
11773	ok	0.1125	267193
16628	ok	0.0214	10
12067	ok	0.0143	6
16510	ok	0.0150	10
15743	ok	0.0092	10
12987	ok	0.1128	267193
16071	ok	0.0041	10
15284	ok	0.0235	10
18045	ok	0.0071	10
13735	ok	0.1115	267193
12825	ok	0.0047	6
12397	ok	0.0021	6
12036	ok	0.0023	1
11999	ok	0.0223	100
13374	ok	0.0021	6
13860	ok	0.0069	6
13706	ok	0.0401	51409
15107	ok	0.0237	10
16864	ok	0.0231	10
19482	ok	0.0661	101563
10622	ok	1.5110	1601
13574	ok	0.0045	6
11478	ok	0.0069	6
10286	ok	0.3823	267193
10460	ok	0.0073	35
13029	ok	0.0308	6
13710	ok	0.0354	10
13719	ok	0.0123	6
13287	ok	0.0144	6
10975	ok	0.5102	246673
14535	ok	0.0036	6
14985	ok	0.0104	6
13692	ok	0.0543	10
11199	ok	0.0416	10
12517	ok	0.5448	10
9585	ok	1.0299	10
12949	ok	0.0535	10
12087	ok	0.0639	10
13846	ok	0.0570	10
12563	ok	0.0719	10
7587	ok	0.0040	10
4719	ok	0.0062	10
11057	ok	0.0121	100
13330	ok	0.0124	10080
14071	ok	0.0197	100
14362	ok	0.0145	100
12676	ok	0.0211	54
14505	ok	0.0304	54
11825	ok	0.0153	100
14639	ok	0.0102	8249
9163	ok	0.0052	0
8912	ok	0.0045	12
7095	ok	0.0069	10
11570	ok	0.0026	6
12297	ok	0.0619	100
11287	ok	0.0384	100
13085	ok	0.1459	10
14980	ok	0.7868	246673
10980	ok	0.0648	54
14668	ok	0.0681	100
13827	ok	0.0888	100
7171	ok	0.0046	10
12878	ok	0.0362	188
14426	ok	0.0809	100
13144	ok	0.0236	100
12645	ok	0.0811	100
14723	ok	0.0318	100
14780	ok	0.0381	16313
9093	ok	0.0046	90
14349	ok	0.0055	100
11499	ok	0.3098	267193
14554	ok	0.3246	267193
11469	ok	0.0066	6
14162	ok	0.0106	60
14525	ok	0.0450	100
12158	ok	0.0808	100
6625	ok	0.0118	9580
12048	ok	0.3435	267193
10746	ok	0.0096	6
6392	ok	0.1424	29
26873	ok	0.0874	80325
7237	ok	0.0051	22
7759	ok	0.0131	20
8808	ok	0.0135	10
10545	ok	0.0081	10
11121	ok	0.6134	267193
5871	ok	0.0904	0
11639	ok	0.0105	10
14758	ok	0.0273	1742
12293	ok	0.0386	100
13547	ok	0.0563	100
13403	ok	0.0684	10
12213	ok	0.0587	100
5989	ok	0.0219	10
8229	ok	0.0094	20
12691	ok	0.0135	6
8952	ok	0.0222	1
6959	ok	0.0195	787
6627	ok	0.0736	48964
12408	ok	0.0551	10
14924	ok	0.0391	10
14655	ok	0.0017	0
11084	ok	0.0362	100
29270	ok	0.0721	44984
12277	ok	0.0489	100
12224	ok	0.0563	10
13726	ok	0.0506	10
8376	ok	0.0129	36
5758	ok	0.0102	13
9571	ok	0.0034	10
9291	ok	0.0086	12
8853	ok	0.0057	0
5781	ok	0.0018	0
4027	ok	0.0124	0
13677	ok	0.4067	267193
5469	ok	0.0449	10
7311	ok	0.0085	121
11500	ok	0.0903	100
14451	ok	0.0093	100
5822	ok	0.0149	3620
12779	ok	0.6045	267193
5333	ok	0.0059	22
10871	ok	0.1048	100
7706	ok	0.0100	22
8203	ok	0.0143	10
8789	ok	0.0118	250
8669	ok	0.0095	12
26862	ok	0.0179	3026
9705	ok	0.0073	20
5006	ok	0.0044	12
5891	ok	0.0166	5377
7358	ok	0.0052	6
7647	ok	0.0330	50
5261	ok	0.0037	73
11085	ok	0.0203	36
6765	ok	0.0072	10
6109	ok	0.0083	50
9466	ok	6.5128	18780
8676	ok	0.0083	10
7934	ok	0.0169	3464
5356	ok	0.0135	10
6127	ok	0.0094	10
7740	ok	0.0096	3615
9441	ok	0.0145	0
6621	ok	0.0052	12
8584	ok	0.0105	10
10452	ok	0.0055	0
6969	ok	0.0118	137
27132	ok	0.0954	0
6659	ok	0.0276	10
28192	ok	0.0055	0
8660	ok	0.0097	0
25895	ok	0.0308	100
25518	ok	0.0090	10
8110	ok	0.0034	9
25021	ok	0.2162	80325
29079	ok	2.6232	0
2520	ok	0.0211	10
25446	ok	0.0213	0
28706	ok	5.8769	74
7784	ok	0.0123	0
19637	ok	6.9613	10
15835	ok	6.3703	10
16507	ok	6.6641	10
19034	ok	6.3277	10
15017	ok	6.8237	10
19692	ok	6.6780	10
15136	ok	6.4526	10
15838	ok	6.4594	10
16290	ok	6.3142	10
19002	ok	6.8317	10
19176	ok	6.5071	10
19100	ok	6.8463	10
12701	ok	0.1142	104437
27229	ok	0.0113	0
8309	ok	0.0130	920
27348	ok	0.0239	0
14558	ok	0.0290	10
14389	ok	0.0328	10
14345	ok	0.1140	65122
12800	ok	0.0163	61188
11847	ok	0.0551	10
13279	ok	0.0301	10
10804	ok	0.0681	10
10127	ok	0.0559	10
13510	ok	0.0495	10
10106	ok	0.0961	109
10184	ok	0.0203	10
11562	ok	0.0140	10
9023	ok	0.0083	36
28776	ok	4.5429	10
14347	ok	1.3572	267193
9016	ok	0.0676	10
14268	ok	0.0292	20
10492	ok	5.6019	100
10475	ok	0.0813	100
9507	ok	0.0049	12
12940	ok	1.4542	267193
11501	ok	0.0212	54
10593	ok	2.6155	102
28976	ok	0.0075	0
28106	ok	0.0483	22657
28390	ok	0.1755	10
9211	ok	0.0479	10
5936	ok	0.0233	0
8689	ok	0.0056	20
9511	ok	0.1581	282190
14117	ok	0.0997	10
9422	ok	0.0071	35
5949	ok	0.0096	27
6809	ok	0.0183	369
13482	ok	0.0418	10
13839	ok	0.0485	10
14822	ok	0.0228	16071
9109	ok	0.0258	10
13999	ok	0.0150	10
7151	ok	0.0127	36
12895	ok	0.0011	0
10004	ok	0.0189	10
8100	ok	0.0579	32197
6620	ok	0.0069	22
8214	ok	0.0220	10
6423	ok	0.0171	0
7485	ok	5.1921	10
9716	ok	0.0070	537
9437	ok	0.0090	45
6187	ok	0.0147	0
9787	ok	0.0232	50
26351	ok	0.0584	13846
5906	ok	0.0483	100
7454	ok	0.0217	10
29603	ok	1.9613	80330
8028	ok	5.3356	550
12267	ok	0.0745	10
10565	ok	0.0539	10
14428	ok	0.6622	267193
7306	ok	0.0113	0
2703	ok	0.0153	10
8770	ok	0.0038	10
9737	ok	0.0366	853
6907	ok	0.0863	54
12294	ok	0.1056	94
12254	ok	3.2751	100
8358	ok	0.0322	10
28369	ok	0.0312	1065
6033	ok	0.0440	10
6432	ok	0.0104	35
1971	ok	0.1109	10
5983	ok	0.0347	938
7937	ok	0.0033	0
25507	ok	0.0340	4891
8179	ok	0.0198	10
28962	ok	0.2253	412
5680	ok	0.0120	0
6339	ok	0.0163	12036
28150	ok	0.2169	10
26246	ok	0.2191	10
22599	ok	0.0126	20
9772	ok	0.0051	22
9370	ok	0.5826	10
6545	ok	0.0589	1187
12642	ok	1.2207	246673
8795	ok	0.1384	72605
6706	ok	0.0933	72605
25989	ok	0.3425	525
7664	ok	0.0402	100
28019	ok	1.4748	58941
6588	ok	0.0088	10
14622	ok	0.0285	10
29798	ok	0.1113	51409
29454	ok	0.2451	125697
26640	ok	0.1716	150914
7117	ok	0.0681	67561
14485	ok	0.1540	27
28124	ok	5.7257	945
30013	ok	0.0747	51442
8671	ok	0.0455	20
8948	ok	0.0124	4311
5792	ok	0.0043	0
28619	ok	0.0280	10
5561	ok	0.0441	10
25990	ok	0.3646	100
28916	ok	0.0735	452
27857	ok	0.0336	10
11076	ok	0.0512	10
12772	ok	0.0277	10
12147	ok	2.8096	10
11094	ok	0.0310	10
12449	ok	2.4579	10
14910	ok	0.0244	10
11674	ok	0.3493	267193
13545	ok	0.0232	10
14967	ok	0.0283	10
14508	ok	0.0261	10
13580	ok	0.0360	10
13842	ok	0.0274	10
14696	ok	0.0265	10
10650	ok	1.0100	10
11549	ok	0.0388	10
11752	ok	0.0459	10
10044	ok	0.0378	10
13715	ok	7.0585	10
12944	ok	0.0352	10
12065	ok	0.0352	10
11859	ok	0.0340	8249
13318	ok	0.0305	10
10677	ok	0.0314	10
13084	ok	0.0405	10
12708	ok	0.0410	10
14710	ok	0.0320	10
14314	ok	0.0517	19
10383	ok	0.0402	10
14115	ok	0.0449	10
13429	ok	0.0411	10
7771	ok	0.0163	70
11838	ok	0.0461	10
12319	ok	0.2604	267193
10474	ok	0.0435	10
13364	ok	0.0434	10
14255	ok	0.0434	10
10241	ok	0.0358	10
12204	ok	0.0362	10
10163	ok	0.0455	10
10831	ok	0.0447	10
12400	ok	0.0370	10
13806	ok	0.0395	10
14111	ok	0.0591	10
10152	ok	0.0474	10
12093	ok	0.0481	10
14626	ok	0.3684	246673
2354	ok	0.0309	10
2355	ok	0.0147	24
8000	ok	0.0081	10
1375	ok	0.0145	47
33753	ok	0.1958	10
3804	ok	0.0153	0
10210	ok	0.0083	6
10790	ok	0.0285	100
11087	ok	0.0032	6
11753	ok	0.1577	267193
15151	ok	0.0352	10
15304	ok	0.0319	10
15370	ok	0.0309	10
15669	ok	0.0488	10
15678	ok	0.0315	10
16079	ok	0.0373	10
19189	ok	0.0354	10
19422	ok	0.0350	10
10253	ok	0.0214	6
11659	ok	0.1495	267193
11881	ok	0.0128	6
12051	ok	0.1708	267193
13367	ok	0.1475	267193
13971	ok	0.0087	6
14632	ok	0.1471	267193
14804	ok	0.1538	267193
15793	ok	0.0044	10
16549	ok	0.0771	101563
16584	ok	0.0405	10
18677	ok	0.0264	10
10656	ok	0.0030	6
11261	ok	0.0261	10
11317	ok	0.0370	10
11321	ok	0.0419	100
12476	ok	0.0166	2
13002	ok	0.0031	6
14012	ok	0.1794	267193
15529	ok	0.0296	10
15531	ok	0.0240	10
15577	ok	0.0269	10
15898	ok	0.0297	10
18978	ok	0.0842	104437
11129	ok	0.0089	6
12428	ok	0.0251	6
12576	ok	0.1579	267193
14591	ok	0.0032	6
15332	ok	0.0270	10
15811	ok	0.0417	10
16259	ok	0.0878	101563
16759	ok	0.0268	10
17150	ok	0.0257	10
17276	ok	0.0407	10
17517	ok	0.0240	10
18573	ok	0.0266	10
10029	ok	0.0089	6
12050	ok	0.1687	267193
13598	ok	0.1578	267193
15001	ok	0.0256	10
15095	ok	0.0255	10
15182	ok	0.0255	10
15399	ok	0.0249	10
15443	ok	0.0256	10
16407	ok	0.0759	101563
17919	ok	0.0391	10
18184	ok	0.0238	10
5531	ok	0.0382	10
5603	ok	0.0107	217
7289	ok	0.0593	50
10616	ok	0.1727	65122
11125	ok	0.2369	243612
11554	ok	0.1070	100
11576	ok	0.0043	0
11653	ok	0.1883	100
12038	ok	0.0071	6
13456	ok	0.0018	4
19122	ok	0.0213	10
12497	ok	0.0086	6
14154	ok	0.1504	267193
15097	ok	0.0265	10
15237	ok	0.0275	10
15253	ok	0.0254	10
15729	ok	0.0185	10
15877	ok	0.0266	100
16578	ok	0.0278	10
16955	ok	0.0278	10
17505	ok	0.0875	101563
17589	ok	0.0425	10
18283	ok	0.0273	10
11650	ok	0.0504	10
13418	ok	0.1761	267193
14731	ok	0.1545	267193
15127	ok	0.0230	10
15547	ok	0.0256	10
15596	ok	0.0256	10
16479	ok	0.0256	10
16691	ok	0.0414	10
17365	ok	0.0257	10
18316	ok	0.0264	10
18714	ok	0.0768	10
19081	ok	0.0075	6530
11542	ok	0.0395	6
15154	ok	0.0296	10
15161	ok	0.0275	10
15670	ok	0.0274	10
15939	ok	0.0268	10
16084	ok	0.0266	10
16686	ok	0.0269	10
17741	ok	0.0269	100
18254	ok	0.0449	10
18266	ok	0.0473	10
19286	ok	0.0484	10
19752	ok	0.0452	10
10002	timeout	60.0392	-1
10011	ok	0.5195	190502
10033	ok	0.4389	100
10036	ok	0.1389	267193
10046	ok	48.9818	60
10066	ok	0.0315	8
10079	ok	8.7190	267193
10082	ok	0.0250	100
10089	ok	0.0170	0
10206	ok	0.2320	17
2020	ok	0.0662	44
20479	ok	0.0964	36607
21293	ok	0.0502	50
22123	ok	0.0629	100
22247	ok	0.1030	50
22681	ok	0.7535	20
25191	ok	1.1886	10
15145	ok	0.0130	10
15241	ok	0.0119	10
15367	ok	0.0113	10
15533	ok	0.0127	10
15540	ok	0.0119	10
15581	ok	0.0124	10
16663	ok	0.0129	10
16881	ok	0.0131	10
17058	ok	0.0124	10
18106	ok	0.0116	10
18884	ok	0.0115	10
19115	ok	0.0116	10
19336	ok	0.0115	10
15011	ok	0.0113	10
15024	ok	0.0114	10
15069	ok	0.0110	10
15175	ok	0.0106	10
15347	ok	0.0110	10
15504	ok	0.0110	10
15535	ok	0.0107	10
15649	ok	0.0111	10
15696	ok	0.0118	10
15704	ok	0.0120	10
15724	ok	0.0114	10
15816	ok	0.0107	10
16070	ok	0.0106	10
16131	ok	0.0106	10
16214	ok	0.0106	10
16395	ok	0.0389	10
16642	ok	0.0110	10
17174	ok	0.0107	10
17203	ok	0.0107	10
17223	ok	0.0106	10
17815	ok	0.0106	10
18218	ok	0.0106	10
18235	ok	0.0107	10
18730	ok	0.0106	10
18737	ok	0.0106	10
19371	ok	0.0106	10
19836	ok	0.0106	10
15035	ok	0.0109	10
15046	ok	0.0109	10
15074	ok	0.0107	10
15102	ok	0.0107	10
15141	ok	0.0111	10
15193	ok	0.0116	10
15215	ok	0.0116	10
15238	ok	0.0116	10
15285	ok	0.0118	10
15288	ok	0.0116	10
15311	ok	0.0112	10
15340	ok	0.0109	10
15349	ok	0.0112	10
15389	ok	0.0116	10
15418	ok	0.0112	10
15527	ok	0.0111	10
15556	ok	0.0116	10
15617	ok	0.0115	10
15627	ok	0.0112	10
15646	ok	0.0110	10
15675	ok	0.0116	10
15711	ok	0.0117	10
15775	ok	0.0114	10
15872	ok	0.0115	10
15878	ok	0.0108	10
15879	ok	0.0110	10
15881	ok	0.0113	10
15928	ok	0.0113	10
15964	ok	0.0119	10
15965	ok	0.0115	10
16158	ok	0.0110	10
16213	ok	0.0111	10
16232	ok	0.0118	10
16275	ok	0.0119	10
16316	ok	0.0125	10
16321	ok	0.0138	10
16347	ok	0.0129	10
16461	ok	0.0128	10
16488	ok	0.0122	10
16557	ok	0.0120	10
16648	ok	0.0118	10
16661	ok	0.0124	10
16745	ok	0.0339	10
16808	ok	0.0120	10
16817	ok	0.0121	10
16866	ok	0.0122	10
16895	ok	0.0116	10
16962	ok	0.0120	10
17249	ok	0.0116	10
17356	ok	0.0116	10
17577	ok	0.0112	10
17677	ok	0.0108	10
17796	ok	0.0109	10
17803	ok	0.0109	10
17816	ok	0.0109	10
17835	ok	0.0108	10
17887	ok	0.0108	10
18001	ok	0.0108	10
18048	ok	0.0114	10
18319	ok	0.0109	10
18363	ok	0.0109	10
18494	ok	0.0109	10
18531	ok	0.0107	10
18754	ok	0.0109	10
18825	ok	0.0107	10
19109	ok	0.0109	10
19357	ok	0.0106	10
19591	ok	0.0105	10
19615	ok	0.0105	10
19712	ok	0.0109	10
19715	ok	0.0107	10
19845	ok	0.0110	10
19942	ok	0.0105	10
15033	ok	0.0111	10
15049	ok	0.0109	10
15054	ok	0.0115	10
15055	ok	0.0114	10
15075	ok	0.0120	10
15088	ok	0.0134	10
15124	ok	0.0136	10
15157	ok	0.0130	10
15184	ok	0.0129	10
15190	ok	0.0123	10
15197	ok	0.0127	10
15223	ok	0.0125	10
15245	ok	0.0121	10
15264	ok	0.0120	10
15265	ok	0.0121	10
15279	ok	0.0120	10
15283	ok	0.0117	10
15329	ok	0.0117	10
15358	ok	0.0113	10
15359	ok	0.0109	10
15376	ok	0.0115	10
15378	ok	0.0116	10
15383	ok	0.0115	10
15393	ok	0.0114	10
15489	ok	0.0115	10
15490	ok	0.0117	10
15513	ok	0.0114	10
15580	ok	0.0109	10
15583	ok	0.0113	10
15621	ok	0.0117	10
15632	ok	0.0104	10
15635	ok	0.0111	10
15636	ok	0.0113	10
15741	ok	0.0119	10
15762	ok	0.0108	10
15763	ok	0.0108	10
15821	ok	0.0112	10
15824	ok	0.0112	10
15828	ok	0.0109	10
15839	ok	0.0117	10
15841	ok	0.0110	10
15902	ok	0.0112	10
15922	ok	0.0121	10
15959	ok	0.0125	10
15978	ok	0.0128	10
16111	ok	0.0126	10
16150	ok	0.0125	10
16170	ok	0.0121	10
16254	ok	0.0121	10
16266	ok	0.0126	10
16351	ok	0.0123	10
16360	ok	0.0130	10
16388	ok	0.0131	10
16495	ok	0.0128	10
16509	ok	0.0122	10
16547	ok	0.0121	10
16605	ok	0.0128	10
16702	ok	0.0128	10
16713	ok	0.0116	10
16749	ok	0.0112	10
16915	ok	0.0122	10
16947	ok	0.0121	10
16949	ok	0.0121	10
17031	ok	0.0114	10
17073	ok	0.0120	10
17227	ok	0.0112	10
17320	ok	0.0109	10
17328	ok	0.0109	10
17420	ok	0.0118	10
17532	ok	0.0122	10
17553	ok	0.0129	10
17682	ok	0.0122	10
17730	ok	0.0125	10
17783	ok	0.0124	10
17892	ok	0.0122	10
18095	ok	0.0118	10
18110	ok	0.0120	10
18119	ok	0.0117	10
18145	ok	0.0112	10
18227	ok	0.0122	10
18272	ok	0.0116	10
18279	ok	0.0121	10
18317	ok	0.0119	10
18392	ok	0.0129	10
18507	ok	0.0123	10
18574	ok	0.0116	10
18583	ok	0.0111	10
18628	ok	0.0111	10
18678	ok	0.0115	10
18695	ok	0.0116	10
18698	ok	0.0119	10
18951	ok	0.0131	10
19037	ok	0.0121	10
19084	ok	0.0119	10
19226	ok	0.0125	10
19504	ok	0.0122	10
19642	ok	0.0115	10
19663	ok	0.0114	10
19809	ok	0.0116	10
19866	ok	0.0113	10
30203	ok	0.0272	50
3491	ok	0.1411	537
371	ok	0.0152	0
1317	ok	0.0895	10
21365	ok	1.1053	10
20866	ok	0.0844	0
24867	ok	0.0167	3
1240	ok	0.2224	50
32303	ok	1.8242	10
34803	ok	0.0526	119
21879	ok	0.0193	11
21447	ok	0.4210	50
21992	ok	0.0243	0
25711	ok	0.0023	0
31705	ok	0.0222	100
695	ok	6.9211	0
24190	ok	5.2646	5
23804	ok	5.8538	2817
90	ok	0.0940	0
8479	ok	0.0822	10
4983	ok	0.0254	50
30377	ok	0.0183	10
2359	ok	0.0277	4095
4180	ok	0.0295	100
20904	ok	0.0114	3
1535	ok	1.2554	0
2942	ok	0.1067	10
32025	ok	0.0137	10
57	ok	0.1240	0
33291	ok	0.0278	88
23435	ok	0.0121	2
21696	ok	0.0101	0
34713	ok	0.0236	100
32256	ok	0.0189	21
24531	ok	0.0213	853
23537	ok	0.1528	20
7991	ok	0.0689	10
21916	ok	0.0161	0
21189	ok	0.0116	4
34030	ok	0.0304	7
21857	ok	0.0547	0
3132	ok	0.1231	4425
21716	ok	0.0514	50
3818	ok	7.8729	0
23600	ok	5.7036	0
2749	ok	0.0291	15
21310	ok	0.0285	50
31631	ok	0.0513	853
32675	ok	0.1380	10
2288	ok	0.0541	100
2337	ok	0.0301	8520
1084	ok	0.0165	100
22397	ok	0.0262	10
4517	ok	0.9162	50
24781	ok	1.3035	2
31209	ok	0.0221	2
4001	ok	0.1434	157124
23201	ok	0.0560	3624
22885	ok	0.0210	5
30424	ok	0.0493	100
24446	ok	0.0908	50
6159	ok	5.6028	0
20737	ok	0.0116	25
32708	ok	5.7342	37
1657	ok	0.0902	10
30807	ok	3.1983	0
30857	ok	0.1746	10
1125	ok	0.5426	267193
32415	ok	2.9504	0
33225	ok	0.0230	60
305	ok	0.0371	0
32785	ok	0.0248	10
4516	ok	0.3752	249777
21305	ok	3.0974	1834743
21187	ok	0.0270	0
24601	ok	0.0108	50
22642	ok	0.1484	25637
515	ok	0.6131	10
20609	ok	0.0111	0
1854	ok	0.0285	369
24500	ok	0.4501	23
8674	ok	0.5497	267193
23012	ok	0.0744	7
21268	ok	0.0307	12
23368	ok	0.1183	0
11	ok	0.0922	100
175	ok	0.0679	10
22963	ok	0.1394	0
21910	ok	0.0095	10
5616	ok	0.0495	3615
23394	ok	5.3933	0
24362	ok	0.0375	10
31480	ok	0.0262	100
20120	ok	0.0204	20
30915	ok	0.0498	10
3839	ok	0.0212	100
30911	ok	0.0379	0
1986	ok	5.4460	123200
21467	ok	0.0139	0
34118	ok	12.2714	50
4593	ok	0.2192	10
317	ok	0.1043	0
22840	ok	0.0165	0
30061	ok	0.0921	10
522	ok	0.0853	28895
31680	ok	0.0342	39
20493	ok	0.4877	10
3121	ok	0.0457	12
33306	ok	1.2078	35639
32655	ok	0.0309	50
34736	ok	0.0099	8
20026	ok	0.0367	0
22496	ok	0.2627	64927
3462	ok	0.0108	20
23062	ok	0.0082	10
33707	ok	0.1118	10
22774	ok	0.0172	20
31772	ok	0.1343	10
23639	ok	3.5344	100
21827	ok	0.1750	79826
30509	ok	0.0128	0
302	ok	0.0115	2058
23456	ok	0.0195	34
20757	ok	0.0098	100
20653	ok	0.0421	100
23451	ok	0.0661	10
28524	ok	0.0887	10
30261	ok	0.0311	100
20911	ok	0.0640	0
31432	ok	0.0735	2951
24897	ok	0.0453	10
2575	ok	0.0527	784
3436	ok	0.2742	100
20889	ok	0.0115	1
20680	ok	0.5256	100
30454	ok	0.1018	0
31374	ok	0.1542	29
22467	ok	0.1057	3
3730	ok	4.1545	19642
621	ok	0.0961	5500
23216	ok	0.0667	6594
33983	ok	0.0850	10
33605	ok	0.0130	0
22735	ok	0.0325	20
23317	ok	0.0944	63796
20959	ok	0.2837	267193
22494	ok	0.0856	9785
21267	ok	0.0131	10
20152	ok	0.2150	9
21870	ok	0.0777	1424
1309	ok	0.0424	100
24866	ok	4.9396	100
26135	ok	0.0584	5456
24864	ok	0.0190	10
32949	ok	0.0206	10
9883	ok	0.1704	10
1717	ok	0.0254	50
4465	ok	0.0355	0
34541	ok	0.0239	853
23468	ok	0.0483	2751
22616	ok	0.1653	10
1957	ok	0.0364	16
23839	ok	0.0107	20
29927	ok	0.0112	10
1368	ok	0.0468	5423
23762	ok	0.0857	172
22454	ok	0.0295	5
22160	ok	0.0172	10
1401	ok	0.0204	10
23763	ok	0.0790	102
23846	ok	0.4016	0
21011	ok	0.0273	10
31917	ok	0.1155	2751
22541	ok	9.8579	50
33533	ok	0.9238	651220
23754	ok	0.0339	10
20489	ok	0.0851	21220
22412	ok	0.0349	10
34283	ok	0.1461	38015
248	ok	0.2790	240507
21542	ok	0.0290	5
30518	ok	0.0397	3096
22822	ok	0.0669	0
23860	ok	0.0112	0
23928	ok	0.0097	10
24253	ok	0.0353	92
20298	ok	0.0331	133
22334	ok	0.0180	0
23122	ok	1.1082	50
23834	ok	0.0603	50
4634	ok	0.0307	0
33172	ok	0.3393	14138
23107	ok	0.1032	51410
33771	ok	0.0097	0
22168	ok	0.0144	10
1080	ok	0.1104	0
22465	ok	0.1064	10
20861	ok	0.0228	0
24816	ok	5.7703	9352
21859	ok	0.0188	10
24372	ok	0.7134	493
20220	ok	0.1309	25
20227	ok	0.0431	601
24373	ok	0.0181	105
600	ok	0.4323	267193
34625	ok	0.0312	1794
24734	ok	0.0339	1
23523	ok	0.0286	10
2123	ok	0.4214	50
21566	ok	1.0914	100
26401	ok	0.8405	167787
20686	ok	4.8252	19
22868	ok	0.1315	0
21519	ok	0.0133	100
34845	ok	1.0056	651220
22149	ok	0.0648	10
24000	ok	0.0395	100
23124	ok	0.0803	50
148	ok	0.2348	60852
31926	ok	6.2259	50
33077	ok	0.1400	154073
22783	ok	0.0239	100
24104	ok	0.0070	3
23835	ok	0.0895	0
20603	ok	0.0097	0
33358	ok	0.6046	267193
20768	ok	0.0299	0
22865	ok	0.0059	1
22769	ok	0.1045	0
24920	ok	0.1723	66639
22321	ok	0.0220	50
20402	ok	0.0195	12
23052	ok	4.8337	0
30079	ok	0.0595	0
32412	ok	0.4079	0
21526	ok	0.0511	0
21899	ok	0.0209	50
24456	ok	1.9718	651220
22193	ok	0.0292	100
24215	ok	0.0262	0
22199	ok	0.0652	25848
22747	ok	4.2873	10
23666	ok	0.0195	1245
22945	ok	8.0797	100
23733	ok	0.3111	10
24187	ok	0.0245	370
32792	ok	0.1504	30
22725	ok	2.8943	100
21525	ok	0.0102	48
21162	ok	0.1244	137
33170	ok	0.1115	50
23988	ok	0.0397	100
24002	ok	0.0147	173
24168	ok	0.0302	10
22870	ok	0.0221	100
23976	ok	0.0166	13
23436	ok	0.0623	10
24657	ok	0.1230	19114
24918	ok	5.5106	39
22872	ok	0.1297	23
21328	ok	0.0287	287
24848	ok	1.7368	50
23167	ok	0.0397	5417
20656	ok	0.3462	7
22411	ok	0.4638	154017
24609	ok	0.4946	10
12954	ok	0.0311	100
5054	ok	0.0312	100
8483	ok	0.0022	0
28100	ok	0.0495	10
25467	ok	0.0090	169
28667	ok	0.0083	293
26960	ok	7.1138	0
4270	ok	0.0322	10
29793	ok	0.0234	10
7561	ok	0.0333	10
8019	ok	0.0122	0
3159	ok	0.0981	0
7788	ok	0.2881	10
29831	ok	0.0072	0
26544	ok	0.0304	2105
2461	ok	0.0247	4325
26654	ok	2.6230	100
27930	ok	0.0330	10
487	ok	0.2672	2751
2774	ok	0.0272	853
1066	ok	0.0946	0
3940	ok	0.0266	10
23779	ok	0.9214	3
574	ok	0.0095	0
7412	ok	0.1663	3
29222	ok	0.0579	4844
3152	ok	0.0091	20
27292	ok	0.1170	10
4492	ok	0.0101	50
26537	ok	5.4200	3696
28296	ok	0.0094	0
3837	ok	0.0715	0
193	ok	0.0242	1240
2733	ok	0.0119	10
2188	ok	0.1091	92
602	ok	0.0117	10
5059	ok	0.0147	10
21405	ok	0.0881	50
6645	ok	0.0943	0
28041	ok	0.1179	7692
2924	ok	0.0553	0
2222	ok	0.0221	11
9522	ok	0.0152	0
23099	ok	0.0199	50
21168	ok	0.0281	0
1140	ok	0.0705	392
2373	ok	0.0415	0
4187	ok	1.9021	10
823	ok	1.1565	27
3438	ok	1.7332	0
2245	ok	0.1025	4425
555	ok	0.0136	1056
7546	ok	0.0486	10
981	ok	0.0280	5
6058	ok	0.6430	100
26450	ok	0.3291	0
25444	ok	7.3913	100
2722	ok	23.5455	0
849	ok	0.2492	0
22513	ok	0.1520	100
21473	ok	0.2759	50
6156	ok	4.4384	0
1776	ok	0.0603	0
2975	ok	2.7973	850
3721	ok	0.0643	0
21902	ok	0.2149	18
3568	ok	0.3393	111645
330	ok	0.1623	44
297	ok	0.0333	1313
29540	ok	0.2069	20
27809	ok	0.0942	20
28965	ok	0.1107	0
31269	ok	0.0902	100
3778	ok	0.0488	80
21032	ok	0.0681	10
137	ok	0.0519	13
20897	ok	0.0854	88
1405	ok	0.0662	10
25903	ok	0.0441	0
1843	ok	0.3627	10
3855	ok	0.0583	0
22789	ok	0.0492	0
2997	ok	0.0545	2688
4451	ok	9.4062	2624
23826	ok	1.7692	8249
2592	ok	0.1473	50
27864	ok	0.1499	50
2272	ok	0.0797	421
3351	ok	0.3461	109952
24878	ok	0.1849	44446
20633	ok	0.1728	667
26268	ok	0.1430	3861
1447	ok	0.0345	25
3042	ok	0.0171	119
1945	ok	0.0944	50
23220	ok	10.2216	10
3966	ok	0.1131	5
6333	ok	0.0312	27
23466	ok	0.0327	50
6879	ok	1.2717	0
21947	ok	0.1895	2
3656	ok	0.1604	620
31484	ok	0.0669	100
3784	ok	0.0422	0
24647	ok	0.0560	10
4662	ok	1.6662	1044370
31171	ok	8.6223	9704
30128	ok	0.0444	2384
31091	ok	0.4212	151121
4709	ok	0.0902	10
5116	ok	2.3391	42
24522	ok	0.0764	20
24013	ok	0.0732	10
30187	ok	0.6008	10
24223	ok	0.0133	0
4147	ok	0.0272	100
24209	ok	0.1019	3703
22130	ok	0.0368	10931
30155	ok	1.2989	50
21627	ok	0.0588	12
22419	ok	0.0999	3439
20303	ok	0.6896	31
4974	ok	0.0480	2
20867	ok	0.0695	4729
4937	ok	0.1090	5370
20034	ok	0.0267	0
21609	ok	0.0594	731
33187	ok	0.0311	10
63	ok	0.1221	0
22793	ok	0.0135	10
23440	ok	0.0224	1751
1090	ok	0.1322	2
4406	ok	1.0027	10
30052	ok	0.1339	112181
24072	ok	0.0642	10
20834	ok	0.0814	100
24062	ok	0.0432	17
22310	ok	0.0602	10
24792	ok	0.0229	4
7966	ok	0.0186	56
24219	ok	0.1266	10
32493	ok	0.1163	0
24555	ok	1.3108	9
920	ok	0.1506	1
1512	ok	0.0875	100
23823	ok	12.7158	50
21441	ok	0.1090	10
3608	ok	0.3361	191297
22389	ok	2.5295	2466730
24801	ok	0.0135	100
3447	ok	0.5649	10
20590	ok	0.0182	100
22348	ok	0.0843	10
4941	ok	0.1071	50
22664	ok	0.1249	82
20277	ok	0.0234	0
20471	ok	0.5095	267193
4454	ok	0.0168	204
5946	ok	0.0624	627
30174	ok	0.0347	0
5385	ok	3.2399	102
24664	ok	0.0559	64
22804	ok	0.0245	2940
23847	ok	0.0763	10
25196	ok	0.9934	11
20733	ok	2.3939	10
24635	ok	0.0240	0
22180	ok	2.9918	2137554
21633	ok	0.0636	3620
21849	ok	5.2719	10
21499	ok	0.0525	10
23449	ok	0.0183	20
22403	ok	6.5728	10
20102	ok	0.0730	10
22400	ok	0.0487	10
1963	ok	0.0266	26
33821	ok	1.0421	10
21518	ok	0.0346	0
23689	ok	0.1680	1000
24793	ok	10.2195	0
23776	ok	0.0165	64
3136	ok	0.1345	10
21817	ok	0.0685	15
20696	ok	0.0502	10
21561	ok	0.0907	0
2788	ok	0.1901	33
23397	ok	0.0421	0
20335	ok	0.0758	0
22588	ok	2.0487	100
23755	ok	0.0718	1
23203	ok	0.3621	271833
20691	ok	0.0297	3499
2509	ok	0.0200	10
23808	ok	0.2369	10
20667	ok	0.0811	100
21109	ok	4.0176	0
24164	ok	0.1956	4425
23586	ok	0.0400	100
30662	ok	0.0898	100
21299	ok	0.4655	5
20027	ok	0.9604	208
22517	ok	0.0366	1953
22640	ok	0.0352	10
21062	ok	1.1318	13
23059	ok	0.0057	0
33465	ok	0.1439	4425
20135	ok	4.1063	317
32149	ok	6.3792	176532
21894	ok	0.4014	2
23897	ok	4.7425	2
23169	ok	0.1002	6859
24713	ok	0.1416	10
25882	ok	0.1964	24
4346	ok	0.0150	274
5962	ok	0.0246	10
29104	ok	0.1617	23
5051	ok	0.0246	59
26499	ok	5.1201	756
8715	ok	0.0390	10
1043	ok	0.0260	50
29664	ok	0.0111	535
26831	ok	0.0229	10
3202	ok	0.0407	100
891	ok	0.0401	10
26209	ok	0.1790	36
4776	ok	0.0107	4
28069	ok	0.0252	10
6348	ok	0.0615	30
3868	ok	0.0382	0
9490	ok	0.0333	0
25460	ok	0.0442	14284
2882	ok	0.0410	10
34356	ok	0.0659	50
1933	ok	0.1356	45921
9908	ok	0.0929	10
8204	ok	0.0672	10
5691	ok	0.0166	49
6451	ok	0.0271	408
29705	ok	0.1629	6729
28394	ok	5.9381	59164
29302	ok	1.7962	267193
4306	ok	0.0551	39
26374	ok	0.0277	5
617	ok	0.0409	10
29365	ok	1.2885	215060
29909	ok	0.3934	10
33944	ok	1.6485	10
8655	ok	0.0359	50
33474	ok	0.0368	100
3208	ok	0.2164	68180
25617	ok	0.2368	4651
30746	ok	15.5695	75
30531	ok	5.5450	0
26835	ok	5.7297	0
33801	ok	0.0356	0
6529	ok	0.0402	100
20434	ok	0.0585	5
28201	ok	0.5314	10
1803	ok	0.0489	163
27631	ok	7.1679	44496
30695	ok	6.1442	0
4440	ok	0.3707	202071
28773	ok	0.1101	10
34933	ok	0.1881	39641
2238	ok	0.0524	13
23632	ok	0.0849	20316
30141	ok	0.1263	772
25963	ok	0.0763	0
34669	ok	0.0175	0
26124	ok	0.0183	0
1882	ok	0.0847	109952
30204	ok	0.0124	10
30512	ok	0.0454	50
31568	ok	0.0327	100
33789	ok	0.0296	0
24283	ok	0.0360	10
2784	ok	0.0600	100
23338	ok	0.0219	100
3949	ok	0.0135	20
20560	ok	0.0931	11
23137	ok	0.0276	5
23940	ok	0.0587	100
23040	ok	0.1070	0
33590	ok	0.1985	25146
24577	ok	0.0717	0
32948	ok	0.0102	10
21366	ok	0.1160	0
3898	ok	0.0652	3
29808	ok	5.9598	10
5609	ok	0.0281	521
27790	ok	0.0793	960
7442	ok	0.0145	0
33285	ok	0.0454	0
1136	ok	0.0477	10
29234	ok	0.4342	10
27075	ok	0.0519	10
435	ok	0.0265	0
4249	ok	0.0211	10
29817	ok	5.8997	1186
26922	ok	0.0732	1233
3041	ok	0.0779	10
6817	ok	0.0208	36
9533	ok	5.8513	22
2088	ok	0.0148	39
8815	ok	0.0215	18
25154	ok	0.2910	0
28425	ok	7.0759	1433
373	ok	0.0168	10
20495	ok	0.0496	50
3133	ok	0.0295	3439
1105	ok	0.0110	27
3065	ok	0.0681	10
3302	ok	5.3176	10
2283	ok	0.0272	10
1458	ok	0.0079	0
3481	ok	0.0134	12
570	ok	0.2686	150841
7058	ok	0.0267	10
27917	ok	3.0212	3027973
8595	ok	0.0081	118
28975	ok	0.0534	10
3377	ok	0.0102	0
3918	ok	0.0185	50
27036	ok	0.0691	10
9630	ok	0.0234	106
1250	ok	0.0112	59
28110	ok	0.1537	121236
28238	ok	0.0940	10
5373	ok	0.1100	23
1540	ok	0.0249	10
4075	ok	0.1015	0
8263	ok	0.0301	0
6920	ok	0.6702	514090
1780	ok	0.2930	178195
25063	ok	0.1516	10
33167	ok	0.2835	2
20286	ok	0.0331	82
3009	ok	0.0579	4
3661	ok	0.0111	9
21135	ok	0.1262	20
34549	ok	0.4470	72542
9758	ok	0.0144	12
2118	ok	0.0093	50
121	ok	0.1460	0
7576	ok	1.1164	0
29536	ok	0.3781	10
33976	ok	0.0247	0
28650	ok	0.1062	0
20379	ok	0.4631	5
25857	ok	0.0532	10
20396	ok	0.0123	10
2163	ok	0.0422	10
2002	ok	0.0166	0
20630	ok	0.0510	0
3387	ok	0.0309	50
4490	ok	0.6324	154
2137	ok	0.1273	100
2174	ok	0.0645	0
24594	ok	0.0894	0
28949	ok	0.0168	62
3672	ok	0.0082	10
2024	ok	0.0195	10
23077	ok	0.0649	0
29378	ok	0.0602	132
29583	ok	0.0102	0
24009	ok	0.1454	0
26111	ok	0.4556	26159
6726	ok	0.0960	0
25439	ok	0.1020	10
26202	ok	0.0296	50
32702	ok	0.0140	0
26678	ok	0.0693	267
34051	ok	0.0651	0
30078	ok	0.0148	20
33053	ok	0.0250	0
24850	ok	0.0128	10
24981	ok	0.0193	0
938	ok	0.0328	10
33974	ok	0.0522	0
26105	ok	0.0286	6330
20100	ok	0.0211	10
33204	ok	0.1847	23
24704	ok	0.0978	7
24165	ok	0.0493	1
3858	ok	0.0213	0
27689	ok	1.8948	10
20913	ok	0.0096	0
28279	ok	0.0097	0
23079	ok	0.0339	0
24067	ok	0.0320	20
34629	ok	0.0366	10
20538	ok	0.1490	100
26632	ok	0.2746	104437
22770	ok	0.1145	11
4028	ok	0.0851	10
3240	ok	0.0452	10
33785	ok	0.0425	0
20128	ok	0.0294	10
30308	ok	0.0461	100
21718	ok	0.2797	0
25050	ok	0.0025	0
34314	ok	0.0282	287
3722	ok	0.0144	2
26870	ok	4.7782	267
22021	ok	0.0125	0
21116	ok	0.0128	10
1222	ok	2.6862	10
21004	ok	0.0578	10
24054	ok	0.0128	0
3769	ok	0.0397	10
3242	ok	0.0879	2722
20256	ok	0.1007	50
26014	ok	0.0554	50
25000	ok	0.0298	1
27667	ok	0.0235	267
32480	ok	0.0621	59
21470	ok	0.0424	853
31981	ok	0.0361	0
2951	ok	0.0539	0
23429	ok	0.0323	10
28157	ok	0.3035	10
32846	ok	0.0605	0
30947	ok	0.0360	0
32482	ok	0.3973	1
24381	ok	0.1089	5
32224	ok	0.4252	874
20758	ok	0.1203	0
28038	ok	0.0478	0
1702	ok	0.3361	20137
30299	ok	0.1188	100
27474	ok	0.6246	78894
33063	ok	0.3598	10
28101	ok	0.0218	0
2298	ok	0.0134	5
30679	ok	0.0187	421
32522	ok	0.0451	679
8118	ok	0.1817	100
21045	ok	0.0232	4
21565	ok	0.0164	10
29566	ok	1.2748	40
20809	ok	0.0896	100
3348	ok	0.2412	10
22862	ok	0.0510	7
32181	ok	0.0402	0
24057	ok	0.0180	0
21981	ok	0.0411	50
21999	ok	0.0255	0
22810	ok	0.0326	10
21649	ok	0.0123	63
29335	ok	0.0313	12360
6292	ok	0.0230	10
9925	ok	0.0034	0
9476	ok	0.0282	10
2863	ok	0.0446	10
27731	ok	0.0936	0
29581	ok	0.0223	260
7811	ok	0.2158	50
4999	ok	0.0581	0
22222	ok	0.0421	10
1625	ok	0.0287	10
21867	ok	0.0314	0
2827	ok	0.0141	50
25526	ok	0.3310	4610
4718	ok	0.4550	267193
9285	ok	0.1668	155
5514	ok	0.0178	3615
4114	ok	0.0111	5
1997	ok	0.0183	421
22019	ok	0.0368	36
2236	ok	0.0213	10
1596	ok	0.0281	100
33391	ok	0.0107	0
21549	ok	0.0356	0
22890	ok	0.1952	109960
25706	ok	0.0149	717
4698	ok	0.0107	48
4685	ok	0.0856	0
33015	ok	0.0170	0
29400	ok	0.1370	32
2227	ok	0.0698	3628
20596	ok	0.0165	0
9382	ok	0.0290	10
23319	ok	0.0236	10
21643	ok	0.0365	5
22458	ok	0.0472	0
31287	ok	0.0173	10
31504	ok	0.0447	0
29167	ok	0.0734	10
30249	ok	0.0113	0
27623	ok	0.5226	874
21567	ok	0.0119	50
32254	ok	4.8548	20
22653	ok	0.0715	10
23627	ok	0.0086	10
2215	ok	0.0892	100
20663	ok	0.0053	0
21655	ok	0.0229	122
23710	ok	0.0851	50
22275	ok	0.0181	10
392	ok	0.0257	1
25521	ok	5.3071	0
1370	ok	0.0239	20
20344	ok	0.0091	50
22153	ok	0.0095	20
23791	ok	0.0064	0
21437	ok	0.0514	100
4061	ok	0.0576	0
21883	ok	0.0528	11
1494	ok	0.0153	28
20981	ok	0.0160	10
20810	ok	0.0376	10
453	ok	0.0704	10
29102	ok	0.3163	85909
24258	ok	0.0200	10
21866	ok	0.0121	0
1325	ok	0.0651	0
10190	ok	0.0029	6
10477	ok	0.0026	6
11164	ok	0.0032	6
11369	ok	0.0028	6
11387	ok	0.0028	6
11540	ok	0.0025	6
11604	ok	0.0024	6
11754	ok	0.0042	6
12015	ok	0.0034	6
12156	ok	0.0030	6
12212	ok	0.0040	6
12223	ok	0.0030	6
12412	ok	0.0026	6
12703	ok	0.0035	6
12914	ok	0.0033	6
12998	ok	0.0034	6
13103	ok	0.0032	6
13400	ok	0.0036	6
13829	ok	0.0036	6
13991	ok	0.0028	6
14070	ok	0.0029	6
14600	ok	0.0026	6
14975	ok	0.0028	6
15076	ok	0.0130	10
15099	ok	0.0067	10
15262	ok	0.0125	10
15286	ok	0.0117	10
15317	ok	0.0120	10
15403	ok	0.0066	10
15699	ok	0.0156	10
15745	ok	0.0208	10
15747	ok	0.0148	10
15875	ok	0.0207	10
15911	ok	0.0081	10
16093	ok	0.0149	10
16121	ok	0.0127	10
16299	ok	0.0139	10
16336	ok	0.0136	10
16356	ok	0.0126	10
16529	ok	0.0124	10
16596	ok	0.0136	10
16668	ok	0.0127	10
16690	ok	0.0129	10
16716	ok	0.0167	10
16743	ok	0.0130	10
16780	ok	0.0137	10
16791	ok	0.0135	10
16868	ok	0.0124	10
16969	ok	0.0063	10
16985	ok	0.0124	10
17129	ok	0.0063	10
17169	ok	0.0120	10
17289	ok	0.0119	10
17352	ok	0.0107	10
17451	ok	0.0109	10
17481	ok	0.0112	10
17530	ok	0.0135	10
17702	ok	0.0126	10
17818	ok	0.0120	10
18026	ok	0.0360	10
18213	ok	0.0122	10
18234	ok	0.0118	10
18457	ok	0.0120	10
18483	ok	0.0062	10
18586	ok	0.0123	10
18603	ok	0.0063	10
18770	ok	0.0111	10
18879	ok	0.0337	10
18896	ok	0.0116	10
18926	ok	0.0112	10
19077	ok	0.0120	10
19091	ok	0.0358	10
19128	ok	0.0118	10
19191	ok	0.0122	10
19215	ok	0.0127	10
19228	ok	0.0118	10
19367	ok	0.0115	10
19378	ok	0.0117	10
19398	ok	0.0168	10
19710	ok	0.0114	10
19772	ok	0.0064	10
19784	ok	0.0114	10
19926	ok	0.0111	10
19965	ok	0.0122	10
15111	ok	0.0271	10
15137	ok	0.0270	10
15281	ok	0.0267	10
15701	ok	0.0271	10
15854	ok	0.0402	10
15972	ok	0.0471	10
16256	ok	0.0476	10
16361	ok	0.0605	10
16842	ok	0.0601	10
16879	ok	0.0503	10
16945	ok	0.0515	10
17377	ok	0.0333	10
17701	ok	0.1041	101563
18353	ok	0.0529	10
18668	ok	0.0295	10
19847	ok	0.0452	10
21364	ok	0.0117	0
23903	ok	0.0330	1
24602	ok	0.0524	0
2762	ok	0.0267	853
24520	ok	0.0337	0
24245	ok	0.0468	10
22350	ok	0.0173	10
21357	ok	0.0424	0
33457	ok	0.1574	100
22205	ok	0.0702	1
22279	ok	0.0893	72
22177	ok	0.0413	10
391	ok	0.0242	4114
22662	ok	0.1494	0
24081	ok	0.0361	0
23106	ok	2.7976	4
30175	ok	1.0484	100
4431	ok	0.0064	5
21391	ok	0.0572	100
23256	ok	0.0471	4
24637	ok	0.0270	20
24394	ok	0.0700	10
1930	ok	0.1465	4
21281	ok	0.0190	0
23306	ok	0.0417	10
24432	ok	0.0742	50
20057	ok	0.0420	0
31090	ok	0.0708	10
33131	ok	0.4091	104437
31154	ok	0.0289	69
27883	ok	0.9231	15100
23866	ok	0.0208	0
32383	ok	0.0880	0
28792	ok	0.0347	3255
23614	ok	0.0354	3
22682	ok	0.0198	0
21514	ok	7.9633	50
29235	ok	0.0694	0
32055	ok	0.5686	267193
21957	ok	2.3400	0
6602	ok	0.0223	3693
25841	ok	0.0356	4066
3914	ok	0.0185	10
4452	ok	0.0089	50
412	ok	0.0086	10
29037	ok	0.1201	104437
4891	ok	0.0368	1
25576	ok	0.0657	12
21230	ok	0.0110	0
255	ok	0.0170	20
27355	ok	3.7883	10
21250	ok	0.0634	0
33964	ok	0.0397	4310
325	ok	0.0346	0
33629	ok	0.1321	68067
22506	ok	0.0331	0
22249	ok	0.0134	0
21397	ok	0.0924	20
20607	ok	0.0290	10
20856	ok	0.1743	50
24512	ok	0.0501	0
24731	ok	0.0204	1
22228	ok	4.4968	10
7177	ok	4.3178	0
23002	ok	0.0105	33
20389	ok	0.0174	0
20678	ok	0.0954	0
23890	ok	0.0974	50
22126	ok	0.0279	0
20755	ok	0.1202	0
23114	ok	0.0190	10
23297	ok	0.2040	0
22880	ok	0.0366	10
28796	ok	0.0766	50
23583	ok	0.0493	1
20507	ok	0.0234	100
22266	ok	0.0623	0
22201	ok	0.1258	0
22829	ok	0.1096	0
23969	ok	0.0103	0
21508	ok	0.0141	1
22750	ok	0.0634	0
20827	ok	0.0229	0
20621	ok	1.7317	31
24124	ok	6.3733	100
24058	ok	0.1836	10
21865	ok	0.0189	1
20086	ok	0.1699	0
24212	ok	0.1703	7937
22819	ok	0.1079	20
23345	ok	0.0935	20
21211	ok	0.0361	0
24199	ok	0.0527	116
7349	ok	0.0457	0
25774	ok	0.0887	46843
24582	ok	0.3320	0
6634	ok	0.0097	10
25028	ok	0.0412	10
29520	ok	0.0181	10
21130	ok	0.0064	0
29639	ok	0.4340	20
28634	ok	0.1542	2804
22259	ok	0.0177	36
3681	ok	0.0892	0
660	ok	0.0800	10
2772	ok	0.0236	208
30564	ok	0.0944	10
23129	ok	0.0207	1
27548	ok	1.2836	651220
29324	ok	0.0157	852
31400	ok	0.0207	20
22980	ok	0.0184	36
26692	ok	0.0857	50
21296	ok	0.0417	50
1727	ok	0.0598	41
24608	ok	0.0298	0
20565	ok	0.0720	0
3547	ok	5.8310	550
23299	ok	0.0377	0
20230	ok	0.0373	12
5841	ok	0.0794	100
30632	ok	0.0082	0
24546	ok	0.0551	4926
30832	ok	0.0139	47
24143	ok	0.0206	49
4550	ok	0.0594	0
20756	ok	0.0110	20
22715	ok	0.0402	45
22426	ok	3.6863	0
24556	ok	0.0302	36
23020	ok	0.0460	38
20747	ok	0.0970	20
3091	ok	0.2703	0
25198	ok	2.4504	167873
24007	ok	0.0801	10
23376	ok	0.0170	1
23780	ok	0.9585	16
33051	ok	0.0194	34
20527	ok	2.3503	0
21679	ok	0.0228	100
23255	ok	0.0206	210
24021	ok	0.0474	134
22611	ok	0.0850	100
24538	ok	0.0153	0
32544	ok	0.0055	0
22898	ok	0.0465	30
23889	ok	0.0438	13
24942	ok	0.0137	10
23592	ok	0.0128	5
23381	ok	0.5142	11193
20820	ok	0.3140	0
21064	ok	0.1364	50
22566	ok	0.0286	30
20578	ok	0.0173	10
21819	ok	0.1683	100
21670	ok	13.7444	0
20254	ok	8.3085	17
20490	ok	0.0813	10
23824	ok	0.0398	20
24444	ok	0.0558	0
23227	ok	0.7518	0
23670	ok	0.0292	100
20439	ok	0.1669	966
21580	ok	0.0151	48
24317	ok	0.0611	0
20832	ok	0.7386	5594
23267	ok	5.8126	0
21216	ok	0.0417	0
9728	ok	0.0222	8
9956	ok	0.0950	10
8571	ok	0.1256	10
28872	ok	0.0994	10
28362	ok	0.0994	10
25942	ok	0.0702	0
25514	ok	0.0588	0
25748	ok	0.2344	10
28590	ok	0.3540	325610
21053	ok	0.8461	936860
20425	ok	3.5446	0
26221	ok	0.4852	0
31613	ok	0.2096	32
1908	ok	0.0722	0
21038	ok	0.4625	267193
20586	ok	0.4685	50
34241	ok	0.1907	57876
22668	ok	0.0500	100
6783	ok	0.1606	0
249	ok	0.1156	42
28267	ok	0.7756	0
5919	ok	0.0273	10
29390	ok	0.0732	10
28140	ok	0.3179	2002
29901	ok	1.5121	104437
9270	ok	2.7988	10
3347	ok	0.0517	0
26925	ok	0.0579	1
28042	ok	0.3543	51409
27466	ok	1.2649	9
33973	ok	0.0598	10
27947	ok	0.3079	10
26912	ok	0.3508	10
24653	ok	0.8555	50
28477	ok	0.2583	0
34078	ok	0.2500	100
9693	ok	0.0299	10
6681	ok	0.0333	20
21822	ok	0.0805	10
25913	ok	0.0393	0
29577	ok	0.0144	100
24008	ok	0.0366	0
27402	ok	0.0266	10
30685	ok	0.6737	442093
33434	ok	0.0604	50
5689	ok	0.1073	80325
28579	ok	0.3256	7
23574	ok	0.5946	10
27216	ok	2.2063	71433
29260	ok	0.0999	50
6507	ok	1.4821	0
20055	ok	0.0865	100
31472	ok	0.0975	10
23800	ok	0.1698	50
3695	ok	0.0134	0
20498	ok	0.0699	5
33160	ok	0.0385	853
8317	ok	0.1202	23887
4233	ok	0.0333	0
268	ok	0.0298	10
20788	ok	0.0344	7
24261	ok	0.0316	10
23548	ok	0.1700	10
25471	ok	0.0342	11
31602	ok	0.0682	10
21754	ok	0.0811	0
20318	ok	0.0199	100
24509	ok	0.0500	10
24051	ok	0.4090	0
1421	ok	0.0889	0
33447	ok	0.0456	1742
24945	ok	0.0358	0
3449	ok	0.0159	0
26707	ok	0.0234	10
8283	ok	0.0253	10
24299	ok	0.0332	0
23584	ok	0.0407	8380
15037	ok	0.0289	10
15053	ok	0.0283	10
15056	ok	0.0313	10
15094	ok	0.0608	10
15134	ok	0.0385	10
15209	ok	0.0948	101563
15221	ok	0.0289	10
15227	ok	0.0287	10
15297	ok	0.0289	10
15305	ok	0.0281	10
15348	ok	0.0292	10
15355	ok	0.0284	10
15413	ok	0.0267	10
15421	ok	0.0269	10
15431	ok	0.0274	10
15456	ok	0.0474	10
15457	ok	0.0266	10
15488	ok	0.0285	10
15507	ok	0.0277	10
15530	ok	0.0277	10
15537	ok	0.0284	10
15557	ok	0.0286	10
15660	ok	0.0279	10
15662	ok	0.0290	10
15679	ok	0.0403	10
15682	ok	0.0380	10
15697	ok	0.0351	10
15739	ok	0.0351	10
15755	ok	0.0327	10
15772	ok	0.0312	10
15815	ok	0.0312	10
15819	ok	0.0316	10
15884	ok	0.0310	10
15908	ok	0.0323	10
16004	ok	0.0326	10
16097	ok	0.0339	10
16105	ok	0.0405	10
16112	ok	0.0313	10
16156	ok	0.0311	10
16222	ok	0.0293	10
16258	ok	0.0281	10
16272	ok	0.0294	10
16288	ok	0.0283	10
16337	ok	0.0300	10
16348	ok	0.0284	10
16365	ok	0.0302	10
16378	ok	0.0312	10
16554	ok	0.0303	10
16576	ok	0.0282	10
16679	ok	0.0297	10
16685	ok	0.0300	10
16693	ok	0.0290	10
16739	ok	0.0271	10
16746	ok	0.0278	10
16843	ok	0.0274	10
16847	ok	0.0275	10
17047	ok	0.0273	10
17288	ok	0.0869	101563
17305	ok	0.0804	10
17480	ok	0.0274	10
17502	ok	0.0267	10
17528	ok	0.0297	10
17593	ok	0.0275	10
17602	ok	0.0270	10
17613	ok	0.0278	10
17635	ok	0.0263	10
17658	ok	0.0278	10
17679	ok	0.0277	10
18191	ok	0.0265	10
18204	ok	0.0289	10
18231	ok	0.0447	10
18287	ok	0.0270	10
18304	ok	0.0279	10
18333	ok	0.0273	10
18510	ok	0.0276	10
18541	ok	0.0286	10
18561	ok	0.0274	10
18620	ok	0.0273	10
18697	ok	0.0274	10
18715	ok	0.0275	10
18718	ok	0.0312	10
18756	ok	0.0341	10
18834	ok	0.0331	10
18845	ok	0.0290	10
18873	ok	0.0292	100
18886	ok	0.0297	10
18914	ok	0.0452	10
19044	ok	0.0301	10
19073	ok	0.0283	10
19097	ok	0.0294	10
19213	ok	0.0283	10
19383	ok	0.0280	10
19438	ok	0.0277	10
19445	ok	0.0284	10
19456	ok	0.0272	10
19533	ok	0.0291	10
19594	ok	0.0764	10
19631	ok	0.0264	10
19797	ok	0.0274	10
19907	ok	0.0271	10
15002	ok	0.0277	10
15009	ok	0.0277	10
15010	ok	0.0287	10
15012	ok	0.0431	10
15028	ok	0.0434	10
15031	ok	0.0283	10
15048	ok	0.0294	10
15059	ok	0.0289	10
15064	ok	0.0283	10
15071	ok	0.0288	10
15079	ok	0.0283	10
15105	ok	0.0279	10
15119	ok	0.0783	10
15140	ok	0.0290	10
15165	ok	0.0287	10
15255	ok	0.0279	10
15296	ok	0.0295	10
15302	ok	0.0823	10
15313	ok	0.0285	10
15338	ok	0.0283	10
15369	ok	0.0287	10
15401	ok	0.0288	10
15402	ok	0.0291	10
15423	ok	0.0430	10
15469	ok	0.0777	100
15476	ok	0.0289	10
15554	ok	0.0275	10
15606	ok	0.0289	10
15851	ok	0.0273	10
15869	ok	0.0288	10
15871	ok	0.1293	10
15883	ok	0.0446	10
15893	ok	0.0441	10
15897	ok	0.0287	10
15905	ok	0.0277	10
15910	ok	0.0287	10
15912	ok	0.0467	10
15941	ok	0.0276	10
15946	ok	0.0280	10
15997	ok	0.0273	10
16016	ok	0.0289	10
16149	ok	0.0277	10
16151	ok	0.0289	10
16162	ok	0.0289	10
16210	ok	0.0288	10
16237	ok	0.0823	10
16287	ok	0.0448	10
16307	ok	0.0287	10
16310	ok	0.0277	10
16329	ok	0.0433	10
16482	ok	0.0283	10
16497	ok	0.0279	10
16585	ok	0.0283	10
16674	ok	0.0451	10
16732	ok	0.0277	10
16737	ok	0.1257	10
16789	ok	0.0789	10
16901	ok	0.0290	10
16978	ok	0.0283	10
17103	ok	0.0287	10
17208	ok	0.0288	10
17253	ok	0.0436	10
17331	ok	0.0796	100
17360	ok	0.0296	10
17397	ok	0.0274	10
17444	ok	0.0280	10
17462	ok	0.1267	10
17750	ok	0.0427	10
17831	ok	0.0420	10
17843	ok	0.0273	10
17856	ok	0.0275	10
17955	ok	0.0432	10
17982	ok	0.0345	10
18050	ok	0.0275	10
18077	ok	0.0433	10
18134	ok	0.0275	10
18193	ok	0.2810	101563
18242	ok	0.0410	10
18253	ok	0.0253	10
18373	ok	0.0260	10
18400	ok	0.0406	10
18402	ok	0.0262	10
18464	ok	0.0278	10
18543	ok	0.0427	10
18764	ok	0.1234	10
18796	ok	0.0420	10
18990	ok	0.0419	10
19013	ok	0.0277	10
19229	ok	0.0270	10
19317	ok	0.0418	10
19352	ok	0.0270	10
19356	ok	0.0265	10
19426	ok	0.0444	10
19464	ok	0.0288	10
19478	ok	0.0282	10
19501	ok	0.0288	10
19658	ok	0.0290	10
19875	ok	0.0282	10
19945	ok	0.0785	10
19961	ok	0.0289	10
15036	ok	0.0286	10
15078	ok	0.0446	10
15082	ok	0.0297	100
15131	ok	0.0485	10
15174	ok	0.1065	101563
15453	ok	0.0313	50
15491	ok	0.0310	10
15605	ok	0.0845	10
15900	ok	0.0471	10
16108	ok	0.0500	10
16292	ok	0.0295	10
16294	ok	0.0331	10
16381	ok	0.0331	10
16466	ok	0.0340	10
16541	ok	0.0315	10
16795	ok	0.0312	10
16980	ok	0.1106	101563
17119	ok	0.0310	10
17131	ok	0.0301	10
17132	ok	0.0298	100
17624	ok	0.0459	100
17722	ok	0.0296	10
17731	ok	0.0440	100
18088	ok	0.0296	10
18194	ok	0.0281	10
18509	ok	0.0295	10
18670	ok	0.0814	10
19049	ok	0.0309	10
19124	ok	0.1077	101563
19202	ok	0.0295	10
19440	ok	0.0295	10
19487	ok	0.0293	10
19721	ok	0.0314	10
10919	ok	0.0611	1000
13406	ok	0.0320	100
15006	ok	0.0357	10
15040	ok	0.0832	10
15194	ok	0.0562	10
15235	ok	0.0539	10
15272	ok	0.1446	10
15274	ok	0.0454	10
15291	ok	0.0308	10
15433	ok	0.0488	10
15478	ok	0.0279	10
15552	ok	0.1158	104437
15594	ok	0.0501	10
15625	ok	0.0797	101563
15674	ok	0.0260	10
15766	ok	0.0272	10
15956	ok	0.0484	10
15957	ok	0.0323	10
15998	ok	0.0454	10
16059	ok	0.0443	10
16089	ok	0.0261	10
16095	ok	0.0303	10
16107	ok	0.0288	10
16123	ok	0.0363	10
16168	ok	0.0281	10
16183	ok	0.0857	10
16208	ok	0.0619	10
16231	ok	0.0786	10
16342	ok	0.0363	10
16353	ok	0.0502	10
16377	ok	0.0488	10
16411	ok	0.0925	10
16445	ok	0.0933	10
16545	ok	0.0307	10
16546	ok	0.0331	10
16624	ok	0.0291	10
16646	ok	0.0480	10
16658	ok	0.0275	10
16804	ok	0.0334	100
16832	ok	0.0290	10
17006	ok	0.0292	10
17026	ok	0.0856	101563
17390	ok	0.0274	10
17509	ok	0.0299	10
17539	ok	0.0294	10
17753	ok	0.0492	10
17842	ok	0.0506	10
17937	ok	0.0298	10
18118	ok	0.0489	10
18141	ok	0.0311	10
18161	ok	0.0424	10
18214	ok	0.0511	10
18341	ok	0.0299	10
18592	ok	0.0299	10
19085	ok	0.0457	10
19156	ok	0.0270	10
19157	ok	0.0336	10
19219	ok	0.0255	10
19261	ok	0.0483	10
19382	ok	0.0471	10
19472	ok	0.0271	10
19481	ok	0.0547	10
19499	ok	0.0933	10
19656	ok	0.0445	10
19675	ok	0.0498	10
19824	ok	0.0492	10
19953	ok	0.0351	10
10664	ok	0.0629	100
10845	ok	0.1002	100
10877	ok	0.2403	240022
13630	ok	0.1038	100
14464	ok	0.1030	100
15047	ok	0.0580	10
15062	ok	0.0513	10
15192	ok	0.0532	10
15354	ok	0.0526	10
15454	ok	0.0335	10
15563	ok	0.1022	10
15614	ok	0.0518	10
15633	ok	0.0513	10
15971	ok	0.0555	50
16010	ok	0.0537	10
16109	ok	0.0385	10
16134	ok	0.0556	10
16500	ok	0.1569	104437
16597	ok	0.0331	10
16600	ok	0.0326	10
16747	ok	0.0537	10
16834	ok	0.1084	10
16846	ok	0.0544	10
16902	ok	0.0486	10
17062	ok	0.0308	10
17085	ok	0.1421	10
17379	ok	0.0339	10
18108	ok	0.0560	10
18219	ok	0.0545	10
18372	ok	0.1308	101563
18458	ok	0.0381	10
18640	ok	0.0521	10
18973	ok	0.0377	10
19248	ok	0.2503	10
19452	ok	0.0276	10
19609	ok	0.0902	10
19633	ok	0.0455	10
19635	ok	0.0482	10
19779	ok	0.1387	101563
19812	ok	0.0729	10
19992	ok	0.0546	10
11611	ok	0.0275	100
12122	ok	0.0484	10
12425	ok	0.0956	100
15005	ok	0.0535	10
15023	ok	0.0534	10
15029	ok	0.0526	10
15034	ok	0.0519	10
15044	ok	0.0485	10
15098	ok	0.0841	10
15100	ok	0.0653	10
15109	ok	0.1700	10
15158	ok	0.1036	10
15160	ok	0.0746	10
15178	ok	0.0746	10
15185	ok	0.0939	10
15189	ok	0.0613	10
15224	ok	0.0655	10
15258	ok	0.0664	10
15314	ok	0.0665	10
15570	ok	0.0639	10
15622	ok	0.0534	10
15829	ok	0.0991	10
15840	ok	0.0539	10
15899	ok	0.0515	10
15976	ok	0.0960	10
16039	ok	0.0532	10
16127	ok	0.0913	10
16363	ok	0.2428	123324
16386	ok	0.0509	10
16425	ok	0.1475	101563
16464	ok	0.1670	101563
16604	ok	0.1247	10
16644	ok	0.0737	10
16800	ok	0.1299	10
16861	ok	0.1133	10
16908	ok	0.0780	10
17188	ok	0.0898	10
17252	ok	0.0623	10
17373	ok	0.0610	10
17398	ok	0.0540	10
17465	ok	0.0215	10
17616	ok	0.3724	239402
17823	ok	0.0459	10
17925	ok	0.0822	10
18146	ok	0.0499	10
18192	ok	0.6989	10
18351	ok	0.0657	10
18632	ok	0.0214	10
18789	ok	0.1410	101563
18797	ok	0.0869	10
18809	ok	0.0505	10
18932	ok	0.0490	10
19043	ok	0.0522	10
19135	ok	0.0889	100
19483	ok	0.0470	10
19542	ok	0.2289	123324
19758	ok	0.0451	10
19801	ok	0.0721	100
19923	ok	0.0447	10
11360	ok	0.0315	100
11575	ok	0.0976	100
12562	ok	0.0620	100
13942	ok	0.0763	100
14252	ok	0.0766	1000
14503	ok	0.1666	100
14708	ok	0.1078	100
15020	ok	0.0759	10
15025	ok	0.1106	10
15030	ok	0.1141	10
15038	ok	0.2201	101563
15057	ok	0.1014	10
15083	ok	0.3110	10
15090	ok	0.2027	10
15116	ok	0.2780	101563
15148	ok	1.0197	10
15196	ok	0.0949	10
15236	ok	0.0823	10
15252	ok	0.0647	10
15261	ok	0.0624	10
15271	ok	0.4934	101563
15273	ok	0.1527	10
15294	ok	0.0929	10
15318	ok	0.4611	10
15362	ok	0.4558	101563
15398	ok	0.2678	10
15409	ok	0.1804	10
15425	ok	0.2858	101563
15447	ok	0.0874	10
15497	ok	0.2563	10
15689	ok	0.0610	10
15725	ok	0.0607	10
15730	ok	0.0576	10
15756	ok	0.0575	10
15773	ok	0.0990	10
15812	ok	0.0521	10
15979	ok	0.0543	100
15991	ok	0.1007	10
16011	ok	0.0575	10
16145	ok	0.0519	100
16240	ok	0.0533	100
16352	ok	0.0522	10
16450	ok	0.3938	240022
16456	ok	0.0830	10
16516	ok	0.0460	100
16531	ok	0.1670	101563
16569	ok	0.0438	10
16625	ok	0.0462	10
16626	ok	0.0456	10
16696	ok	0.0820	10
16698	ok	0.0454	10
16862	ok	0.1675	101563
16958	ok	0.0445	10
17017	ok	0.0456	10
17029	ok	0.1635	101563
17181	ok	0.0500	10
17185	ok	0.1601	101563
17225	ok	0.0443	10
17310	ok	0.0439	10
17369	ok	0.0444	10
17422	ok	0.0828	10
17469	ok	0.0824	10
17524	ok	0.0460	100
17560	ok	0.0473	10
17561	ok	0.0523	10
17574	ok	0.0955	10
17608	ok	0.1977	101563
17711	ok	0.0451	10
17860	ok	0.1694	101563
17936	ok	0.0502	10
18171	ok	0.0991	10
18205	ok	0.0551	10
18209	ok	0.0543	10
18338	ok	0.1056	50
18433	ok	0.0588	100
18438	ok	0.0547	10
18451	ok	0.0560	10
18493	ok	0.1119	10
18575	ok	0.2495	100
18590	ok	0.0695	10
18597	ok	0.0616	10
18630	ok	0.0559	10
18676	ok	0.0479	10
18682	ok	0.0528	10
18735	ok	0.0973	10
18780	ok	0.0532	10
18854	ok	0.0504	10
19038	ok	0.0502	10
19053	ok	0.0501	10
19087	ok	0.0513	10
19147	ok	0.1769	101563
19300	ok	0.1863	101563
19557	ok	0.0483	10
19584	ok	0.0492	10
19652	ok	0.0938	10
19678	ok	0.0894	10
19767	ok	0.0991	100
19876	ok	0.0522	10
19894	ok	0.2951	10
19899	ok	0.0589	10
10147	ok	0.0701	100
10309	ok	0.2058	101563
10327	ok	0.0545	100
10333	ok	0.0519	100
10855	ok	0.0554	100
11108	ok	0.1300	100
11397	ok	0.1214	100
11692	ok	0.1013	100
11696	ok	0.0613	100
11988	ok	0.0856	100
12008	ok	0.0605	100
12175	ok	0.0557	100
12498	ok	0.1061	100
12534	ok	0.0757	100
12598	ok	0.0611	100
12671	ok	0.0518	100
12673	ok	0.0726	100
12695	ok	0.4301	246673
12734	ok	0.0499	100
12797	ok	0.0496	100
12809	ok	0.0993	100
13141	ok	0.0554	100
13212	ok	0.1138	100
13249	ok	0.0515	100
13636	ok	0.1059	100
13752	ok	0.0552	100
14023	ok	0.0545	100
14232	ok	0.1080	100
14334	ok	0.9308	100
14387	ok	0.3166	101563
14732	ok	0.5341	246673
14769	ok	0.0745	100
14805	ok	0.1004	100
14808	ok	0.1078	100
14929	ok	0.0773	100
15080	ok	0.0576	10
15654	ok	0.0589	10
15665	ok	0.2072	101563
15668	ok	0.0578	10
16036	ok	0.0564	10
16205	ok	0.0575	10
16230	ok	0.0749	10
16308	ok	0.0600	10
16332	ok	0.0739	10
16603	ok	0.0644	10
16675	ok	0.0670	10
16813	ok	0.0645	10
16859	ok	0.0641	100
16898	ok	0.0645	100
17184	ok	0.0633	10
17353	ok	0.0682	10
17380	ok	0.0690	10
17584	ok	0.2115	101563
17810	ok	0.0559	10
17912	ok	0.1265	10
17951	ok	0.0537	10
17971	ok	0.0561	10
17976	ok	0.0962	10
18037	ok	0.0606	10
18065	ok	0.0572	10
18172	ok	0.1040	10
18450	ok	0.0940	10
18729	ok	0.3600	10
18868	ok	0.1054	10
19024	ok	0.0528	10
19188	ok	0.0874	10
19247	ok	0.0456	10
19495	ok	0.0501	10
19673	ok	0.1127	10
19676	ok	0.0303	10
19813	ok	0.0502	10
10223	ok	0.6909	100
10658	ok	0.1583	193739
11671	ok	0.0158	100
15041	ok	0.0311	10
15301	ok	0.0298	10
15388	ok	0.0111	10
15434	ok	0.0458	10
15615	ok	0.0295	10
15653	ok	0.0462	10
15761	ok	0.0824	10
15786	ok	0.0118	10
16037	ok	0.0294	10
16207	ok	0.0293	10
16229	ok	0.0278	10
16632	ok	0.0278	10
16647	ok	0.0283	10
16659	ok	0.0110	10
16708	ok	0.0284	10
16785	ok	0.0286	10
17315	ok	0.0509	10
17458	ok	0.0207	16071
17848	ok	0.0296	10
17956	ok	0.0451	10
18257	ok	0.0268	10
19269	ok	0.0109	10
19401	ok	0.0294	10
19420	ok	0.0284	10
19558	ok	0.0278	10
19745	ok	0.0294	10
10094	ok	0.9851	58942
10215	ok	0.1233	100
10281	ok	0.0446	100
10410	ok	0.2174	1000
10536	ok	0.0126	100
10538	ok	0.0174	100
10685	ok	0.1084	100
10693	ok	0.3502	100
10811	ok	0.0839	100
10925	ok	0.0554	100
11037	ok	0.1307	100
11123	ok	0.0555	16071
11137	ok	0.0206	100
11155	ok	0.3668	16071
11171	ok	0.0420	10
11247	ok	0.4508	16071
11410	ok	0.0884	100
11507	ok	0.9134	100
11595	ok	0.0590	100
11605	ok	0.6212	100
11628	ok	0.0198	100
11682	ok	0.2013	100
11698	ok	0.0330	16071
11769	ok	0.2408	100
11795	ok	0.0637	16071
11796	ok	0.4264	172670
11870	ok	0.2951	100
11889	ok	1.0256	100
11916	ok	0.9793	16071
11943	ok	1.0461	100
11953	ok	0.0227	100
11986	ok	0.9833	100
12109	ok	0.1622	100
12113	ok	0.0393	100
12201	ok	0.2065	100
12287	ok	0.0961	100
12324	ok	0.0537	100
12352	ok	0.1374	101563
12421	ok	0.0837	27676
12459	ok	0.7490	100
12596	ok	0.0197	100
12605	ok	0.0201	100
12623	ok	0.1197	1000
12681	ok	1.1975	100
12813	ok	0.1617	100
13024	ok	0.1264	27676
13042	ok	0.1425	100
13052	ok	3.6910	100
13148	ok	0.1145	58942
13419	ok	0.0205	100
13450	ok	0.0500	16071
13511	ok	10.1921	100
13512	ok	0.8801	16071
13524	ok	0.0520	100
13529	ok	0.1484	100
13550	ok	0.0371	16071
13554	ok	0.0160	100
13555	ok	0.2334	104437
13564	ok	0.9074	100
13590	ok	0.1254	100
13678	ok	0.0536	100
13721	ok	0.4769	16071
13756	ok	0.3553	100
13770	ok	0.1300	100
13889	ok	0.3034	16071
13924	ok	0.1007	100
13936	ok	0.1061	100
14044	ok	0.1233	100
14060	ok	0.0524	100
14104	ok	0.0240	100
14145	ok	0.9295	100
14354	ok	0.0401	100
14379	ok	0.0165	100
14384	ok	0.8053	100
14526	ok	0.1736	1000
14534	ok	3.2160	100
14579	ok	0.0492	100
14590	ok	1.0548	100
14625	ok	0.9821	100
14688	ok	1.6760	100
14715	ok	0.0326	100
14871	ok	0.2364	100
14891	ok	1.3814	27676
15123	ok	0.0476	10
15179	ok	0.0476	10
15465	ok	0.0676	27676
15471	ok	0.0848	10
15918	ok	0.0498	16071
16140	ok	0.0483	10
16931	ok	0.0894	10
17271	ok	0.0796	10
17491	ok	0.0518	10
17819	ok	0.0486	10
18732	ok	0.0934	10
19000	ok	0.0911	10
19071	ok	0.0279	10
19111	ok	0.0463	10
19112	ok	0.0481	10
19116	ok	0.0131	844
19697	ok	0.0469	10
10007	ok	0.4675	267193
10101	ok	0.8194	100
10312	ok	0.4908	267193
10332	ok	0.0522	100
10387	ok	0.4634	267193
10544	ok	0.0652	100
10546	ok	0.5869	267193
10639	ok	0.5032	267193
10760	ok	0.1503	100
10823	ok	0.0594	10
10894	ok	7.8516	100
10908	ok	0.1950	267193
10951	ok	0.2361	100
11005	ok	0.1083	100
11009	ok	0.3499	267193
11083	ok	0.3697	267193
11111	ok	0.1791	100
11198	ok	0.2125	267193
11201	ok	0.6480	267193
11277	ok	0.5124	267193
11394	ok	3.5436	100
11584	ok	0.0359	10
11767	ok	0.5328	267193
11843	ok	0.1683	267193
12159	ok	0.1821	100
12251	ok	0.4558	267193
12262	ok	1.3374	267193
12266	ok	0.1250	267193
12285	ok	0.1565	267193
12308	ok	0.0578	100
12357	ok	1.1862	267193
12359	ok	2.7364	100
12474	ok	0.1856	100
12507	ok	0.2693	267193
12538	ok	0.3789	267193
12582	ok	0.1753	267193
12618	ok	0.1971	267193
12690	ok	0.0826	16071
12756	ok	0.0541	100
12930	ok	0.6355	267193
12996	ok	0.0325	10
13057	ok	0.3652	267193
13102	ok	13.9750	100
13110	ok	0.1781	267193
13198	ok	3.2211	100
13260	ok	0.1217	100
13281	ok	2.8892	100
13322	ok	0.1597	267193
13463	ok	0.2645	100
13556	ok	0.3636	267193
13805	ok	0.4244	267193
13855	ok	0.0168	100
13863	ok	1.2300	10
13920	ok	0.1065	10
13957	ok	1.2837	267193
14013	ok	8.9306	100
14149	ok	0.0446	10
14166	ok	0.2674	267193
14224	ok	3.3031	267193
14275	ok	0.5578	267193
14291	ok	0.3366	109952
14295	ok	4.9780	100
14438	ok	0.0574	10
14492	ok	0.1875	100
14504	ok	0.2439	267193
14545	ok	0.5190	267193
14670	ok	0.2551	100
14829	ok	0.6580	267193
14845	ok	0.2816	267193
15492	ok	0.0381	10
15523	ok	0.0409	10
15714	ok	0.0811	10
16024	ok	0.0720	10
16315	ok	0.0380	10
16671	ok	0.0170	10
16986	ok	0.0401	10
17063	ok	0.0729	10
17160	ok	0.0803	10
17442	ok	0.3981	267193
17652	ok	0.0813	10
17865	ok	0.0476	10
17964	ok	0.0454	10
17973	ok	0.0442	10
19380	ok	0.0423	10
19586	ok	0.0418	10
19802	ok	0.0440	10
19973	ok	0.0770	10
10287	ok	0.0404	16071
10444	ok	0.0871	100
10764	ok	0.1737	58942
11136	ok	0.0640	100
11586	ok	0.0566	100
12814	ok	0.0455	100
13617	ok	0.3989	100
13745	ok	0.1743	100
13996	ok	0.3937	100
14356	ok	0.1545	100
14844	ok	0.2346	100
18895	ok	0.0658	10
10839	ok	0.1646	100
11949	ok	0.0440	100
12190	ok	0.0618	16071
12283	ok	0.2048	58942
13408	ok	0.0531	100
14083	ok	0.0952	27676
10105	ok	0.3491	100
10204	ok	0.0786	10
10269	ok	0.1598	100
10363	ok	0.0663	10
10430	ok	0.3802	100
10590	ok	0.0800	10
10821	ok	0.1706	10
11412	ok	0.1844	267193
11432	ok	0.0950	10
11502	ok	0.0648	10
11840	ok	0.1697	10
11853	ok	0.0878	100
11966	ok	0.2446	10
11976	ok	0.0519	10
12003	ok	0.1048	10
12098	ok	0.2783	10
12501	ok	0.1046	10
12692	ok	0.0688	10
13060	ok	0.0716	10
13083	ok	0.6111	240022
13229	ok	0.1102	100
13650	ok	0.0937	10
13664	ok	0.6620	267193
13802	ok	0.0948	16313
13876	ok	0.8188	267193
13951	ok	0.0246	853
13981	ok	0.0490	100
14391	ok	0.1487	10
14912	ok	0.0579	10
14919	ok	0.1590	10
5321	ok	0.1573	10
6036	ok	0.0907	10
6148	ok	0.1425	10
7633	ok	0.1477	10
7972	ok	0.1707	10
9795	ok	0.1745	10
19496	ok	0.0096	10
19012	ok	0.0067	0
19373	ok	0.0065	0
18870	ok	0.0068	0
19015	ok	0.0067	0
17109	ok	0.0065	0
17728	ok	0.0068	0
19384	ok	0.0068	0
18178	ok	0.0070	0
16744	ok	8.4240	10
17299	ok	7.3950	10
17488	ok	0.0311	10
16279	ok	0.0232	10
12545	ok	0.0049	6
14403	ok	0.0045	6
11186	ok	0.0051	6
12399	ok	0.0050	6
14326	ok	0.0028	6
13568	ok	0.0014	6
16487	ok	0.0094	10
19386	ok	0.0171	10
17545	ok	0.0174	10
17766	ok	0.0162	10
19581	ok	0.0160	10
19893	ok	0.0229	10
19431	ok	0.0242	10
17394	ok	0.0243	10
16669	ok	0.0245	10
18175	ok	0.0248	10
19143	ok	0.0255	10
15903	ok	0.0403	10
17563	ok	0.0403	10
16527	ok	0.0430	10
17707	ok	0.0468	10
18454	ok	0.0451	10
19680	ok	0.0451	10
17779	ok	0.0482	10
19263	ok	0.0466	10
19960	ok	0.0866	10
10941	ok	0.0033	6
13468	ok	0.0031	6
12046	ok	0.0019	6
12472	ok	0.0029	6
11286	ok	0.0035	6
14548	ok	0.0022	6
13880	ok	0.0022	6
12903	ok	0.0022	6
12196	ok	0.0039	6
12632	ok	0.0023	6
10113	ok	0.0020	6
11514	ok	0.0034	6
13587	ok	0.0025	4
11077	ok	0.0020	4
11782	ok	0.0026	4
12713	ok	0.0010	1
12088	ok	0.0444	8
11965	ok	0.3303	3237
14523	ok	0.3988	3237
10166	ok	0.0618	75275
14367	ok	0.0126	3232
14259	ok	0.0472	6
14730	ok	0.0234	6
18441	ok	0.0292	10
19727	ok	0.0303	10
15963	ok	0.0293	10
17752	ok	0.0289	10
18278	ok	0.0287	10
17363	ok	0.0287	10
16383	ok	0.0267	10
16219	ok	0.0376	10
19667	ok	0.0393	10
10379	ok	0.0272	16313
14140	ok	0.1693	100
11275	ok	0.1884	246673
17156	ok	0.0333	10
17257	ok	0.0267	727
17041	ok	0.0754	101883
18453	ok	0.0283	10
19904	ok	0.0165	10
13619	ok	0.0135	100
12544	ok	0.0163	100
13993	ok	0.0711	1000
14872	ok	0.0084	10
10136	ok	0.3508	399685
17410	ok	0.0304	10
17127	ok	0.0456	10
19453	ok	0.0285	10
19755	ok	0.0525	10
16138	ok	0.0385	10
19881	ok	0.0390	10
15448	ok	0.0445	10
15915	ok	0.0455	10
15203	ok	0.0486	10
19936	ok	0.2930	228432
19938	ok	0.0494	10
14582	ok	0.2197	28201
11823	ok	0.0511	100
10896	ok	0.0170	100
16296	ok	0.0722	10
10709	ok	0.0360	28201
13240	ok	0.0247	16313
14462	ok	0.2789	244931
11527	ok	0.0204	100
11766	ok	0.0278	16313
14134	ok	0.1233	100
10016	ok	0.0293	16313
11460	ok	0.2984	238300
11873	ok	0.1234	100
14348	ok	0.0194	100
12524	ok	0.1356	100
10310	ok	0.1426	100
12094	ok	0.0265	12836
14368	ok	0.0548	10
12242	ok	0.0281	16071
10093	ok	0.0617	100
13610	ok	0.0788	100
13119	ok	0.1313	104437
13050	ok	0.0084	6
11833	ok	0.0107	6
12804	ok	0.0070	6
13931	ok	0.0034	4
14836	ok	0.0030	4
12148	ok	0.0042	6
12463	ok	0.0608	6
10532	ok	0.0067	1
11614	ok	0.0375	10
12897	ok	0.0360	10
13769	ok	0.0053	28
17434	ok	0.2288	259946
15153	ok	0.0126	10
19065	ok	0.0235	16489
17120	ok	0.1867	50364
10316	ok	0.0464	8200
13421	ok	0.0249	100
16677	ok	0.0215	10
16250	ok	0.0321	10
11307	ok	0.0203	1000
14481	ok	0.3158	442093
10965	ok	0.3315	312403
11312	ok	0.3045	312403
12928	ok	0.0133	100
12522	ok	1.5447	1742133
11543	ok	0.0395	100
10486	ok	2.5794	100
19337	ok	0.0405	10
17173	ok	0.0339	10
16535	ok	0.0346	10
16023	ok	0.0400	10
17871	ok	0.0453	10
19629	ok	0.0533	10
16513	ok	0.0475	10
15225	ok	0.0429	10
18739	ok	0.0402	10
16141	ok	0.0353	10
16297	ok	0.0347	10
17296	ok	0.0368	10
17866	ok	0.0368	10
16502	ok	0.0358	10
19025	ok	0.0343	10
18959	ok	0.0333	10
15120	ok	0.0340	10
12732	ok	0.1980	267193
15330	ok	0.0316	10
15128	ok	0.2844	232154
15806	ok	0.2774	232154
18746	ok	0.0395	10
12018	ok	0.1953	267193
15152	ok	0.0231	10
16443	ok	0.0233	10
18312	ok	0.0236	10
17164	ok	0.0320	10
16325	ok	0.0344	10
11375	ok	0.0056	100
10698	ok	0.1445	10
10434	ok	0.0215	6
14454	ok	0.0243	6
13101	ok	0.0183	6
12932	ok	0.0126	6
12921	ok	0.0119	6
14412	ok	0.0120	6
10651	ok	0.5288	6
10247	ok	0.0033	6
13874	ok	0.0025	6
13465	ok	0.0022	1
11587	ok	0.0028	1
12650	ok	0.0027	1
14429	ok	0.0655	8
14477	ok	0.0221	6
12118	ok	0.0019	4
13007	ok	0.0043	4
13105	ok	0.0074	4
10149	ok	0.0246	6
10587	ok	5.2813	6
13635	ok	0.0146	1
12855	ok	0.1722	100
13648	ok	0.0135	100
13871	ok	0.0486	100
10365	ok	0.1163	100
12360	ok	3.1004	100
14099	ok	0.2357	100
13588	ok	0.2498	100
10706	ok	0.0436	100
11022	ok	0.0674	27639
10892	ok	0.1419	82712
10819	ok	0.0622	29218
10350	ok	0.2125	135357
14649	ok	0.0514	41463
14771	ok	0.4160	247879
13211	ok	0.0508	23908
11319	ok	0.0598	47979
14214	ok	0.6274	0
13558	ok	0.0006	1
11490	ok	0.0007	1
12437	ok	0.0010	1
10689	ok	0.0008	1
13584	ok	0.0008	1
14893	ok	0.0053	1
10797	ok	0.0009	1
12002	ok	0.0010	1
11102	ok	0.0013	1
10826	ok	0.0156	1
12347	ok	0.0031	1
14879	ok	0.0018	1
15417	ok	0.0214	10
18042	ok	0.0214	10
15303	ok	0.0212	10
17946	ok	0.0213	10
18054	ok	0.0213	10
17196	ok	0.0220	10
11229	ok	0.0110	6
14297	ok	0.0102	6
13497	ok	0.0103	6
12894	ok	0.0120	6
12462	ok	0.2782	6
15988	ok	0.0231	10
15825	ok	0.0245	10
15528	ok	0.0235	10
15077	ok	0.0229	10
15045	ok	0.0247	10
15266	ok	0.0246	10
16874	ok	0.0244	10
17953	ok	0.0247	10
16943	ok	0.0456	10
11602	ok	0.2746	267193
19669	ok	0.0252	10
16166	ok	0.0258	10
15234	ok	0.0412	10
15619	ok	0.0406	10
19010	ok	0.0342	10
16241	ok	0.0397	10
17974	ok	0.0376	10
19106	ok	0.0429	10
15032	ok	0.1373	101563
11004	ok	0.2848	100
11613	ok	0.2995	100
11035	ok	0.0136	100
13566	ok	0.0075	922
13724	ok	0.0081	8242
17339	ok	0.0478	10
16453	ok	0.0332	10
16589	ok	0.0343	10
14293	ok	0.0389	10
18701	ok	0.0341	10
12640	ok	0.3788	267193
10708	ok	0.0370	100
12247	ok	0.4193	267193
19394	ok	0.0628	10
19620	ok	0.0729	10
19520	ok	0.0152	10
11143	ok	0.4797	267193
13338	ok	0.0460	10
13037	ok	0.0287	10
14087	ok	0.0880	6
13225	ok	0.6343	6
14039	ok	0.6022	6
12941	ok	0.0276	6
10860	ok	0.0842	8
13544	ok	0.1219	8
13237	ok	0.0375	8
13352	ok	0.0596	6
14458	ok	0.0085	6
14533	ok	0.0027	6
10220	ok	0.0028	6
12927	ok	0.0012	4
14136	ok	0.0125	6
11178	ok	0.0254	100
11550	ok	0.0444	6
11370	ok	0.0146	691
10995	ok	0.0030	4
14046	ok	0.3450	277341
11578	ok	0.0486	1
14569	ok	0.0033	1
14938	ok	0.0064	1
12915	ok	0.0065	1
10551	ok	0.0163	8249
13943	ok	0.0347	100
19984	ok	0.0537	10
14830	ok	0.0573	100
11928	ok	7.8165	100
12816	ok	0.0058	100
12255	ok	0.1634	100
14050	ok	0.2029	100
15336	ok	0.0497	10
15590	ok	0.0478	10
10531	ok	0.0135	100
12547	ok	0.0133	100
14124	ok	0.0092	100
19783	ok	0.0447	10
12197	ok	10.5434	100
14584	ok	7.6116	100
10850	ok	0.0955	100
10948	ok	0.0800	100
11196	ok	3.7130	100
12304	ok	0.1806	100
13592	ok	0.4036	100
12112	ok	0.0639	27676
13271	ok	0.0532	43091
13792	ok	0.0569	100
11409	ok	0.0241	16071
14659	ok	0.0147	100
13848	ok	0.0491	100
12531	ok	0.0390	100
11622	ok	0.0652	100
11144	ok	0.5901	594318
18626	ok	0.0445	10
13328	ok	0.0571	100
14415	ok	0.0024	30
10694	ok	0.0040	6
11059	ok	0.1050	6
12984	ok	0.0028	4
10514	ok	0.0016	4
14787	ok	0.0027	4
10641	ok	0.0016	4
10261	ok	0.0123	6
10306	ok	0.4324	267193
11998	ok	0.0438	100
19344	ok	0.0530	10
14908	ok	0.0580	100
14274	ok	0.0063	100
10662	ok	0.0784	100
12248	ok	0.2964	267193
13473	ok	0.1747	100
14749	ok	2.4016	100
13538	ok	1.8448	267193
11735	ok	0.0439	100
10300	ok	0.0149	100
14153	ok	0.1059	100
12085	ok	0.0588	100
14267	ok	0.0990	42167
10717	ok	0.3342	60342
14551	ok	0.0124	100
13727	ok	0.0681	100
11636	ok	2.2469	100
11133	ok	0.0545	100
12010	ok	0.0172	100
11487	ok	1.5707	58942
13053	ok	0.0963	100
14343	ok	0.0164	100
12235	ok	0.0710	100
12578	ok	0.2110	100
10573	ok	0.1179	100
13018	ok	0.0338	100
11227	ok	0.5856	244931
11349	ok	0.0953	100
12312	ok	0.2874	100
14215	ok	0.5590	240022
12963	ok	0.1292	8249
13717	ok	0.7980	16071
11383	ok	0.1545	60342
14993	ok	0.2366	100
10530	ok	0.0689	100
12976	ok	0.1345	100
10076	ok	0.0270	16071
11462	ok	0.0520	100
11516	ok	0.0197	100
13301	ok	0.1188	100
14951	ok	0.0351	5397
11737	ok	0.1397	100
12445	ok	0.0491	16313
13387	ok	0.2916	16071
14045	ok	0.8134	16313
10792	ok	0.5855	240022
10008	ok	0.0154	100
13730	ok	0.0891	48071
13941	ok	0.1546	82712
12750	ok	0.0615	30389
11252	ok	0.0167	9930
13263	ok	0.9851	311045
10422	ok	0.0025	0
14421	ok	0.4740	267193
13315	ok	0.0597	10
14400	ok	0.6977	100
11362	ok	1.6173	10
10010	ok	0.0145	10
12853	ok	0.0241	100
12328	ok	0.0024	4
13017	ok	0.0044	6
13485	ok	0.0011	1
13734	ok	0.0042	1
11330	ok	0.1466	100
14510	ok	0.2890	100
14261	ok	0.1537	100
11105	ok	0.2929	104437
12486	ok	1.5767	42167
10169	ok	0.0422	16071
11269	ok	0.1235	100
11070	ok	0.0280	100
11794	ok	0.0757	16071
14061	ok	0.1624	100
13441	ok	0.5507	100
14599	ok	0.0335	100
14588	ok	0.0605	100
10936	ok	0.1434	15025
14003	ok	0.0654	100
10612	ok	0.8822	578011
13813	ok	1.7380	574878
12783	ok	0.0254	100
12589	ok	0.3209	181597
12264	ok	0.0951	100
12478	ok	0.0355	100
13126	ok	0.0713	6
13163	ok	0.0033	4
11444	ok	0.0048	4
12303	ok	0.0144	6
10937	ok	0.0164	6
11929	ok	0.0164	6
14512	ok	0.0712	75275
11200	ok	0.0028	4
12620	ok	0.0064	6531
10581	ok	0.0145	8
14815	ok	0.0157	8
12134	ok	0.0265	8
10668	ok	0.0202	6
14598	ok	0.0163	6
12168	ok	0.0193	6
14753	ok	0.0228	6
11974	ok	0.0090	6
12451	ok	0.0183	6
12061	ok	0.0059	12
10189	ok	0.0024	1
14308	ok	0.0064	1
10771	ok	0.0032	6
12946	ok	0.0047	6
14973	ok	0.0018	2
19028	ok	0.0487	10
18157	ok	0.0538	10
17825	ok	0.0783	57876
10342	ok	0.0296	100
15726	ok	0.0491	10
15994	ok	0.2620	232154
17599	ok	0.0464	10
11212	ok	0.3249	267193
14926	ok	0.0212	10
19301	ok	0.0198	10
13325	ok	0.0217	6
10737	ok	0.0390	6
11251	ok	0.2655	6
14420	ok	0.0099	6
10872	ok	0.0269	6
14943	ok	0.0440	6
10435	ok	0.0090	6
11266	ok	0.0078	6
10130	ok	0.0069	6
11479	ok	0.0085	6
13826	ok	0.0194	6
14999	ok	0.0071	6
10909	ok	0.0398	6
13114	ok	0.0089	4
12194	ok	0.0196	6
11702	ok	0.0216	6
11792	ok	0.0483	6
13992	ok	0.0384	6
11778	ok	0.5658	6
10356	ok	0.0401	8
14942	ok	0.0680	6
13410	ok	0.0778	6
13143	ok	0.0036	12
14567	ok	0.5802	8372
13314	ok	0.1982	100
11600	ok	0.0126	100
16076	ok	0.0925	10
15390	ok	0.1144	101563
11235	ok	0.2033	100
11944	ok	0.0368	16313
14853	ok	0.7157	104437
14673	ok	0.3116	16313
11493	ok	0.7993	104437
19011	ok	0.0508	10
14752	ok	0.0316	100
14794	ok	0.0049	38
19911	ok	0.0457	10
13020	ok	0.0489	36253
14271	ok	0.2527	267193
12831	ok	0.3927	267193
13151	ok	0.0605	100
10371	ok	0.0363	100
10907	ok	0.0523	10
18229	ok	0.0790	10
14008	ok	1.3601	100
14160	ok	0.3159	267193
11006	ok	0.0258	1417
10898	ok	1.6923	10
14324	ok	2.4014	100
13175	ok	2.7744	100
10900	ok	0.0349	1
13816	ok	0.0178	1
10026	ok	0.5480	267193
11119	ok	0.0254	6530
12435	ok	4.4228	100
11774	ok	0.4770	267193
13217	ok	1.3172	267193
12042	ok	0.4575	267193
13900	ok	4.8995	100
10255	ok	0.0973	100
10752	ok	0.5226	267193
10448	ok	0.0895	100
11173	ok	0.1876	100
11971	ok	0.0883	100
13489	ok	0.1569	100
10873	ok	0.0086	100
13149	ok	3.4056	100
13967	ok	0.2851	100
13958	ok	0.0398	16313
11272	ok	0.0241	100
10271	ok	0.0124	100
11535	ok	0.1412	100
12074	ok	0.2816	8249
11461	ok	0.0276	100
12129	ok	0.3890	100
14875	ok	0.3814	104437
12628	ok	0.2373	101563
12226	ok	0.0107	100
10568	ok	0.4452	100
14762	ok	0.0224	100
11450	ok	1.4717	104437
10447	ok	12.4819	100
12116	ok	0.0768	100
12119	ok	0.7364	27676
13705	ok	0.5658	100
10982	ok	0.0119	0
12258	ok	0.1166	100
13965	ok	4.5202	100
13896	ok	0.1038	10
10606	ok	0.1876	10
14281	ok	0.3497	100
13506	ok	0.0879	100
11666	ok	0.1008	100
14792	ok	0.7871	100
12636	ok	0.0114	536
7551	ok	0.0250	10
12349	ok	0.0119	100
13375	ok	0.0815	100
13307	ok	0.2174	1
11834	ok	0.0104	6
12471	ok	0.0044	4
13133	ok	0.0118	5
14596	ok	0.0681	6
10604	ok	0.0070	776
13674	ok	0.1218	100
11489	ok	0.0289	8249
10150	ok	0.4938	101563
10899	ok	0.0246	8249
11649	ok	0.0195	100
10846	ok	0.0281	100
14952	ok	0.9569	100
11892	ok	0.6123	16071
10351	ok	0.1994	100
11712	ok	0.1365	100
13124	ok	0.2364	100
12617	ok	0.0431	100
10193	ok	0.0580	16410
14785	ok	0.0274	100
10427	ok	0.0246	8249
14931	ok	0.0504	16313
10539	ok	0.0185	100
10288	ok	0.0086	537
12261	ok	0.0137	100
13426	ok	0.2849	7928
10747	ok	0.2687	240022
13629	ok	0.4629	100
14378	ok	1.0399	60342
11765	ok	0.0558	100
14687	ok	0.0413	16313
12919	ok	0.0976	1
14423	ok	0.0111	1
14935	ok	0.0140	4
12811	ok	0.0040	6
10380	ok	0.0045	4
13720	ok	7.8343	100
10618	ok	0.9949	100
14409	ok	0.4238	16313
13182	ok	0.0319	100
13834	ok	0.8548	100
13736	ok	1.5960	29592
11325	ok	1.1823	100
13988	ok	2.8220	100
11180	ok	0.5607	277341
14729	ok	0.5365	442093
14113	ok	10.4841	100
13204	ok	0.2154	109952
13257	ok	0.1931	100
11427	ok	0.7507	267193
11969	ok	0.6412	267193
14079	ok	0.0895	39154
10962	ok	6.9336	100
13978	ok	0.2455	100
14520	ok	0.1213	100
11434	ok	12.0862	100
14779	ok	0.8425	267193
12603	ok	0.5963	267193
14381	ok	0.9179	267193
12058	ok	0.0020	0
15146	ok	0.0143	10
18658	ok	0.0139	10
17889	ok	0.0162	10
19579	ok	0.0183	10
15810	ok	0.0162	10
19670	ok	0.0167	10
15171	ok	0.0201	10
15384	ok	0.0195	10
15480	ok	0.0189	10
15598	ok	0.0193	10
15861	ok	0.0211	10
16345	ok	0.0231	10
16727	ok	0.0183	10
19397	ok	0.0170	10
17928	ok	0.0169	10
19254	ok	0.0159	10
15114	ok	0.0163	10
17045	ok	0.0165	10
17604	ok	0.0164	10
15363	ok	0.0165	10
16192	ok	0.0256	10
14375	ok	0.0119	6
10099	ok	0.0103	6
10347	ok	0.0099	6
12872	ok	0.0110	6
11014	ok	0.0148	6
13836	ok	0.0140	6
14455	ok	0.0220	6
13241	ok	0.0128	6
10869	ok	0.4050	6
11719	ok	0.4858	17
10171	ok	0.0108	100
13282	ok	0.5110	100
12548	ok	1.2762	58942
10386	ok	0.1155	100
13906	ok	0.1175	16071
10078	ok	0.0596	8249
13192	ok	6.0481	100
11872	ok	1.6973	100
12953	ok	0.2268	60342
11545	ok	0.0836	16313
14185	ok	0.3230	101563
11563	ok	0.0718	16301
12821	ok	4.4075	100
12335	ok	0.0716	25848
6050	ok	0.0827	123
12174	ok	0.6345	46240
14233	ok	0.0293	938
10786	ok	0.0512	14726
12975	ok	0.0246	8
13369	ok	0.7144	587644
10589	ok	2.0823	259934
12670	ok	0.0217	100
11308	ok	0.1550	1
14901	ok	0.0281	1367
19370	ok	0.0139	10
16609	ok	0.0211	10
17332	ok	0.0237	10
19841	ok	0.0156	10
15016	ok	0.0177	10
17078	ok	0.0173	10
17475	ok	0.0179	10
17715	ok	0.0180	10
17849	ok	0.0821	10
11010	ok	0.0184	100
15601	ok	0.0170	10
17648	ok	0.1370	10
12541	ok	0.0438	100
12936	ok	0.0573	100
12410	ok	0.0197	100
10895	ok	0.0547	100
14907	ok	0.6418	16313
11255	ok	9.2670	100
12665	ok	0.0302	550
10377	ok	0.9575	100
14517	ok	1.3880	267193
14645	ok	1.4753	267193
12492	ok	0.0292	10
11256	ok	0.0297	10
10415	ok	0.4126	267193
14782	ok	0.1461	100
13155	ok	0.1418	100
11197	ok	0.1249	100
13386	ok	0.4043	267193
11374	ok	0.1554	267193
11648	ok	0.2380	267193
13557	ok	0.1970	267193
11353	ok	0.1699	267193
14112	ok	0.0090	10
11264	ok	0.0160	6
10252	ok	0.0167	6
14460	ok	0.0027	6
14561	ok	0.0270	6
12234	ok	0.0153	6
10535	ok	0.0041	4
13486	ok	0.0153	4
10657	ok	0.0193	6
11210	ok	0.0184	6
14709	ok	0.0174	6
11860	ok	0.0189	6
10888	ok	0.0143	6
12222	ok	0.0333	6
10346	ok	0.0190	6
12648	ok	0.0499	4
12879	ok	0.0079	4
11858	ok	0.0100	4777
12858	ok	0.0008	1
13785	ok	0.0007	1
13758	ok	0.0011	1
13741	ok	0.0013	1
14121	ok	0.0065	1
10966	ok	0.0984	1
14821	ok	0.0098	1
13068	ok	0.0020	6
12382	ok	0.0016	6
13479	ok	0.5798	267193
14183	ok	0.1665	10
12245	ok	4.7327	10
11689	ok	0.4650	267193
13887	ok	0.1443	100
12205	ok	0.1148	100
10395	ok	0.2529	267193
11065	ok	0.2473	65122
11821	ok	0.1415	100
10417	ok	0.2303	100
10718	ok	0.4407	267193
14874	ok	0.0156	3610
14286	ok	3.9359	100
13603	ok	6.2915	100
12149	ok	6.1066	100
14991	ok	0.5420	267193
13098	ok	14.8701	100
10023	ok	1.3285	267193
13043	ok	0.0284	853
10994	ok	0.5152	277341
19314	ok	0.0349	10
11784	ok	0.4039	16313
12503	ok	0.2388	16071
13659	ok	0.1696	100
11869	ok	0.0283	16313
12111	ok	0.2999	100
13366	ok	0.0470	100
13632	ok	0.0443	100
14065	ok	0.0215	100
13365	ok	0.0164	100
13232	ok	0.5116	100
12515	ok	0.0446	8249
14328	ok	0.0684	10
13174	ok	0.2299	8249
14319	ok	0.0085	537
11011	ok	0.6772	28201
11253	ok	0.0482	8249
12685	ok	0.2536	16313
12366	ok	0.4959	246673
12480	ok	0.1105	68094
11732	ok	0.5613	16059
14066	ok	0.0509	104437
10824	ok	0.0655	100
14930	ok	0.0143	1
14543	ok	0.0075	0
11935	ok	0.0011	1
11990	ok	0.0013	1
12870	ok	0.0029	6
12461	ok	0.0024	6
12999	ok	0.0023	6
13026	ok	0.0029	4
13462	ok	0.0759	6
14619	ok	0.0023	4
14223	ok	0.0484	6
14511	ok	0.0131	4
9214	ok	0.1642	779
14226	ok	0.0567	4
11058	ok	0.0715	6
11045	ok	0.0035	4
11608	ok	0.0255	100
13278	ok	0.3560	246673
14358	ok	0.0493	8249
10961	ok	0.0379	16071
11832	ok	0.0308	8380
13531	ok	0.0296	8249
13500	ok	0.0316	100
13788	ok	0.0454	8249
11703	ok	0.0619	10
10125	ok	0.0266	537
10403	ok	0.0101	537
10574	ok	0.4096	100
11630	ok	4.8366	100
11138	ok	0.4013	246673
10861	ok	0.0713	16313
10307	ok	0.0290	8380
12520	ok	0.0218	8249
14563	ok	0.2988	240022
14228	ok	0.0106	100
13138	ok	0.0913	16313
10480	ok	0.0541	100
14161	ok	0.0935	100
13362	ok	0.1147	100
12489	ok	0.0145	537
8272	ok	6.4234	100
13051	ok	1.0837	29583
11938	ok	0.3187	30
10572	ok	0.6389	267193
12833	ok	0.0315	10
12706	ok	0.0114	3610
10809	ok	0.4708	267193
10645	ok	0.0905	100
14984	ok	0.4251	267193
10602	ok	7.0932	100
12904	ok	11.9538	100
13740	ok	8.1767	100
14402	ok	0.0407	10
12120	ok	0.0402	100
13055	ok	15.6781	100
10217	ok	0.0763	10
10865	ok	0.5283	267193
12029	ok	0.0328	100
13766	ok	0.0499	100
10723	ok	0.0649	10
14851	ok	0.0594	10
12218	ok	0.0023	4
12639	ok	0.0956	6
11314	ok	0.0136	3
14278	ok	0.0026	6
10868	ok	0.0076	10
12060	ok	0.0062	1
12095	ok	0.0016	1
12862	ok	0.0060	1
14609	ok	0.1603	1
12985	ok	0.2933	366
10414	ok	0.0155	0
12587	ok	4.4571	100
14604	ok	0.0153	0
12581	ok	0.0537	100
12447	ok	0.0975	100
12402	ok	0.0827	100
12464	ok	0.0516	100
12184	ok	0.3661	6
14927	ok	0.0267	8380
11962	ok	0.0469	100
14394	ok	0.0637	100
12030	ok	0.2666	104437
10017	ok	0.0175	4
10031	ok	2.3949	1200092
10060	ok	0.0365	100
10061	ok	0.0154	6
10063	ok	0.0064	6
10064	ok	0.0445	0
10068	ok	0.0147	100
10111	ok	0.0181	100
10115	ok	2.1483	100
10116	ok	0.0056	31
10107	ok	0.0288	100
10108	ok	0.6963	100
10140	ok	0.0234	100
10157	ok	0.0253	1356
10161	ok	0.1836	240022
10177	ok	0.0456	100
10181	ok	0.7235	100
10191	ok	0.1555	246673
10214	ok	0.0757	100
13253	ok	0.5037	267193
13188	ok	0.9217	100
10021	ok	0.0358	100
10053	ok	0.0724	17095
10092	ok	0.6254	240022
10096	ok	0.0431	100
10123	ok	0.4616	267193
10129	ok	2.4587	100
10179	ok	4.1869	100
10207	ok	0.0141	100
10212	ok	0.0600	65122
10213	ok	0.4694	267193
10218	ok	0.0213	42
10221	ok	0.6559	267193
10227	ok	0.0348	10
10185	ok	0.0425	6
10187	ok	0.0103	4
10202	ok	1.9266	8
10074	ok	0.0069	1
10083	ok	0.0038	1
10118	ok	0.0064	1
10141	ok	0.0214	1
10231	ok	0.0414	100
10246	ok	0.5226	100
10256	ok	0.0316	0
10258	ok	2.3773	100
10272	ok	0.0170	8380
10276	ok	3.1096	100
10304	ok	0.0221	6
10308	ok	0.0136	6
10313	ok	0.0321	100
10315	ok	0.4623	246673
10318	ok	0.0769	100
10334	ok	0.0229	6
10338	ok	1.2023	240022
10364	ok	0.5951	100
10370	ok	0.1051	100
10378	ok	0.0170	0
10391	ok	0.0832	28201
10406	ok	1.6549	1200092
10418	ok	0.0146	100
10428	ok	0.0681	6
10433	ok	0.0208	6
10437	ok	0.4131	0
10438	ok	0.0179	6
10440	ok	0.0508	0
10450	ok	2.2232	1200092
10467	ok	0.0272	16071
10469	ok	1.1957	1200092
10470	ok	0.0201	8
10481	ok	0.0208	100
10490	ok	0.4141	0
10491	ok	0.1871	246673
10493	ok	0.3345	100
10528	ok	0.0327	16071
10254	ok	0.0079	100
10283	ok	0.1063	267193
10297	ok	0.0363	100
10301	ok	0.3888	442093
10303	ok	0.3195	267193
10314	ok	0.2094	267193
10325	ok	0.0368	100
10372	ok	0.6052	267193
10398	ok	0.0231	100
10408	ok	0.0388	100
10423	ok	0.5496	267193
10432	ok	1.5069	10
10443	ok	0.0229	100
10496	ok	4.9367	10
10497	ok	0.3775	267193
10501	ok	0.5329	267193
10509	ok	0.3645	267193
10478	ok	0.0030	1
10543	ok	0.0407	100
10547	ok	0.2957	190502
10549	ok	0.0027	1
10550	ok	0.0531	100
10552	ok	0.0928	39641
10553	ok	0.0156	6
10563	ok	0.0222	100
10566	ok	0.1128	100
10569	ok	0.0367	100
10583	ok	0.0407	100
10591	ok	0.8244	267193
10592	ok	0.0087	6
10597	ok	0.0571	100
10600	ok	0.0301	10
10605	ok	1.1021	4
10610	ok	0.6386	100
10611	ok	0.0386	1
10621	ok	0.0030	4
10631	ok	0.0534	100
10635	ok	0.0041	1
10640	ok	0.0054	6
10643	ok	0.0166	100
10646	ok	0.0833	267193
10649	ok	0.0274	6
10652	ok	0.5923	240022
10653	ok	0.0151	100
10654	ok	0.0122	1
10660	ok	0.4606	190502
10661	ok	0.3485	267193
10667	ok	0.0891	43681
10675	ok	0.0124	100
10679	ok	0.1632	100
10705	ok	0.0068	1
10707	ok	0.1179	100
10710	ok	0.0346	100
10714	ok	0.0060	1
10715	ok	0.0108	6
10716	ok	0.0197	550
10724	ok	0.1041	100
10725	ok	0.1179	240022
10729	ok	0.2220	267193
10734	ok	0.0823	100
10735	ok	0.0060	1
10743	ok	0.0171	6
10748	ok	3.1953	100
10751	ok	0.4432	267193
10756	ok	0.0076	0
10757	ok	0.0136	8380
10768	ok	0.2053	65122
10785	ok	0.1245	65122
10791	ok	0.0403	100
10794	ok	0.0588	10
10796	ok	2.1472	100
10798	ok	0.0113	6
10799	ok	0.0235	100
10803	ok	0.0012	1
10847	ok	0.0073	100
10848	ok	0.0059	1
10852	ok	0.0032	5
10863	ok	0.1383	267193
10867	ok	0.2990	240022
10875	ok	0.4299	267193
10886	ok	0.1143	10
10903	ok	0.0463	100
10910	ok	1.2250	190502
10912	ok	0.0344	100
10916	ok	0.0687	31
10924	ok	0.0353	100
10934	ok	0.4027	190502
10950	ok	4.9136	100
10952	ok	0.3008	100
10955	ok	0.2396	100
10960	ok	0.2643	190502
10969	ok	1.8630	100
10971	ok	0.0303	5
10973	ok	0.0526	100
10974	ok	0.1674	100
10978	ok	0.1517	75270
10993	ok	0.0402	100
11002	ok	0.0189	6
11008	ok	0.0048	6
11012	ok	0.0160	100
11024	ok	0.1330	267193
11026	ok	0.0295	100
11029	ok	0.0784	100
11034	ok	0.0101	6
11040	ok	0.0092	6
11053	ok	0.0465	0
11068	ok	0.0155	0
11074	ok	0.5187	190502
11075	ok	0.3417	267193
11082	ok	0.4713	267193
11090	ok	0.2652	101563
11091	ok	0.2736	277341
11092	ok	0.0215	6
11096	ok	0.3294	240022
11113	ok	0.0471	100
11115	ok	0.7878	442093
11118	ok	0.4676	267193
11122	ok	0.0483	100
11131	ok	0.0373	100
11135	ok	0.0739	10
11148	ok	0.0111	0
11150	ok	0.3767	240022
11152	ok	0.0106	1
11153	ok	0.0440	100
11154	ok	0.3998	246673
11165	ok	0.0301	100
11181	ok	0.4112	267193
11187	ok	0.0204	8
11190	ok	0.0272	100
11205	ok	0.0941	1
11207	ok	0.0409	100
11215	ok	0.0251	6
11218	ok	1.3129	100
11220	ok	0.0368	100
11221	ok	0.0416	100
11224	ok	1.0080	100
11225	ok	0.4844	22698
11226	ok	0.0552	0
11240	ok	0.0567	10
11242	ok	0.0173	8380
11243	ok	0.0270	5648
11245	ok	0.0698	50
11246	ok	0.0040	1
11267	ok	0.0202	100
11268	ok	0.0368	100
11270	ok	0.6098	442093
11274	ok	0.8526	100
11280	ok	0.0214	6
11282	ok	0.0413	100
11284	ok	0.5196	267193
11285	ok	0.0528	100
11315	ok	0.0178	6
11322	ok	0.0422	7441
11326	ok	0.0958	100
11333	ok	0.0079	1
11342	ok	0.0418	23900
11346	ok	8.5354	10
11351	ok	0.0283	10
11352	ok	0.7528	442093
11357	ok	0.0131	100
11358	ok	0.0265	100
11363	ok	0.3481	190502
11366	ok	0.0098	1
11373	ok	0.0166	100
11376	ok	0.4768	240022
11384	ok	0.4687	240022
11392	ok	0.0137	100
11393	ok	0.4827	267193
11395	ok	0.0160	100
11404	ok	0.0320	16071
11406	ok	0.0136	6
11422	ok	0.6437	267193
11423	ok	0.0543	100
11425	ok	0.0087	12
11430	ok	0.0596	10
11449	ok	0.0649	50
11465	ok	0.9642	10
11466	ok	0.0466	28231
11468	ok	0.0382	100
11494	ok	0.0350	75270
11495	ok	0.3940	100
11504	ok	0.0553	100
11508	ok	0.1150	58865
11520	ok	0.1875	47276
11524	ok	5.4286	1232
11530	ok	0.0593	33175
11532	ok	0.1742	100
11539	ok	0.3036	267193
11551	ok	0.0538	100
11556	ok	0.4172	267193
11561	ok	0.0316	100
11564	ok	0.2516	8380
11566	ok	1.4618	16313
11567	ok	0.0083	1
11571	ok	0.0881	267193
11593	ok	0.2124	64669
11610	ok	0.0526	1601
11623	ok	0.3153	240022
11626	ok	0.0875	100
11635	ok	0.0705	100
11640	ok	0.5896	100
11647	ok	6.3284	100
11654	ok	1.1383	190502
11655	ok	0.8156	190502
11676	ok	0.0125	6
11677	ok	0.6106	267193
11678	ok	0.1566	101563
11687	ok	0.0443	100
11693	ok	0.1369	100
11701	ok	0.0302	6
11706	ok	0.0383	6
11714	ok	0.0190	100
11720	ok	0.8077	100
11724	ok	2.0045	100
11727	ok	0.5517	240022
11730	ok	0.1301	100
11743	ok	0.0141	6
11744	ok	0.0244	8
11760	ok	0.0330	10
11771	ok	0.2174	267193
11787	ok	0.4364	190502
11802	ok	0.0897	100
11815	ok	0.0650	10
11819	ok	0.0280	8249
11826	ok	0.3980	267193
11837	ok	0.0279	8380
11845	ok	0.0028	1
11851	ok	0.0281	8
11875	ok	0.6091	1
11883	ok	0.4368	267193
11887	ok	0.0491	6
11894	ok	0.0797	100
11905	ok	0.5024	267193
11909	ok	0.5402	267193
11913	ok	0.0780	100
11922	ok	0.0252	10
11926	ok	0.0030	1
11937	ok	0.4408	190502
11940	ok	0.0220	100
11946	ok	0.4944	267193
11948	ok	2.8331	100
11959	ok	0.0137	10
11961	ok	0.0287	100
11964	ok	0.1502	267193
11977	ok	0.0538	8249
11985	ok	0.0302	8380
11995	ok	0.1097	10
12000	ok	0.0564	100
12001	ok	0.2542	1
12006	ok	0.7323	267193
12012	ok	0.0018	6
12014	ok	0.0705	22698
12021	ok	0.3047	246673
12023	ok	0.4156	240022
12031	ok	0.0039	34
12033	ok	0.4335	267193
12056	ok	0.8507	190502
12059	ok	0.0084	4
12064	ok	0.3767	246673
12070	ok	0.4256	190502
12073	ok	0.0506	10
12076	ok	0.0179	100
12081	ok	0.3904	100
12082	ok	0.0178	4810
12084	ok	0.0717	100
12089	ok	0.4016	65122
12110	ok	0.1070	100
12115	ok	0.2591	16313
12117	ok	0.1158	100
12123	ok	0.1480	267193
12128	ok	0.6074	267193
12130	ok	0.0342	100
12132	ok	0.0253	6
12136	ok	0.4126	317347
12142	ok	0.0681	100
12143	ok	0.0203	6
12144	ok	0.1596	100
12145	ok	0.4474	240022
12161	ok	0.9694	8380
12163	ok	0.5229	267193
12178	ok	0.0495	100
12180	ok	0.0352	537
12189	ok	1.2433	240022
12206	ok	0.0581	6
12210	ok	0.0122	6
12216	ok	0.0416	100
12220	ok	0.0310	100
12225	ok	0.0153	196
12249	ok	0.0579	46361
12250	ok	4.3252	10
12257	ok	0.0130	6
12260	ok	0.5468	267193
12269	ok	0.0207	100
12270	ok	0.4625	246673
12278	ok	1.0694	238300
12280	ok	0.0384	100
12292	ok	3.7687	100
12298	ok	0.1534	100
12313	ok	1.3866	703397
12323	ok	1.8541	100
12329	ok	0.0333	10
12330	ok	0.3214	190502
12331	ok	0.0188	1
12332	ok	0.6386	267193
12337	ok	0.0712	1
12339	ok	0.3758	267193
12350	ok	3.9857	100
12358	ok	0.0363	23887
12363	ok	0.1962	246673
12370	ok	0.1494	100
12381	ok	1.1938	240022
12389	ok	0.2480	240022
12393	ok	0.1053	100
12396	ok	0.0042	1
12411	ok	0.0300	100
12414	ok	0.1242	267195
12436	ok	0.6735	267193
12440	ok	0.2300	267193
12441	ok	0.0095	6
12455	ok	0.3674	100
12470	ok	0.0410	100
12477	ok	0.3374	240022
12482	ok	0.0029	1
12491	ok	17.9017	39641
12500	ok	0.0038	1
12506	ok	2.6405	100
12509	ok	0.1209	100
12523	ok	0.0574	6
12525	ok	0.0473	100
12529	ok	0.9302	16313
12533	ok	0.0226	6
12546	ok	0.0347	100
12555	ok	0.3592	267193
12556	ok	4.1670	10
12557	ok	0.5070	267193
12560	ok	0.0259	100
12575	ok	0.0341	10
12594	ok	0.0844	60342
12595	ok	0.0704	100
12597	ok	0.0517	100
12600	ok	0.4010	267193
12606	ok	0.0739	10
12613	ok	0.0128	100
12621	ok	0.3024	246673
12638	ok	0.0131	4
12641	ok	0.0377	100
12643	ok	0.0245	4
12646	ok	0.2676	267193
12647	ok	0.0672	100
12653	ok	0.0197	8
12659	ok	0.4712	100
12660	ok	0.2820	190502
12668	ok	0.0234	100
12675	ok	0.8559	240022
12678	ok	0.9333	190502
12680	ok	3.4922	1
12688	ok	0.8445	16071
12698	ok	0.0032	1
12704	ok	0.0532	100
12711	ok	0.2684	267193
12717	ok	0.0317	100
12718	ok	0.0081	6
12719	ok	0.0367	10
12720	ok	0.3035	267193
12724	ok	0.7279	267193
12742	ok	0.3133	100
12754	ok	0.3412	240022
12755	ok	0.3319	142236
12761	ok	0.0850	51409
12768	ok	0.0082	6
12769	ok	0.0171	10
12777	ok	0.0327	16071
12780	ok	0.6141	240022
12790	ok	0.0174	100
12794	ok	0.0318	100
12799	ok	0.0404	16071
12807	ok	0.0120	100
12815	ok	0.0147	8
12818	ok	0.3891	190502
12826	ok	0.4807	267193
12827	ok	0.0110	5
12850	ok	1.0814	100
12875	ok	0.0306	100
12880	ok	0.4562	267193
12881	ok	0.1322	100
12883	ok	0.6541	267193
12885	ok	0.0094	537
12902	ok	0.0232	8249
12906	ok	0.0192	16313
12912	ok	0.0218	1
12920	ok	0.0157	100
12923	ok	0.2675	267193
12926	ok	0.0722	8
12929	ok	0.5235	267193
12957	ok	0.0397	6
12961	ok	0.0099	6
12965	ok	0.4067	267193
12969	ok	0.1151	4
12972	ok	0.0338	100
12980	ok	0.1297	267193
12983	ok	0.6919	267193
12993	ok	0.0181	6
12994	ok	0.0234	0
13015	ok	0.0171	8253
13016	ok	0.1489	100
13022	ok	0.7309	872868
13023	ok	0.1206	98583
13035	ok	0.5021	246673
13061	ok	0.0433	8
13067	ok	0.0474	6
13074	ok	0.3481	190502
13076	ok	0.0304	6
13079	ok	0.4019	246673
13082	ok	0.0378	100
13096	ok	0.0422	10
13099	ok	4.8894	100
13106	ok	0.0335	100
13125	ok	1.0012	190502
13136	ok	0.0641	100
13147	ok	0.0916	100
13150	ok	0.0376	100
13167	ok	0.0265	100
13176	ok	0.2983	442093
13179	ok	0.4624	267193
13180	ok	0.3203	240022
13181	ok	0.0712	16313
13185	ok	0.3051	267193
13190	ok	0.0904	100
13197	ok	0.0028	6
13201	ok	0.0287	6
13203	ok	0.0181	10
13213	ok	0.4023	267193
13216	ok	0.0116	10
13218	ok	0.5335	267193
13219	ok	0.0587	100
13223	ok	0.0177	1
13244	ok	0.0194	100
13251	ok	0.1162	10
13259	ok	2.9990	100
13268	ok	0.1134	100
13272	ok	0.3144	190502
13276	ok	0.4804	190502
13283	ok	0.0238	100
13285	ok	0.0193	100
13286	ok	0.0420	100
13295	ok	0.0168	6
13296	ok	0.3994	267193
13303	ok	0.0085	6
13308	ok	0.4464	267193
13312	ok	0.3956	240022
13321	ok	0.0732	4
13327	ok	0.6506	28201
13334	ok	0.0012	1
13341	ok	0.0198	3
13346	ok	0.1831	65122
13350	ok	3.4591	10
13351	ok	0.0263	100
13357	ok	0.0324	100
13358	ok	0.2367	240022
13371	ok	0.4869	267193
13390	ok	1.5239	100
13407	ok	2.2011	100
13412	ok	0.0071	5
13414	ok	0.0208	1
13415	ok	0.0283	1
13423	ok	0.0361	100
13424	ok	0.2100	10
13430	ok	0.0681	16071
13433	ok	0.1133	100
13434	ok	0.0406	0
13437	ok	0.1130	100
13443	ok	0.0178	1
13445	ok	0.3425	267193
13448	ok	0.7842	142236
13461	ok	0.5905	100
13464	ok	4.6362	100
13466	ok	0.0136	1
13471	ok	0.0394	0
13475	ok	0.0276	6
13480	ok	0.0609	100
13481	ok	0.0032	1
13492	ok	0.2719	267193
13494	ok	0.2360	267193
13411	ok	0.0362	100
13496	ok	0.0352	100
13504	ok	0.0674	4
13508	ok	0.4177	267193
13513	ok	0.0106	6
13517	ok	0.5156	240022
13527	ok	0.2889	267193
13536	ok	0.0372	10
13541	ok	0.1574	246673
13542	ok	0.0166	6
13543	ok	0.3180	190502
13561	ok	0.0513	100
13575	ok	0.7379	267193
13579	ok	0.3735	267193
13585	ok	0.0946	0
13593	ok	0.5404	267193
13594	ok	0.3992	267193
13604	ok	0.6646	240022
13608	ok	0.0082	6
13613	ok	0.4296	267193
13614	ok	0.2741	246673
13625	ok	0.1135	107667
13641	ok	0.0051	6
13643	ok	0.1951	190388
13646	ok	1.3095	190502
13653	ok	0.0988	100
13661	ok	0.6932	442093
13662	ok	0.3270	100
13667	ok	0.1830	240022
13683	ok	0.3316	267193
13689	ok	3.5342	100
13694	ok	0.4822	267193
13702	ok	0.2706	267193
13714	ok	0.0167	100
13722	ok	0.0172	8249
13731	ok	0.2801	79896
13732	ok	0.3592	100
13733	ok	0.0263	100
13738	ok	0.3454	267193
13743	ok	0.0757	100
13763	ok	0.5926	442093
13764	ok	0.0248	100
13772	ok	0.1859	267193
13773	ok	0.0048	1
13776	ok	0.7666	190502
13778	ok	0.0463	100
13780	ok	5.1361	100
13784	ok	0.0381	550
13789	ok	0.2580	267193
13794	ok	0.0092	6
13799	ok	0.1745	104437
13801	ok	0.0146	6
13811	ok	0.0276	100
13832	ok	0.4042	240022
13835	ok	0.0214	10
13850	ok	0.0241	100
13852	ok	1.3787	190502
13858	ok	0.5601	267193
13859	ok	1.9562	1200092
13861	ok	0.5227	100
13867	ok	0.0252	6
13869	ok	0.3914	267193
13878	ok	0.0289	100
13892	ok	1.0449	552527
13907	ok	0.3011	246673
13911	ok	0.1125	267193
13912	ok	0.5031	190502
13913	ok	0.4513	267193
13921	ok	0.0137	1
13923	ok	0.0545	8
13933	ok	0.0658	100
13938	ok	0.0269	27676
13940	ok	0.0361	100
13945	ok	0.3302	246673
13946	ok	0.1409	65122
13955	ok	0.0311	100
13959	ok	0.0893	65122
13964	ok	0.3992	267193
13966	ok	0.0584	1
13970	ok	0.0513	100
13975	ok	0.0398	100
13977	ok	0.2879	100
13979	ok	1.3824	100
13984	ok	0.0182	10
13990	ok	0.0568	100
14000	ok	0.1053	100
14002	ok	9.0775	100
14004	ok	0.0377	100
14007	ok	0.0148	10
14015	ok	0.1010	100
14019	ok	0.0519	100
14021	ok	1.8108	442093
14030	ok	0.2809	267193
14057	ok	0.0372	100
14068	ok	0.5958	0
14072	ok	0.4429	104437
14076	ok	0.9406	442093
14095	ok	0.4472	190502
14098	ok	0.0225	6
14101	ok	0.0384	100
14106	ok	0.0679	100
14109	ok	0.0407	10
14110	ok	0.0089	6
14118	ok	0.0407	100
14120	ok	0.5063	240022
14130	ok	0.0503	45876
14135	ok	0.1164	100
14137	ok	0.0047	1
14146	ok	0.5297	267193
14156	ok	0.1803	267193
14165	ok	0.6188	190502
14168	ok	0.0954	100
14172	ok	0.0587	100
14173	ok	0.0130	100
14182	ok	0.4782	267193
14184	ok	0.0214	165
14187	ok	0.4267	190502
14191	ok	0.2690	267193
14192	ok	0.5140	267193
14193	ok	1.0954	190502
14200	ok	0.0296	100
14208	ok	0.1877	246673
14209	ok	0.5047	267193
14211	ok	0.0686	100
14242	ok	0.2371	65122
14250	ok	0.1859	267193
14251	ok	0.0042	1
14256	ok	0.0052	1
14265	ok	0.0625	51409
14266	ok	0.0689	100
14277	ok	0.3289	190502
14279	ok	0.0329	16313
14298	ok	0.4879	267193
14299	ok	0.0302	100
14300	ok	0.0248	100
14303	ok	0.0106	100
14304	ok	0.8604	190502
14305	ok	0.0303	1
14307	ok	0.0332	10080
14309	ok	0.2320	267193
14313	ok	0.5960	190502
14316	ok	0.0061	6
14318	ok	0.1971	267193
14321	ok	0.4417	240022
14323	ok	0.2331	267193
14327	ok	5.3491	100
14329	ok	0.0578	100
14331	ok	0.3021	246673
14336	ok	0.0710	65122
14337	ok	0.2985	240022
14344	ok	0.0211	1
14346	ok	0.0382	4307
14360	ok	0.0827	22698
14372	ok	0.0045	1
14376	ok	0.0015	1
14386	ok	0.0123	100
14388	ok	0.0235	6
14401	ok	0.4237	100
14406	ok	0.4931	190502
14407	ok	0.3401	240022
14416	ok	0.1147	267193
14418	ok	0.0795	6
14432	ok	0.4383	267193
14443	ok	0.0265	10
14456	ok	7.1664	100
14465	ok	0.0305	100
14466	ok	0.1443	100
14469	ok	0.6853	267193
14476	ok	0.0155	550
14479	ok	0.0671	1
14486	ok	0.0465	100
14493	ok	0.0708	100
14499	ok	0.0378	16071
14513	ok	0.3304	267193
14515	ok	1.9331	267193
14527	ok	0.0261	100
14528	ok	0.0359	100
14529	ok	0.0202	8249
14536	ok	0.0277	10
14552	ok	0.1359	10
14555	ok	0.0030	4
14560	ok	0.0250	6
14581	ok	0.2979	442093
14595	ok	0.0256	100
14603	ok	0.0070	1
14606	ok	0.0137	6
14616	ok	1.3310	274076
14620	ok	0.4685	267193
14633	ok	0.0647	100
14634	ok	0.3379	267193
14635	ok	0.0383	100
14653	ok	0.0294	100
14660	ok	0.3186	267193
14661	ok	0.2728	267193
14671	ok	0.5389	267193
14674	ok	0.0317	10
14676	ok	0.0032	6
14682	ok	0.2888	267193
14689	ok	0.3087	100
14692	ok	0.9314	190502
14693	ok	0.1097	100
14694	ok	0.0986	100
14700	ok	0.0418	100
14713	ok	0.6813	246673
14717	ok	0.0045	1
14735	ok	0.8240	267193
14751	ok	0.0360	100
14757	ok	0.1300	10
14759	ok	0.0394	10
14770	ok	1.2715	240022
14772	ok	0.3282	267193
14776	ok	0.0133	100
14781	ok	0.5038	240022
14784	ok	0.1153	267193
14790	ok	0.0138	0
14793	ok	0.0069	8
14799	ok	0.0448	100
14807	ok	0.0030	1
14809	ok	0.0375	100
14814	ok	0.4512	267193
14816	ok	0.2032	100
14819	ok	0.6287	65653
14835	ok	0.0571	100
14850	ok	0.0388	10
14856	ok	0.5742	267193
14860	ok	0.1188	4
14864	ok	0.0435	100
14867	ok	0.3839	240022
14876	ok	0.0516	10
14885	ok	0.0079	537
14890	ok	0.0056	6
14903	ok	0.0045	1
14913	ok	0.0579	6
14920	ok	0.0132	6
14928	ok	0.0338	16313
14932	ok	0.4736	267193
14940	ok	0.0190	100
14944	ok	0.0094	100
14953	ok	0.3350	190502
14964	ok	2.0484	100
14969	ok	0.4106	240022
14990	ok	0.0195	10
14992	ok	0.5727	100
15276	ok	0.0187	10
15591	ok	0.0144	10
15896	ok	0.0252	10
17737	ok	0.0396	10
17913	ok	0.0883	109952
18301	ok	0.0173	10
18638	ok	0.0438	10
18654	ok	0.0229	10
19611	ok	0.0136	10
2249	ok	0.0392	10
25231	ok	0.0317	10
25335	ok	0.0398	50
25396	ok	0.3660	267193
25433	ok	0.0473	1
25554	ok	0.0216	160
25679	ok	0.0364	10
25812	ok	0.2004	65122
25918	ok	0.0446	100
26182	ok	0.0698	50
26327	ok	0.0394	10
26388	ok	0.0392	10
26513	ok	0.0892	100
26637	ok	0.0412	100
27244	ok	0.0227	10
27339	ok	0.0115	852
27582	ok	0.0139	1155
27651	ok	0.0779	16934
27684	ok	0.0476	10
27709	ok	0.0937	1
27739	ok	0.0492	10
28007	ok	0.0303	693
28010	ok	8.0837	100
28165	ok	0.0475	10
28173	ok	0.5119	97643
28604	ok	0.0381	10
28646	ok	0.0345	10
2885	ok	0.0444	10
28879	ok	0.0160	0
29086	ok	0.0244	10
29321	ok	0.3544	96
29487	ok	0.0426	10
29631	ok	0.0499	50
29726	ok	0.0407	50
29842	ok	0.0244	10
30841	ok	0.0296	10
31194	ok	0.0233	0
31614	ok	0.0237	0
33104	ok	0.0272	10
3335	ok	0.1494	28833
33426	ok	0.0233	169
3453	ok	0.0315	10
3972	ok	0.3530	154017
4625	ok	0.0280	10
4845	ok	0.0203	50
5004	ok	0.0135	10
5020	ok	0.1071	50
5032	ok	0.0306	10
5090	ok	0.0190	10
5112	ok	0.0380	10
5115	ok	0.0343	10
5130	ok	0.0496	10
5138	ok	0.1609	100
5157	ok	0.0447	588
5168	ok	0.0503	50
5201	ok	0.0448	853
5232	ok	0.0575	10
5262	ok	0.0890	15724
5305	ok	0.0475	100
5390	ok	0.0397	10
5399	ok	0.0731	100
5407	ok	0.0079	20
5417	ok	0.0393	10
5421	ok	0.0124	100
5569	ok	0.0352	10
5572	ok	0.0421	10
5620	ok	0.0539	100
5686	ok	0.0219	50
5698	ok	0.0465	10
5719	ok	0.0497	0
5766	ok	0.0359	50
5817	ok	0.0121	10
5840	ok	0.0247	100
5843	ok	0.1009	100
5876	ok	0.5502	267193
5931	ok	0.4698	267193
6002	ok	0.7664	267193
6055	ok	0.0375	100
6123	ok	0.0136	10
6125	ok	0.0082	4580
6131	ok	0.0664	50
6154	ok	0.0110	100
6165	ok	0.0137	50
6166	ok	0.0217	10
6203	ok	0.0149	10
6259	ok	0.0318	10
6270	ok	0.0445	10
6349	ok	0.0101	820
6388	ok	0.0797	100
6394	ok	0.0723	163
6397	ok	0.0417	50
6425	ok	0.0488	10
6469	ok	0.0133	10
6470	ok	0.0418	10
6537	ok	0.0440	10
6655	ok	0.0764	5
6696	ok	0.1027	100
6698	ok	0.0566	100
6759	ok	0.0216	10
6787	ok	0.6342	267193
6788	ok	0.0100	0
6804	ok	0.0343	10
6878	ok	0.0330	20
6889	ok	0.0394	50
6892	ok	0.1856	100
6930	ok	0.0360	10
6952	ok	0.0231	17
7000	ok	0.0420	10
7061	ok	0.0084	50
7074	ok	0.0400	100
7139	ok	0.0137	10
7141	ok	0.2036	62139
7145	ok	0.0604	10
7169	ok	0.0802	0
7174	ok	0.0537	10
7184	ok	0.0215	10533
7320	ok	0.0503	50
7365	ok	0.0289	10
7385	ok	0.0256	10
7389	ok	0.0553	20
7447	ok	0.0155	20
7524	ok	0.0214	10
757	ok	0.0327	10
7593	ok	0.0571	100
7613	ok	0.0531	10
7660	ok	0.0578	10
7688	ok	1.4453	10
7717	ok	0.0212	0
7827	ok	0.0513	10
7836	ok	0.1195	50
7877	ok	0.0531	100
7902	ok	0.5986	267193
7903	ok	0.0451	10
7939	ok	0.0883	100
7940	ok	0.0322	100
7958	ok	0.0043	9
8011	ok	0.0386	10
8026	ok	0.7437	100
8067	ok	0.0222	10
8075	ok	0.2653	154018
8079	ok	0.0506	10
8107	ok	3.3504	10
8130	ok	0.0418	50
8209	ok	0.0662	50
8261	ok	0.0186	10
8277	ok	0.0501	853
8281	ok	0.1041	10
8288	ok	0.0655	9
8408	ok	0.0471	50
8507	ok	0.0706	50
8623	ok	0.0527	50
8632	ok	0.0377	8380
8700	ok	1.2152	852
8731	ok	0.0398	100
8739	ok	0.0297	50
8748	ok	0.0117	12
8878	ok	0.0204	10
8887	ok	2.9942	100
8933	ok	0.1063	10
8942	ok	0.0512	100
8955	ok	0.2578	154032
8966	ok	0.1221	10
9025	ok	0.1541	2
9066	ok	0.4157	2373
9100	ok	0.0324	10
9142	ok	0.0508	10
9149	ok	0.0759	50
9196	ok	0.0681	5
9241	ok	1.0680	10
9289	ok	0.0742	2105
9318	ok	0.0861	10
9319	ok	9.3863	1
9329	ok	0.0097	5
9337	ok	0.0191	5
9353	ok	0.5103	100
9354	ok	0.0550	10
9356	ok	0.0572	853
9412	ok	0.0545	10
9428	ok	0.5131	215
9450	ok	0.0470	100
9575	ok	0.0231	50
9590	ok	0.0253	50
9675	ok	0.0758	2105
9724	ok	0.0151	6
9743	ok	0.0273	20
9745	ok	0.0095	20
9877	ok	0.0269	10
9943	ok	0.0974	625
9998	ok	0.0166	10
14519	ok	1.0867	267193
28321	ok	0.0637	10
6767	ok	0.0905	10
5637	ok	0.0846	10
12810	ok	1.5434	85295
7560	ok	0.0526	10
10183	ok	0.7501	240022
6478	ok	0.6019	267193
7283	ok	0.0707	2105
14398	ok	0.0655	100
8387	ok	0.0577	100
5231	ok	0.9594	267193
14583	ok	0.2903	65122
6305	ok	0.1095	8262
10946	ok	0.0508	100
1468	ok	0.0659	10
6686	ok	0.0925	10
11675	ok	0.0697	7928
6598	ok	0.2005	109952
7264	ok	0.0546	100
489	ok	0.0873	10
5669	ok	0.0688	10
5961	ok	0.0288	50
5748	ok	0.0774	0
11166	ok	1.0351	190502
9598	ok	0.0817	100
9611	ok	2.6353	100
5223	ok	0.0692	100
28027	ok	8.2792	0
3073	ok	0.0907	7867
26245	ok	0.6563	267193
11079	ok	1.0653	442093
14270	ok	0.5492	6
9874	ok	0.0515	100
8310	ok	0.0724	10
12629	ok	0.0626	10
8345	ok	0.0639	10
6970	ok	0.0785	10
6757	ok	0.1149	10
1823	ok	0.0665	10
28091	ok	0.5351	160681
9433	ok	0.0647	10
26257	ok	0.0663	100
25996	ok	0.0460	50
7535	ok	0.0226	50
8589	ok	0.1138	10
14102	ok	0.7514	240022
8651	ok	0.0469	0
7612	ok	0.0347	50
11679	ok	0.0672	10
2940	ok	0.0462	10
14788	ok	0.7388	267193
9528	ok	0.0226	50
318	ok	0.0550	100
5277	ok	0.0852	100
14613	ok	0.0404	100
1859	ok	0.0241	5
6845	ok	0.1310	2105
9540	ok	0.0514	10
7429	ok	0.0824	2072
9951	ok	1.0382	267193
26670	ok	0.0574	4415
8377	ok	2.0905	100
2551	ok	0.0520	10
8954	ok	0.0523	100
3273	ok	0.0550	10
13381	ok	0.5746	246673
7274	ok	0.0547	100
919	ok	0.0534	8
29147	ok	0.0567	10
3691	ok	0.0511	10
9137	ok	0.0460	50
25579	ok	0.0626	10
26711	ok	0.0648	10
14624	ok	1.9107	240022
27491	ok	0.8022	267193
28598	ok	0.0544	10
34003	ok	0.0515	50
23214	ok	0.0492	50
10719	ok	0.0454	10
25661	ok	0.0578	10
9769	ok	0.0805	100
2661	ok	0.7615	267193
28437	ok	0.0607	100
14062	ok	0.0158	1
28350	ok	0.4611	267193
3609	ok	0.0357	0
27175	ok	0.0446	10
4004	ok	0.0531	13
8411	ok	0.0699	100
27713	ok	1.9515	267193
25718	ok	0.2116	65122
30824	ok	0.0250	10
6460	ok	2.4293	100
13336	ok	0.0544	192
13934	ok	0.1200	10
12588	ok	0.0153	1
14302	ok	0.1324	10
11695	ok	1.7643	100
12733	ok	0.4499	267193
13845	ok	0.0512	100
11657	ok	0.0324	16313
13355	ok	0.0936	10
6458	ok	2.9190	10
11259	ok	0.1247	2105
14741	ok	0.1008	853
13873	ok	0.0778	17326
4255	ok	0.0563	1207
13245	ok	0.5609	267193
10537	ok	0.0069	1
11396	ok	0.4243	75270
10766	ok	0.0599	10
28744	ok	0.1808	110663
10137	ok	0.1990	65122
8901	ok	0.0110	10
14628	ok	0.4383	267193
11848	ok	0.4933	267193
10893	ok	0.1014	8380
7653	ok	1.7219	10
13428	ok	0.3995	246673
13865	ok	0.0079	537
14090	ok	0.2783	142236
13247	ok	0.3942	267193
10349	ok	0.0809	100
10266	ok	0.5825	190502
11993	ok	0.1953	100
13191	ok	0.4931	267193
10981	ok	0.0879	10
12306	ok	0.0711	4
10644	ok	0.1319	47276
26918	ok	0.0896	5
11808	ok	1.4528	267193
13095	ok	0.0546	100
8785	ok	0.0313	10
13200	ok	0.0256	0
11991	ok	0.0860	50
10030	ok	0.5686	16313
10992	ok	0.6146	442093
10788	ok	0.4518	267193
6597	ok	0.0428	20
11318	ok	0.5865	267193
11335	ok	0.0847	100
12567	ok	0.0385	16313
11477	ok	0.7174	142236
14011	ok	0.5570	267193
13926	ok	0.3654	190502
11736	ok	0.4085	267193
8930	ok	0.0533	10
10519	ok	0.0088	550
14858	ok	0.0262	8
11809	ok	0.0176	0
14898	ok	0.6999	267193
6119	ok	0.3606	267193
13744	ok	0.6124	267193
8888	ok	0.1494	10
13177	ok	0.6052	267193
5621	ok	1.6233	50
11691	ok	0.0263	8249
13402	ok	0.3653	100
13928	ok	1.0761	16071
14055	ok	0.7114	267193
13255	ok	0.0270	100
10849	ok	0.1006	10
14157	ok	0.0426	0
12610	ok	0.4418	240022
12075	ok	1.3807	190502
11310	ok	0.4474	190502
5540	ok	0.0516	10
11304	ok	0.6434	267193
10781	ok	0.3748	267193
14892	ok	0.7836	267193
7873	ok	0.0227	10
9829	ok	0.0403	5
11997	ok	1.6853	190502
13725	ok	0.4658	267193
5029	ok	0.0952	7502
11391	ok	0.0817	1
11865	ok	1.8579	190502
7915	ok	0.0087	10
11631	ok	0.4507	267193
11661	ok	0.3446	100
11968	ok	0.0314	8380
6785	ok	0.1815	10
12614	ok	0.6149	267193
10114	ok	0.6203	267193
3054	ok	0.0194	10
11498	ok	7.8920	100
8528	ok	0.0221	50
11157	ok	0.7325	267193
6315	ok	0.0277	10
7833	ok	0.2164	154017
11981	ok	1.1811	267193
14405	ok	0.0331	6
8617	ok	0.0848	0
10348	ok	0.6261	267193
11296	ok	0.9923	267193
13567	ok	0.4755	240022
7466	ok	0.0264	10
12484	ok	0.1061	8249
12171	ok	0.0037	0
12840	ok	0.0918	100
5314	ok	0.0084	0
9124	ok	5.2331	10
6435	ok	0.3018	154017
10226	ok	0.2202	267193
6386	ok	0.0686	10
10972	ok	0.0866	100
11547	ok	0.4920	267193
6139	ok	0.0167	81
12540	ok	0.1255	100
13252	ok	0.0506	6
8324	ok	0.0305	853
10285	ok	0.1395	4
11158	ok	0.2652	100
12386	ok	0.0460	100
10042	ok	0.4838	267193
10540	ok	0.4934	267193
12677	ok	0.7595	442093
13658	ok	0.0153	100
14234	ok	0.0921	100
13478	ok	0.0966	100
10465	ok	1.0777	240022
6683	ok	0.0251	10
12745	ok	0.8208	0
8020	ok	0.0385	50
14040	ok	0.7083	267193
14258	ok	0.6149	240022
6300	ok	0.0389	10
10814	ok	0.0391	100
12730	ok	0.9071	442093
13586	ok	0.4868	245788
13311	ok	0.4529	246673
8397	ok	0.0197	50
14397	ok	0.6229	267193
5191	ok	0.0333	10
13747	ok	4.3711	100
14594	ok	0.7666	0
925	ok	0.0171	0
13540	ok	0.1082	100
14282	ok	3.0407	100
12284	ok	0.5229	190502
8936	ok	0.0280	10
9110	ok	0.0856	100
6113	ok	0.0282	10
14629	ok	0.9604	190502
28876	ok	0.3969	8
10988	ok	0.4921	240022
14501	ok	1.0270	100
9123	ok	0.5140	267193
10676	ok	1.1298	100
14605	ok	0.3665	267193
14916	ok	0.6312	267193
12869	ok	0.7371	442093
13533	ok	0.4616	190502
9933	ok	0.0400	10
152	ok	0.0124	0
11772	ok	0.5770	267193
14369	ok	0.1414	65122
11104	ok	0.9539	100
13888	ok	0.1562	65122
14795	ok	0.5655	267193
13759	ok	0.6363	240022
13165	ok	0.3469	267193
5393	ok	0.3834	267193
6815	ok	0.0892	10
10280	ok	0.5841	267193
14100	ok	0.8815	100
12890	ok	0.7456	442093
13457	ok	0.0177	8380
14355	ok	0.4725	267193
14880	ok	0.0365	0
9851	ok	0.0245	100
7894	ok	0.0833	10
14638	ok	0.0161	8380
13194	ok	0.4375	267193
14648	ok	0.0915	77551
8220	ok	0.0334	10
10006	ok	0.4887	240022
10025	ok	2.1894	100
10564	ok	0.1070	100
13030	ok	3.9001	100
14719	ok	0.0690	0
7928	ok	4.5866	10
10728	ok	1.0493	100
14018	ok	1.0457	8249
10762	ok	0.0197	100
8088	ok	0.0092	10
14017	ok	0.7401	267193
5998	ok	0.5177	267193
13168	ok	0.5356	267193
13361	ok	0.0780	22555
12712	ok	0.1035	100
8764	ok	0.0348	8380
8050	ok	0.1172	100
9584	ok	0.0331	4073
6704	ok	0.4206	100
5267	ok	0.0486	100
12167	ok	2.9634	24
9074	ok	0.2375	65122
12518	ok	0.0872	0
1921	ok	0.0637	10
7998	ok	3.6072	100
10043	ok	1.0604	442093
6364	ok	0.0529	50
9958	ok	0.0443	100
14009	ok	1.6294	240022
4760	ok	0.0417	10
7725	ok	0.0222	100
6543	ok	0.0267	853
9402	ok	0.0271	10
14038	ok	0.9217	442093
5985	ok	0.5144	267193
9632	ok	0.0397	10
13250	ok	1.2597	0
14827	ok	0.6730	267193
9491	ok	0.0433	10
12311	ok	0.0650	10
6563	ok	0.0539	6
5178	ok	0.0351	853
11632	ok	0.5787	240022
14531	ok	0.1584	100
10360	ok	0.0021	0
13948	ok	0.0404	100
4531	ok	0.0147	50
14483	ok	0.1269	23887
14834	ok	0.0969	100
1703	ok	0.0178	10
7747	ok	0.5558	44
9744	ok	0.1225	50
9526	ok	0.0385	100
12737	ok	0.6244	190502
7609	ok	0.0774	50
6780	ok	0.0825	0
7130	ok	0.0363	10
9151	ok	9.5656	10
33531	ok	0.0396	10
26725	ok	0.4294	267193
11836	ok	0.0146	562
8626	ok	0.0734	50
6263	ok	0.0432	10
7562	ok	0.0615	10
3290	ok	0.1953	160681
5134	ok	0.1238	100
7475	ok	0.0283	853
1246	ok	0.0170	853
7673	ok	0.1131	50
12379	ok	0.4776	190502
14644	ok	0.6066	267193
8761	ok	0.0350	10
12854	ok	0.5949	240022
4590	ok	2.1606	0
9903	ok	0.0516	10
25002	ok	0.7374	267193
3922	ok	0.0130	108
5166	ok	0.0707	10
6987	ok	0.0378	10
10665	ok	1.0765	442093
12320	ok	0.9886	267193
5379	ok	0.0171	50
3067	ok	0.0425	0
7830	ok	0.0559	50
12841	ok	0.6777	267193
140	ok	0.1006	50
2421	ok	0.0474	10
10702	ok	8.5915	100
5638	ok	0.0390	100
10730	ok	0.1186	100
1276	ok	0.0957	10
10663	ok	0.2411	56
10529	ok	0.5801	190502
7523	ok	0.0876	10
9396	ok	0.0175	10
9432	ok	0.0365	10
6256	ok	0.0685	691
6448	ok	0.0613	100
2074	ok	0.0213	10
7218	ok	0.6235	267193
18	ok	0.0288	326
9574	ok	0.0904	100
6337	ok	0.0111	20
7798	ok	0.0352	10
25805	ok	0.0175	10
8112	ok	0.0664	50
10842	ok	0.5628	267193
11032	ok	0.4047	267193
6663	ok	0.0205	10
7954	ok	2.7704	857422
9469	ok	0.0294	10
5037	ok	0.8773	267193
8140	ok	0.0280	100
12044	ok	0.5307	190502
26984	ok	0.1068	10
5163	ok	0.0170	10
11581	ok	0.6826	267193
13186	ok	0.1350	100
11756	ok	11.8988	0
9841	ok	0.6712	242812
10359	ok	0.0274	0
1287	ok	0.0608	17236
3973	ok	0.0355	20
6464	ok	0.0229	100
14662	ok	1.1694	442093
9380	ok	0.1530	106
14666	ok	0.1549	100
6468	ok	0.0601	100
4716	ok	0.2847	109952
7510	ok	2.3509	50
12561	ok	0.0924	100
8340	ok	0.0322	0
7565	ok	0.7113	267193
20706	ok	5.8022	25026
10890	ok	0.7538	267193
14945	ok	0.7669	267193
7413	ok	0.0636	2105
5861	ok	0.0836	50
8735	ok	0.0563	16071
8084	ok	0.0450	20
6963	ok	0.0292	100
32601	ok	0.0418	10
26783	ok	0.0964	10
7944	ok	2.4634	50
6931	ok	0.0806	10
2880	ok	0.0685	10
28584	ok	1.4201	853
6934	ok	0.8996	267193
9245	ok	0.0345	100
5869	ok	0.1526	8380
6949	ok	0.1539	50
4768	ok	0.2988	111645
6212	ok	0.1394	20995
8237	ok	0.1003	100
3381	ok	0.0427	10
228	ok	0.0209	91
32554	ok	0.0203	4073
11276	ok	2.7126	1200092
293	ok	0.0556	853
5684	ok	0.0354	10
7669	ok	0.0255	10
7479	ok	0.0558	426
4072	ok	0.0141	50
9627	ok	0.0359	10
6080	ok	0.1289	10
6881	ok	2.1579	10
6030	ok	0.0347	10
25967	ok	0.0097	173
20618	ok	0.0399	43
1877	ok	0.0235	10
11591	ok	0.5805	267193
4532	ok	0.0262	50
3679	ok	0.0566	10
29215	ok	0.0816	10
29353	ok	0.0644	10
3417	ok	0.2073	154707
6422	ok	0.0288	100
25760	ok	0.4854	55272
7694	ok	0.1211	50
9133	ok	2.6693	10
24824	ok	0.0527	1
3071	ok	0.1093	10
9878	ok	0.0592	50
7876	ok	0.0327	853
20652	ok	0.0393	100
9141	ok	0.0541	10
20370	ok	0.0415	10
24499	ok	0.1484	65693
30104	ok	0.0564	100
1673	ok	0.0665	4425
11874	ok	0.3083	52618
22390	ok	0.0856	2105
31268	ok	0.0434	10
7651	ok	0.6671	0
21533	ok	0.3403	154018
5786	ok	0.1649	2105
20237	ok	0.2946	113473
6652	ok	0.0640	100
24954	ok	0.4024	227805
11718	ok	0.1547	100
14530	ok	0.1062	100
10495	ok	0.0314	100
11846	ok	0.0905	100
10472	ok	0.4083	267193
10885	ok	0.0137	6
11930	ok	0.3397	267193
14854	ok	0.1228	1
14571	ok	0.1719	65122
13160	ok	0.7192	142236
13809	ok	1.0691	190502
11482	ok	0.6201	190502
12343	ok	0.7660	100
14371	ok	0.1910	79826
11435	ok	0.7988	142236
3160	ok	0.0322	100
12871	ok	0.6741	267193
14642	ok	0.5684	267193
9655	ok	0.0167	20
11950	ok	0.5938	267193
13765	ok	0.2841	190502
6314	ok	2.3552	10
7906	ok	0.0664	100
11871	ok	0.0697	100
13094	ok	0.0653	100
13626	ok	0.7924	267193
9530	ok	0.3181	267193
6903	ok	0.0900	10
6275	ok	1.3258	10
5518	ok	0.0303	853
9175	ok	0.1157	7441
13535	ok	0.6608	267193
14257	ok	1.2395	446
8239	ok	0.0379	0
11400	ok	0.5657	267193
1056	ok	0.0778	10
5474	ok	0.0771	50
25142	ok	0.1386	267193
9963	ok	0.0339	100
7667	ok	0.1948	100
12552	ok	0.0627	0
10687	ok	0.0704	23887
1299	ok	0.0230	0
7946	ok	0.1082	100
3112	ok	0.0672	0
5914	ok	0.0222	10
25144	ok	0.0564	13
5180	ok	0.0215	550
4230	ok	0.8353	10
6991	ok	0.0324	853
9972	ok	1.6498	50
11073	ok	0.0209	4
5114	ok	0.0188	10
26	ok	0.0231	1903
5315	ok	0.7779	42
12160	ok	0.0150	0
8199	ok	0.0179	2699
11103	ok	0.0836	8249
11231	ok	0.3969	267193
3860	ok	0.0193	100
2684	ok	0.0104	100
8145	ok	0.0181	10
7861	ok	0.0386	100
6446	ok	0.0200	3437
6821	ok	0.3831	267193
6835	ok	0.0878	10
5241	ok	2.0814	0
23975	ok	0.0052	0
28615	ok	0.5835	100
9275	ok	0.0197	100
8910	ok	0.0430	853
14766	ok	0.0664	100
5657	ok	0.0886	31899
5798	ok	0.0348	50
8546	ok	0.0609	10
6605	ok	0.8676	0
29019	ok	0.4971	267193
23241	ok	0.1591	267193
7840	ok	0.1077	10
3047	ok	0.0406	10
8049	ok	1.1474	100
5737	ok	0.0124	10
1345	ok	0.0256	10
1974	ok	0.0242	853
6733	ok	0.0212	10
7611	ok	1.2651	0
967	ok	0.0482	0
7281	ok	0.0162	100
14507	ok	0.5169	267404
7580	ok	0.0998	10
3697	ok	0.0886	13
24889	ok	0.8217	133499
4682	ok	0.0249	853
6678	ok	0.0195	853
6440	ok	5.6588	7
8002	ok	0.0303	853
8635	ok	1.6782	0
13449	ok	0.7664	267193
14838	ok	0.7740	0
2360	ok	0.0780	8147
7629	ok	0.0903	10
14979	ok	0.0135	9600
11485	ok	0.0059	60
13476	ok	0.0031	84
11785	ok	0.0181	840
14747	ok	0.0034	84
10056	ok	3.2251	2137544
10239	ok	0.1909	134484
10384	ok	0.0666	6
10393	ok	1.4510	802752
10441	ok	0.0264	6
12687	ok	0.0545	1
12537	ok	0.3803	6
14231	ok	0.0072	84
14922	ok	0.0057	84
11688	ok	0.3987	6
11364	ok	0.0268	60
12583	ok	0.0265	30
12246	ok	0.2126	390732
13570	ok	1.4541	1603158
10584	ok	0.0203	30
14612	ok	0.0657	100
11134	ok	0.0212	20
14810	ok	1.2792	924102
13038	ok	0.4187	347256
11544	ok	0.5243	390732
11510	ok	0.0160	84
11488	ok	0.0063	180
13344	ok	0.0083	60
14547	ok	0.0195	60
11388	ok	0.0073	5422
10879	ok	0.3561	347256
13670	ok	0.0321	4794
12374	ok	0.4273	687168
13467	ok	0.0042	30
14934	ok	1.0046	1603158
11681	ok	1.0830	1603158
13115	ok	0.6068	520976
14777	ok	0.0195	5118
13234	ok	2.0396	1603158
12391	ok	0.5781	390732
13800	ok	1.5652	520976
14904	ok	0.3404	267193
11336	ok	1.6646	1392924
11182	ok	0.7099	520976
13405	ok	0.7201	520976
11680	ok	0.0301	6
10579	ok	1.5777	2137544
25217	ok	4.3744	7770
12369	ok	0.0238	6
25883	ok	6.8792	61600
12637	ok	0.2329	115664
12758	ok	1.4617	1603158
6303	ok	4.7615	22125
11089	ok	1.9707	1603158
12773	ok	1.3273	1603158
11531	ok	0.2274	134484
28894	ok	2.6203	129240
9861	ok	0.6010	270758
26066	ok	5.6519	12320
29930	ok	0.0481	853
16303	ok	1.9247	10
12968	ok	0.4610	6
14471	ok	0.4394	390732
13649	ok	0.0085	194
14739	ok	0.4339	9600
13397	ok	2.2636	2137544
12011	ok	1.7458	2137544
11055	ok	0.5790	928616
12584	ok	0.3952	390732
14201	ok	0.8028	1603158
14396	ok	0.0306	4
10830	ok	0.4170	308454
25602	ok	4.6059	1232
14230	ok	4.1347	3907320
14873	ok	0.0072	4422
12528	ok	0.0310	6
10945	ok	0.0419	5574
11761	ok	0.0019	12
14906	ok	0.7270	520976
14958	ok	0.8531	592803
11471	ok	1.2460	853291
13843	ok	0.2941	6
14905	ok	1.7781	1603158
13469	ok	1.4206	802752
14422	ok	2.0830	1603158
14802	ok	0.0237	1000
12401	ok	0.5236	390732
13849	ok	4.6779	100
12465	ok	1.9796	1603158
13477	ok	2.5884	2137544
12026	ok	0.0388	5520
11664	ok	2.7362	1603158
12781	ok	0.0369	180
12635	ok	0.0173	54
10989	ok	3.9679	2137544
14894	ok	0.7419	390654
11299	ok	2.6590	1603158
12146	ok	1.1021	390732
27823	ok	4.5039	10
10998	ok	3.1593	1603158
14895	ok	1.1791	856866
29284	ok	0.0269	8140
14171	ok	0.3832	267193
10949	ok	0.2307	260488
13075	ok	1.0791	520976
10533	ok	0.0893	54336
5339	ok	0.0083	50
14611	ok	0.0386	8
10928	ok	0.0497	840
14393	ok	4.7121	100
5785	ok	4.8774	10
11080	ok	1.0897	534386
12697	ok	0.4299	6
9648	ok	0.0321	0
11446	ok	0.6030	267193
11621	ok	2.5213	1603158
12276	ok	0.6087	347256
12939	ok	4.7812	100
9178	ok	0.4448	0
7217	ok	0.0670	10
28696	ok	0.5071	514090
28469	ok	7.6252	10
6006	ok	0.0354	0
8342	ok	0.0386	10
5844	ok	5.3057	262080
32144	ok	0.0055	853
27925	ok	5.0874	0
11001	ok	3.0438	1603158
26400	ok	4.9216	10
26210	ok	0.0181	3561
29437	ok	6.0936	10
27620	ok	0.0109	30
29608	ok	0.0638	0
26346	ok	3.5261	0
12634	ok	0.0063	8
14848	ok	0.2651	390732
12956	ok	0.2835	390732
14888	ok	0.0339	100
10209	ok	0.8571	390732
14034	ok	0.2809	347256
14175	ok	0.3879	390732
13404	ok	5.1401	100
12241	ok	0.0093	194
14540	ok	0.0068	192
12820	ok	0.0640	100
13277	ok	0.7817	520976
13698	ok	2.2269	1392924
13872	ok	0.8719	390732
13041	ok	0.6648	390732
13130	ok	1.7718	1603158
14408	ok	1.3550	1392924
11151	ok	1.1272	390732
10607	ok	0.6926	6
12942	ok	4.5794	2137544
13305	ok	2.0730	1603158
11167	ok	0.1307	78036
8459	ok	0.0272	0
12495	ok	5.4113	3907320
9251	ok	0.4036	0
26254	ok	4.9488	10
7346	ok	0.0306	8530
8487	ok	0.0299	100
10859	ok	1.1376	592803
9834	ok	0.0641	370
10964	ok	0.0154	100
26232	ok	4.7817	6840
12662	ok	0.0820	100
3658	ok	0.0341	4545
26548	ok	3.7920	872
12020	ok	0.0543	4
27106	ok	5.0626	0
25034	ok	4.9356	8530
8746	ok	1.6987	958464
6607	ok	0.0254	0
5008	ok	0.0295	10
9419	ok	0.0231	10
4040	ok	0.0363	50
11583	ok	0.8217	378168
26355	ok	0.0621	100
6721	ok	4.9270	0
3109	ok	0.0377	20
28306	ok	6.0337	0
32127	ok	1.5954	1357681
14509	ok	3.3357	1603158
4710	ok	0.0785	20
27717	ok	4.8656	0
4738	ok	0.4716	267193
27183	ok	2.7560	939
28839	ok	0.4001	0
11598	ok	1.1635	1603158
25573	ok	4.4245	895452
13960	ok	2.1208	1603158
10806	ok	0.0189	100
27757	ok	0.0329	10
13927	ok	0.0773	5520
29656	ok	0.2477	10
12864	ok	2.2291	1603158
5140	ok	4.2313	50
29115	ok	0.0380	12650
5448	ok	0.6926	100
5016	ok	0.8932	10
4568	ok	0.3927	50
3076	ok	0.0320	50
9775	ok	0.0484	20
6890	ok	1.9016	50
6599	ok	0.8166	0
27806	ok	5.2067	10
3760	ok	0.0309	0
9812	ok	0.0910	100
24493	ok	0.0262	100
3339	ok	0.0700	5
6707	ok	0.0396	10
8762	ok	0.1708	100
20028	ok	0.0758	2
20141	ok	0.0435	10
9976	ok	0.0603	0
29558	ok	5.1762	10
6966	ok	0.0262	10
31859	ok	0.0455	100
3245	ok	0.0810	50
1987	ok	0.0720	10
9388	ok	0.0833	10
1415	ok	0.7053	267193
22203	ok	0.0395	10
24305	ok	0.0119	100
29294	ok	0.5692	267193
23758	ok	0.0258	100
22414	ok	19.0054	10324
20967	ok	0.4242	100
21342	ok	0.2353	92025
20925	ok	0.0203	100
30355	ok	0.0226	0
21552	ok	0.0331	10
20789	ok	0.0541	20297
21586	ok	0.7226	267193
12273	ok	0.3330	100
14996	ok	0.0611	100
11327	ok	0.4406	246673
27660	ok	0.0302	50
14828	ok	0.0773	0
11708	ok	0.1257	100
28292	ok	5.0891	0
34957	ok	0.3022	75208
11476	ok	0.1343	0
7762	ok	0.0158	100
33552	ok	0.1240	97367
9497	ok	1.0001	50
30398	ok	0.0541	10
8242	ok	0.0212	100
26657	ok	2.0559	211882
2232	ok	0.1037	100
32194	ok	0.1356	100
8433	ok	0.0997	10
8625	ok	0.1263	10
21570	ok	0.0427	5429
31841	ok	0.1038	100
30968	ok	0.0628	0
5990	ok	0.0809	100
22641	ok	0.9681	50
14489	ok	0.0181	100
10382	ok	0.0451	10
10453	ok	0.0448	10
13159	ok	0.0449	10
12693	ok	0.0372	10
13673	ok	0.0466	10
10336	ok	0.0451	10
13368	ok	0.0012	0
14842	ok	0.0342	10
11020	ok	0.0736	10
10815	ok	0.0455	10
13601	ok	0.0397	10
14550	ok	0.0479	10
6480	ok	0.0065	10
12077	ok	0.0378	10
12200	ok	0.0428	10
9184	ok	0.0582	10
14294	ok	0.0843	100
14976	ok	0.0791	10
10770	ok	0.0559	13
11348	ok	0.0405	10
14685	ok	0.0461	10
11095	ok	0.0375	10
9856	ok	0.0608	10
11629	ok	0.0388	10
10835	ok	0.0679	19
13883	ok	0.0977	10
28410	ok	5.4239	10
10585	ok	0.0343	10
11036	ok	0.0613	19
7583	ok	0.0079	2682
13484	ok	0.0092	0
14133	ok	0.0122	12
11230	ok	0.0397	10
14205	ok	0.0107	12
14310	ok	0.4004	267193
11043	ok	0.0504	19
7248	ok	0.0332	219
12314	ok	0.0827	10
13064	ok	0.0503	20
12521	ok	0.0452	10
9759	ok	0.3360	10
10939	ok	0.0491	13
12286	ok	0.0444	10
14703	ok	0.0447	10
10636	ok	0.0500	13
9246	ok	0.0414	10
8021	ok	0.1367	72608
10526	ok	0.0444	10
14556	ok	1.3771	10
13032	ok	0.0621	19
9700	ok	0.0295	190
8207	ok	0.0764	50354
9677	ok	0.1009	20
13161	ok	0.0516	13
14760	ok	0.0445	19
11987	ok	0.0984	100
29870	ok	7.9746	10
13949	ok	0.0548	10
12385	ok	0.0512	13
11405	ok	0.0566	19
14651	ok	0.0528	19
10608	ok	0.0513	13
9103	ok	0.1021	10
7247	ok	0.0275	10
8413	ok	0.0073	0
12024	ok	0.0011	0
14143	ok	0.0437	10
12682	ok	0.0429	13
9129	ok	0.1303	10
9265	ok	0.0478	53
7504	ok	0.0744	10
12876	ok	0.0556	13
13932	ok	0.0369	10
8701	ok	0.0882	10
5372	ok	0.0447	112
26237	ok	0.4487	10
11686	ok	0.3149	246673
6653	ok	0.0153	20
8526	ok	0.1594	83142
9562	ok	0.1115	0
10144	ok	0.0284	100
7007	ok	0.0137	10
6180	ok	0.0661	76
12444	ok	0.0658	13
11552	ok	0.0418	10
13348	ok	0.0126	10
11265	ok	0.0775	10
12658	ok	0.0579	13
13171	ok	0.0515	10
11147	ok	0.0648	19
27293	ok	4.7450	50
2739	ok	0.0293	10
6360	ok	0.0814	48964
9398	ok	0.4059	10
26429	ok	0.0653	44250
12787	ok	0.3672	267193
6957	ok	0.0460	0
13503	ok	0.0310	20
6885	ok	0.0089	10
7109	ok	0.0141	0
12806	ok	0.1840	20
6219	ok	0.0432	10
6241	ok	0.0474	4425
13044	ok	0.0103	12
11734	ok	0.0681	10
5203	ok	0.0154	17
26487	ok	0.0295	375
11749	ok	0.0492	13
9593	ok	0.0058	399
9004	ok	0.1668	65122
14576	ok	0.4443	319413
9738	ok	0.0121	659
13452	ok	0.0350	114
30944	ok	0.0387	10
5834	ok	0.0481	10
2254	ok	0.0051	100
9904	ok	0.0837	54
9400	ok	0.0322	100
13474	ok	0.0554	19
4372	ok	0.0096	10
5345	ok	0.0267	10
6752	ok	0.0919	50
13238	ok	0.0768	10
8541	ok	0.0080	10
5589	ok	0.0063	15
28896	ok	0.0884	46107
11936	ok	0.0614	29
14139	ok	0.0166	18
33451	ok	0.0907	135524
6279	ok	0.0612	8
9512	ok	2.0695	10
5666	ok	0.0184	20
6743	ok	0.0088	10
5028	ok	0.1021	45981
7372	ok	0.0196	0
9753	ok	0.0102	10
28326	ok	0.0093	10
1495	ok	0.0448	10
7259	ok	0.0426	10
6330	ok	0.1086	27421
14213	ok	0.0169	10
9876	ok	0.1202	77654
7180	ok	0.0225	2
5808	ok	0.0955	53597
2001	ok	0.0128	14
6531	ok	0.0150	16
9814	ok	0.0727	10
6248	ok	0.0435	10
28562	ok	0.6286	162355
5738	ok	0.0539	10
7367	ok	0.0262	6221
5958	ok	0.5821	1673
7823	ok	0.0259	10
7192	ok	0.0255	2274
7258	ok	0.0336	3765
25766	ok	0.2629	10
8800	ok	0.0165	0
7623	ok	0.0105	0
27796	ok	5.7905	1232
29610	ok	5.0515	10
798	ok	0.8031	111645
9923	ok	0.0345	6
5145	ok	0.0226	1896
7970	ok	0.0516	2105
7498	ok	0.0860	32
4986	ok	0.0271	120
8743	ok	0.0170	20
9529	ok	0.0112	12
9473	ok	0.1769	80325
29442	ok	0.3822	10
9452	ok	0.0208	40
9845	ok	0.0151	20
3667	ok	0.0167	10
6276	ok	0.0093	5
26574	ok	0.5374	91475
28577	ok	0.0387	14
9045	ok	0.0881	31902
6395	ok	0.0891	270
9194	ok	0.0166	12
9913	ok	0.0179	853
6547	ok	0.0472	9
8087	ok	0.0111	12
5590	ok	0.0249	10
7516	ok	0.0622	35639
8804	ok	0.0251	20
9078	ok	0.1513	80325
13019	ok	0.0400	100
5690	ok	0.1042	0
8616	ok	0.0215	35
8857	ok	0.0291	3
8652	ok	0.0558	0
9717	ok	0.0105	193
5171	ok	0.0076	0
31702	ok	0.0243	100
9011	ok	0.0199	3
9087	ok	0.1222	29
27811	ok	0.0706	10
8880	ok	0.0889	10
7826	ok	0.0248	64
7118	ok	0.1109	1742
6328	ok	0.0609	0
6164	ok	0.0134	560
8894	ok	0.4886	38
9458	ok	0.0617	9290
8946	ok	0.0109	10
29893	ok	7.6127	4
8567	ok	0.0336	50
29138	ok	0.1227	59869
9332	ok	0.1295	80325
29190	ok	0.0262	10
7011	ok	0.1096	45982
5342	ok	0.0483	32197
8154	ok	0.1810	10
8395	ok	0.0119	560
13206	ok	5.1808	10
29091	ok	0.4203	1
8124	ok	0.0487	10
5463	ok	0.0428	10
8682	ok	0.0104	20
29569	ok	0.6340	100
5529	ok	0.1003	10373
34931	ok	0.0732	5
9591	ok	0.0982	10
9451	ok	0.0236	91
9797	ok	0.1618	65122
3446	ok	0.0067	10
1595	ok	0.0433	5
1755	ok	0.0579	50
8865	ok	0.0069	0
8120	ok	0.0546	50
8720	ok	0.0634	39579
10523	ok	0.0368	0
5966	ok	0.0029	10
7951	ok	0.0744	6893
8717	ok	0.0271	10
31447	ok	0.0112	20
7866	ok	0.0104	5
13665	ok	0.0741	17095
5953	ok	0.0391	10
27176	ok	0.3639	20
5276	ok	0.0072	10
29374	ok	7.0531	3150
29018	ok	0.0166	194
11389	ok	0.0704	10
26672	ok	0.0624	10
8708	ok	0.1084	27539
9499	ok	0.4710	514100
5154	ok	0.0136	20
29315	ok	1.3267	10
5074	ok	0.0107	10
5136	ok	0.1846	193
8042	ok	0.0952	74
7525	ok	0.0189	565
5381	ok	0.0364	50
8702	ok	0.0363	41
9040	ok	0.0454	10
27732	ok	0.2856	154017
29895	ok	0.0110	10
6171	ok	0.3750	10
29293	ok	0.2205	45981
9392	ok	0.0201	10
5375	ok	0.0142	20
1805	ok	0.0320	50
8662	ok	0.4229	62
9205	ok	0.0836	2
7545	ok	0.1135	3
26887	ok	0.0528	10
6153	ok	0.0019	0
3565	ok	0.0361	10
9179	ok	0.0251	8
9088	ok	0.0651	10
5973	ok	0.1819	88500
5382	ok	0.0112	7
1128	ok	0.0540	50
3684	ok	0.0468	10
5553	ok	0.9067	10
27312	ok	1.3229	155885
30080	ok	0.0350	10
8442	ok	0.0415	10
9520	ok	0.0411	10
194	ok	0.0431	10
3074	ok	0.0370	10
9075	ok	0.0554	100
8529	ok	0.0097	0
5516	ok	0.0016	0
2442	ok	0.0649	10
7384	ok	0.0199	10
8371	ok	0.0478	0
8086	ok	6.5405	17885
8675	ok	0.0056	12
7086	ok	0.2927	364266
29683	ok	0.0073	11
25254	ok	0.3520	10
34168	ok	0.0612	10
28980	ok	0.1837	57762
5481	ok	0.0231	50
6142	ok	0.0229	1
7236	ok	0.1000	13390
526	ok	0.0337	20
5671	ok	0.0117	10
8424	ok	0.3671	267193
6501	ok	0.0575	57
7923	ok	0.0336	10
7588	ok	0.0357	10
29686	ok	6.3397	10
7354	ok	0.0132	10
8643	ok	0.0101	35
27928	ok	0.2399	50
6038	ok	4.9418	178195
5279	ok	0.3487	489780
5749	ok	0.0144	10
3144	ok	0.0478	10
33353	ok	0.4260	10
4265	ok	0.0294	10
29559	ok	0.2030	50
9238	ok	1.2750	10
27619	ok	0.2338	44670
32582	ok	0.0276	50
27195	ok	0.0418	10
7845	ok	0.0136	91
26361	ok	0.0264	27
26806	ok	1.9980	53692
9377	ok	0.0101	10
8922	ok	0.0482	10
28597	ok	0.5034	79826
7890	ok	0.0950	8262
6695	ok	0.0244	54
27030	ok	0.0067	0
5018	ok	0.0169	10
962	ok	0.1017	30954
28529	ok	0.1266	57919
28516	ok	5.5848	50
6820	ok	0.0192	10
28664	ok	0.2604	102261
9024	ok	0.0593	10
6684	ok	0.1206	46456
25352	ok	0.0167	4
27437	ok	0.7798	80325
25847	ok	0.0487	10
29080	ok	0.0481	10
1677	ok	0.0967	10
28039	ok	0.0061	3
6524	ok	0.0554	31
7875	ok	0.0040	0
33414	ok	0.0809	75985
2919	ok	0.0406	7
6732	ok	0.0257	10
3584	ok	0.0447	10
28654	ok	0.1079	49110
7211	ok	0.0443	10
8758	ok	0.0260	0
7930	ok	0.0208	10
2080	ok	0.0303	50
29819	ok	0.1780	20
30151	ok	0.7178	20
30419	ok	0.0500	100
26341	ok	2.4691	16479
7222	ok	0.0637	106
27786	ok	0.4190	21964
9690	ok	0.0467	10
6147	ok	0.0418	10
28878	ok	0.1137	50
9683	ok	0.0206	10
27949	ok	0.0444	0
2161	ok	0.0151	100
34265	ok	0.0155	0
28032	ok	0.7244	58038
26175	ok	0.6639	1174376
27950	ok	0.1106	39538
20338	ok	0.0111	10
30714	ok	0.0224	10
29036	ok	4.7561	100
1119	ok	0.0591	59814
32636	ok	0.0501	1814
21931	ok	0.0233	0
9136	ok	0.0911	3
26219	ok	0.0821	20
26539	ok	0.0617	2105
27966	ok	1.5252	10
21013	ok	0.4465	240022
24700	ok	0.0071	0
30692	ok	0.0533	50
29791	ok	0.0505	10
25940	ok	3.6100	10
32815	ok	0.0029	0
13447	ok	0.3712	10
12725	ok	0.0479	10
11951	ok	0.0378	10
27530	ok	4.5878	295618
11233	ok	0.0510	10
11228	ok	0.0712	10
12709	ok	0.0305	13
12504	ok	0.0525	10
10789	ok	0.0560	10
12817	ok	0.0582	10
12664	ok	0.8805	10
12714	ok	0.0746	10
12705	ok	0.0310	10
13153	ok	0.0742	10
12728	ok	0.0483	10
6527	ok	0.0136	10
10464	ok	0.0347	10
13760	ok	0.0661	10
11612	ok	0.0393	10
13056	ok	0.0278	10
13739	ok	0.0386	10
14672	ok	1.6124	10
11345	ok	0.0362	10
10197	ok	1.6759	10
10851	ok	0.0337	10
11386	ok	0.0838	10
12847	ok	0.0892	10
10102	ok	0.0390	10
13086	ok	0.3138	10
12322	ok	1.7076	10
14801	ok	1.8439	100
14370	ok	0.0572	10
10098	ok	0.0345	10
14352	ok	0.0844	10
7720	ok	0.0070	10
11120	ok	0.0486	10
12844	ok	0.0421	10
10882	ok	0.0541	10
12169	ok	0.0513	10
12757	ok	0.0957	10
12479	ok	0.0835	10
10926	ok	0.0428	10
14521	ok	0.0686	10
29008	ok	4.8642	10
14623	ok	0.0454	10
14966	ok	0.0597	10
13495	ok	0.1325	10
10979	ok	0.0682	10
9557	ok	0.0175	10
13170	ok	0.1314	10
14608	ok	0.0923	10
10216	ok	0.0411	10
1288	ok	0.0134	0
12071	ok	0.0916	10
11222	ok	0.1209	10
12013	ok	0.0572	100
13444	ok	0.2855	267193
8133	ok	0.0067	35
10155	ok	0.0617	14
10238	ok	0.0946	10
10619	ok	0.0384	10
10911	ok	1.2648	10
9208	ok	0.0071	2
13195	ok	0.1395	65122
12574	ok	0.0390	10
10586	ok	0.0649	10
13828	ok	0.1171	10
10923	ok	0.0774	10
6553	ok	5.4954	10
691	ok	0.0119	10
9971	ok	0.0379	0
10057	ok	0.0703	10
6691	ok	0.1136	10
6755	ok	0.0118	0
7786	ok	0.0120	0
10457	ok	0.2251	10
10837	ok	0.1298	10
14119	ok	0.0792	13
3131	ok	0.6130	159
11309	ok	0.0985	10
11441	ok	0.0392	100
10381	ok	0.0689	10
13982	ok	0.0547	19
10777	ok	0.0134	10
8514	ok	0.0076	10
8370	ok	0.0602	60
7434	ok	0.0071	853
9950	ok	0.0986	10
9154	ok	0.0055	12
26476	ok	0.0244	10
9138	ok	0.0088	10
14950	ok	0.0537	20
14775	ok	0.0927	10
6326	ok	0.0146	36
7472	ok	0.0078	20
5150	ok	1.1448	10
6245	ok	0.0418	10
11464	ok	0.0651	22
27972	ok	0.0629	4
6649	ok	0.0339	10
7815	ok	0.0189	10
13363	ok	0.0633	10
26838	ok	0.0993	10
472	ok	0.0946	13
8565	ok	0.0156	10
11263	ok	0.0839	10
5788	ok	0.0142	87
6773	ok	0.0039	155
10944	ok	1.1616	10
5388	ok	0.0113	10
79	ok	0.0256	10
25284	ok	0.0112	10
9369	ok	0.0664	20
10170	ok	0.0783	10
10753	ok	0.0537	10
12510	ok	0.0731	10
5467	ok	0.0404	100
5228	ok	0.0869	19
9505	ok	0.0067	10
8111	ok	0.0047	0
5313	ok	0.0405	10
13395	ok	0.0857	10
6913	ok	1.4836	10
2028	ok	0.0268	10
6220	ok	0.0109	22
7069	ok	0.1376	10
13803	ok	0.1156	10
26483	ok	1.3378	10
4299	ok	0.0222	0
5410	ok	0.0838	46843
8620	ok	2.9055	10
5450	ok	0.0065	20
11786	ok	0.0781	10
9848	ok	0.0845	10
5704	ok	0.0073	10
8306	ok	0.0094	10
10274	ok	0.0693	10
6608	ok	0.0806	7155
25541	ok	0.0184	845
1513	ok	0.1786	314
6288	ok	0.0823	0
12550	ok	0.0509	19
29517	ok	6.4884	10
5908	ok	0.0657	10
14433	ok	2.6110	13
6530	ok	0.0924	10
5763	ok	0.8718	10
9411	ok	2.2162	10
14981	ok	0.1103	10
31678	ok	0.5769	22089
11050	ok	0.0922	10
2658	ok	0.0296	0
14726	ok	0.0524	13
5056	ok	0.8299	10
6840	ok	6.4382	10
13439	ok	0.0907	10
8069	ok	0.0073	12
6429	ok	0.0068	250
28468	ok	0.0567	10
8382	ok	0.0065	4
14925	ok	0.0974	20
9588	ok	0.0093	0
6922	ok	0.1300	10
9326	ok	0.0117	0
8552	ok	0.0937	10
6213	ok	0.0870	10
6074	ok	0.3408	10
8868	ok	0.0108	0
13009	ok	1.5645	10
5750	ok	1.6597	10
10069	ok	0.1098	10
6503	ok	0.0105	19
5332	ok	0.0121	35
6102	ok	1.6732	10
8056	ok	0.0379	10
11127	ok	0.0404	10
8299	ok	0.0128	0
1443	ok	0.0174	0
9037	ok	0.0419	10
9764	ok	0.0095	35
7111	ok	0.0526	10
5244	ok	0.0466	9
14983	ok	0.0987	10
7183	ok	0.0169	10
9815	ok	0.0631	154
11992	ok	0.0461	10
6729	ok	0.0036	5
8856	ok	0.0118	0
5740	ok	0.0127	12
5934	ok	0.0259	777
5214	ok	0.0091	20
5527	ok	0.0895	10
8164	ok	0.0100	1
1545	ok	0.0535	10
6026	ok	0.0951	10
7864	ok	0.0950	10
26340	ok	6.6054	7240
6734	ok	0.0177	10
10555	ok	0.0568	19
13239	ok	0.0601	10
608	ok	0.0132	10
9663	ok	0.1478	65122
5512	ok	0.0103	12
9312	ok	0.0175	10
6023	ok	0.0179	44
6962	ok	0.8508	10
9199	ok	0.0030	0
5292	ok	0.0950	10
29228	ok	0.0686	10
4171	ok	0.0314	10
7969	ok	0.1020	2105
7193	ok	0.0088	0
12802	ok	0.1050	12
1968	ok	4.6745	9390
4970	ok	0.0759	6856
7979	ok	0.0255	36
9414	ok	0.0871	10
825	ok	0.0428	10
809	ok	0.0393	10
5411	ok	0.0553	10
9233	ok	0.0391	10
9536	ok	0.0919	6844
3525	ok	0.0224	10
26968	ok	0.1512	23887
7570	ok	0.0072	20
10880	ok	0.0363	10
8937	ok	0.0231	6822
320	ok	0.0368	10
177	ok	0.0216	10
1669	ok	0.0365	10
6964	ok	0.0265	10
7869	ok	0.1515	1762
28405	ok	0.0798	19
6918	ok	0.0987	10
11262	ok	0.0523	10
11931	ok	0.5350	190502
7744	ok	0.0063	10
5548	ok	0.0094	125
6940	ok	0.1218	21
9830	ok	0.5318	527681
4368	ok	0.0479	20
5324	ok	0.0089	32
27361	ok	1.4065	27121
7985	ok	0.0078	38
3299	ok	0.0076	50
12950	ok	7.5584	100
8235	ok	0.0090	0
26186	ok	0.1415	50
6071	ok	0.1044	10
8914	ok	0.2092	88494
5377	ok	0.0139	20
7599	ok	0.0069	17
6637	ok	0.0601	10
9471	ok	0.1415	80330
6268	ok	0.0186	10
9831	ok	0.0126	74
26163	ok	0.1094	72605
5296	ok	0.0180	10
5778	ok	0.0273	10
6358	ok	0.0146	20
8636	ok	0.0572	0
8819	ok	0.0585	19
5677	ok	0.0324	39
6499	ok	0.0595	8
5941	ok	0.0080	20
6295	ok	0.0873	10
4751	ok	0.0250	0
7926	ok	0.0455	10
6701	ok	0.0141	10
9410	ok	0.9417	13
4263	ok	0.0097	50
9371	ok	0.0610	853
4910	ok	0.0869	10
6869	ok	0.0207	4078
8245	ok	3.3279	10
9668	ok	0.0217	12
1508	ok	0.0159	10
7415	ok	0.1783	65122
8353	ok	0.0100	20
8877	ok	0.0205	10
28482	ok	4.8176	1232
14473	ok	0.0389	16313
8225	ok	0.0776	10
9678	ok	0.0195	10
26652	ok	0.3171	10
1473	ok	0.0088	0
6172	ok	0.0072	0
6365	ok	0.0143	27
8750	ok	0.0125	100
5507	ok	0.0986	10
6283	ok	0.0198	0
7410	ok	1.0078	10
34677	ok	1.5673	2269460
1572	ok	0.0063	10
6103	ok	0.0166	0
27985	ok	0.0188	1674
7542	ok	0.1838	10
5302	ok	0.0082	10
7282	ok	0.7555	10
8384	ok	0.0165	10
8884	ok	0.0189	8380
5681	ok	0.9681	10
4324	ok	0.0104	10
6302	ok	0.0233	0
7450	ok	0.0133	3441
30639	ok	0.0062	50
3322	ok	0.0782	50417
6228	ok	0.0172	42
6291	ok	0.0080	0
11683	ok	0.4776	402219
5701	ok	0.0114	20
29552	ok	0.0111	9
9964	ok	0.0321	35
4812	ok	0.0093	671
730	ok	0.0110	10
9144	ok	0.1157	10
5420	ok	0.0132	23
2557	ok	0.0292	10
13682	ok	0.4569	267193
28282	ok	1.6463	402005
3293	ok	0.0106	100
9767	ok	0.0914	35
9192	ok	0.0043	10
4998	ok	0.0130	10
803	ok	0.0124	50
5179	ok	0.0137	0
5566	ok	0.0095	35
9670	ok	0.0821	10
7605	ok	0.0716	10
9307	ok	0.0109	0
9824	ok	0.0135	39
3005	ok	0.0254	10652
7921	ok	0.0076	20
5967	ok	1.9045	83333
5209	ok	0.1863	65122
8576	ok	1.9798	10
33013	ok	0.0097	2751
6594	ok	0.8891	91
174	ok	0.0114	251
5742	ok	0.0395	10
8256	ok	0.0107	35
27973	ok	0.6678	10
9561	ok	0.0189	3615
5728	ok	0.0767	14985
8161	ok	0.0612	50
9152	ok	0.2256	28
6573	ok	0.0072	10
8160	ok	0.0159	3615
136	ok	0.0113	50
7639	ok	0.2328	10
7824	ok	0.0964	10
29991	ok	0.1624	63492
8824	ok	0.0182	2752
1041	ok	0.0987	50
7206	ok	3.5597	10
27120	ok	0.0129	62
1379	ok	0.0301	0
6818	ok	0.1072	10
8176	ok	0.1625	10
6912	ok	0.1986	29
7766	ok	0.0217	9
5498	ok	3.4503	10
4080	ok	0.0836	109952
14722	ok	0.2089	17
3606	ok	0.0492	8
4650	ok	0.0862	10
7863	ok	0.0154	33
9035	ok	0.0097	10
9322	ok	1.7697	10
12990	ok	0.0870	10
42	ok	0.0071	39
2741	ok	0.0348	10
14054	ok	0.4036	274076
8749	ok	0.1444	50
8830	ok	0.0138	10
28777	ok	0.0194	853
7977	ok	0.7266	10
9461	ok	0.0068	10
9736	ok	1.1646	10
932	ok	0.0656	7751
9581	ok	0.0188	50
6266	ok	5.3958	10
7499	ok	0.0297	20
8409	ok	0.0444	15988
9691	ok	5.3778	10
7322	ok	0.0249	0
7884	ok	0.0212	12
25667	ok	0.0396	10
5502	ok	0.0166	396
7693	ok	0.0103	0
9708	ok	0.1181	53625
9058	ok	0.0172	0
8076	ok	0.0084	20
28254	ok	0.7636	10
5009	ok	0.0074	20
5894	ok	0.0057	12
7404	ok	0.0291	10
27505	ok	0.5514	10
5290	ok	0.0083	20
8961	ok	0.0081	10
14241	ok	0.0416	60
883	ok	0.0258	20
5533	ok	0.1123	10
9248	ok	0.0557	658
9779	ok	0.0079	18
14546	ok	0.0943	17
9826	ok	0.0100	0
3666	ok	0.0227	82
6066	ok	0.0116	2858
191	ok	0.0259	10
7401	ok	0.0150	22
21	ok	0.0216	5
6054	ok	0.0158	3615
6390	ok	0.0676	10
9565	ok	0.9637	10
26905	ok	0.0658	10
5630	ok	0.0414	1851
6294	ok	0.0151	36
6111	ok	0.0013	0
6289	ok	0.0369	896
7302	ok	0.0336	10796
25164	ok	2.8298	10
3720	ok	0.0670	35639
4503	ok	0.0109	10
8962	ok	0.0095	6
102	ok	0.0351	10
1665	ok	0.0299	10
7335	ok	0.0212	20
9809	ok	0.0178	35
6084	ok	0.0461	10
8123	ok	0.0379	35
8475	ok	0.0180	22
33056	ok	0.0075	10
29	ok	0.0359	0
2999	ok	0.0863	17338
7642	ok	0.1796	20
8706	ok	0.0809	0
9542	ok	0.0083	0
6566	ok	0.8859	10
6624	ok	0.0127	10
28651	ok	0.0216	10
5251	ok	0.0308	10
25029	ok	4.8603	22970
7750	ok	0.0168	22
6087	ok	0.0137	10
6389	ok	0.0150	3615
8543	ok	1.8093	10
6204	ok	0.0142	10
6407	ok	0.0073	2
6852	ok	0.7240	10
7097	ok	4.5698	115
1602	ok	0.0249	10
8602	ok	0.0142	36
463	ok	0.0389	2
26277	ok	0.0097	10
3603	ok	0.0453	10
5457	ok	0.0292	10
9342	ok	0.0146	10
9641	ok	0.0410	10
2460	ok	0.0204	0
6643	ok	0.0225	12
115	ok	0.0128	10
1376	ok	0.0317	0
7185	ok	0.0133	106
7758	ok	0.0156	77
7808	ok	0.0076	10
9912	ok	0.0086	20
25458	ok	0.0859	10510
969	ok	0.3160	10
8449	ok	0.0080	20
27685	ok	0.0753	1233
7592	ok	0.0257	100
6262	ok	0.0936	3314
6728	ok	0.0888	106
3624	ok	0.0441	10
7769	ok	0.0551	10
2452	ok	0.0365	5625
6760	ok	0.0100	0
1692	ok	0.0889	51409
3704	ok	0.0432	7
25117	ok	0.2151	10
5454	ok	0.0139	10
4860	ok	0.0118	10
6238	ok	0.0120	26
1581	ok	0.0074	12
3519	ok	0.0087	0
3004	ok	0.0240	50
5532	ok	0.0992	31
2207	ok	0.0717	1
1584	ok	0.0208	10
1766	ok	0.0634	8
5956	ok	0.1535	100
7723	ok	0.0198	50
4697	ok	0.4585	100
3489	ok	0.0178	19
6494	ok	0.0133	49
5696	ok	0.0163	20
5162	ok	4.6300	10
7207	ok	0.0036	10
22746	ok	0.0443	10
6104	ok	0.0142	20
9844	ok	0.0169	83
7614	ok	0.0117	1
8329	ok	0.0877	10
5579	ok	1.6364	10
6989	ok	0.1741	14
29347	ok	1.2386	10
7756	ok	0.5609	46492
8233	ok	0.1177	10
2574	ok	0.0317	10
6265	ok	0.0015	0
8419	ok	0.0025	12
28680	ok	0.1092	46107
1654	ok	0.0167	673
8538	ok	0.0295	6196
3179	ok	0.0442	10
1413	ok	0.0111	10
5582	ok	0.0294	10
25869	ok	4.4855	1232
28283	ok	1.1978	10
1913	ok	0.0094	10
6636	ok	0.1072	10
9592	ok	0.2183	83333
29281	ok	1.4974	0
1713	ok	0.0631	10
7522	ok	0.1762	10
4666	ok	0.0160	10
6893	ok	0.0066	22
7458	ok	0.0740	10
3355	ok	4.6551	127
9794	ok	0.0601	123
9417	ok	0.0151	0
9310	ok	0.0402	10
26261	ok	0.3296	10
6431	ok	0.0263	10
8285	ok	0.3781	10
9010	ok	0.0170	4
5285	ok	0.1462	20706
6257	ok	0.0164	77
8082	ok	0.0644	10
8775	ok	0.1116	50
9509	ok	0.0384	10
7838	ok	0.0060	10
9401	ok	0.0724	10
1432	ok	0.0435	10
7231	ok	0.3029	274159
29891	ok	0.0286	10
6873	ok	0.0403	46
28603	ok	4.7398	1232
1517	ok	0.0247	10
3539	ok	0.0268	10
9755	ok	0.0085	20
5752	ok	0.0155	23
6741	ok	1.9997	10
8018	ok	0.1338	2
8755	ok	0.0071	71
9606	ok	0.0522	9
9955	ok	0.0949	10
33778	ok	0.0165	2
1531	ok	0.0069	10
5207	ok	1.3509	24446
7872	ok	0.0467	10
9867	ok	0.0937	39
741	ok	0.0285	3437
7015	ok	0.0049	10
871	ok	0.0362	10
34076	ok	4.3830	17
29985	ok	3.0473	0
866	ok	0.0427	10
6250	ok	0.0261	50
4007	ok	2.0350	15171
9626	ok	0.0817	10
7387	ok	1.9518	10
7949	ok	1.1741	50
26787	ok	0.0557	0
1339	ok	0.0273	5
6824	ok	0.0100	10
28985	ok	1.9564	10
17	ok	0.0088	16
114	ok	0.0100	11
2023	ok	4.6294	10
3830	ok	0.0121	10
9793	ok	0.0076	20
6793	ok	0.0561	13
9911	ok	0.0282	10
3796	ok	0.8627	1569579
5591	ok	0.0753	0
6236	ok	1.4728	10
7519	ok	0.0407	50
3059	ok	5.6138	50
5081	ok	0.0742	10
8115	ok	0.2924	80325
6943	ok	0.0625	10
7417	ok	0.0135	10
6224	ok	1.8108	10
7298	ok	0.0413	10
7920	ok	0.0268	1422
29886	ok	5.2720	10
1284	ok	0.0265	10
6173	ok	0.0329	10
27782	ok	0.4609	277341
3713	ok	0.0774	69003
1271	ok	0.0146	10
4819	ok	0.0315	0
7198	ok	1.5087	28
9164	ok	0.4276	267193
334	ok	0.0624	15
3806	ok	0.0257	10
27641	ok	0.0163	50
25270	ok	0.2809	3055
5722	ok	0.0474	0
6163	ok	0.1199	23675
3260	ok	0.0914	0
32588	ok	0.0364	27
3811	ok	0.0090	20
3909	ok	0.0190	100
7392	ok	1.9493	10
8694	ok	0.0251	50
9583	ok	1.0186	10
5164	ok	0.0313	19
5901	ok	0.0164	5
7333	ok	0.8186	464560
33815	ok	0.0310	2
8184	ok	0.0136	25
9426	ok	0.0079	20
8398	ok	0.0064	50
9825	ok	0.1394	97036
7043	ok	1.9211	50
9855	ok	0.0138	5
3932	ok	0.0212	10
3862	ok	0.0472	50
6595	ok	0.0238	10
11459	ok	0.0358	100
306	ok	0.0165	10
948	ok	0.0226	20
28	ok	0.0320	50
1245	ok	0.0167	10
4714	ok	0.0142	677
6290	ok	0.3198	0
9614	ok	0.0514	0
30399	ok	0.0148	10
8834	ok	3.3022	1785781
6474	ok	0.0119	20
6924	ok	0.7680	44994
8821	ok	0.0992	15
9206	ok	0.1120	47616
5423	ok	0.1030	100
9472	ok	0.0088	22
7353	ok	0.0082	1112
7287	ok	0.0528	0
347	ok	0.1034	114
2604	ok	0.0199	100
7223	ok	0.0090	0
7376	ok	0.0613	10
8217	ok	0.1313	109952
5504	ok	0.0113	10
9185	ok	0.0106	42
9517	ok	0.0472	10
4214	ok	0.0438	10
6497	ok	0.0236	39
5994	ok	1.3673	10
6832	ok	0.0143	30
74	ok	0.1760	105384
9698	ok	0.0142	2761
5852	ok	0.0541	10
6900	ok	0.0074	20
8267	ok	1.6631	10
8988	ok	0.1354	258480
961	ok	0.0162	10
5517	ok	0.0271	9
5654	ok	0.0156	54
9986	ok	0.0531	10
530	ok	0.0449	10
4506	ok	0.0518	10
4962	ok	0.0524	10
8918	ok	0.0387	20
33081	ok	0.0078	0
2691	ok	0.0329	10
1407	ok	0.0481	10
8437	ok	1.2589	90
9538	ok	0.0349	10408
24632	ok	0.0086	4
8685	ok	0.0866	8
1867	ok	0.0343	50
7469	ok	0.0394	10
8486	ok	0.3489	677
700	ok	0.0142	10
29085	ok	0.2132	100
29432	ok	0.0351	10
1946	ok	0.0506	50
4041	ok	0.0439	10
4565	ok	0.0259	50
8481	ok	0.8577	455807
26962	ok	0.0106	2
27501	ok	0.5933	10
8976	ok	0.0081	3
7638	ok	1.0302	165
25276	ok	0.1393	5
28766	ok	5.9852	10
34763	ok	0.0231	10
6973	ok	0.0407	4
1049	ok	0.0080	20
5183	ok	0.0779	0
5471	ok	0.0110	25
5940	ok	0.0060	7
5724	ok	0.1410	0
9768	ok	0.0974	80325
5491	ok	0.4088	0
4283	ok	0.0449	10
7312	ok	0.0177	100
2531	ok	0.0667	1
7191	ok	0.0177	405
33547	ok	0.0143	0
34192	ok	0.0935	80325
5362	ok	0.0151	64
6463	ok	0.0387	100
5917	ok	0.1454	267194
2083	ok	0.0304	10
9996	ok	0.0684	10
8575	ok	0.1267	10
4217	ok	0.0085	0
9340	ok	0.0488	10
5930	ok	1.8137	10
5857	ok	5.1124	23
139	ok	0.0073	0
9543	ok	0.0129	3615
6264	ok	0.0889	100
7310	ok	0.0694	10
32936	ok	0.0473	4860
6049	ok	0.1014	67794
6925	ok	0.0073	10
7785	ok	0.0158	10
27897	ok	0.0540	10
2582	ok	0.1568	65122
27409	ok	0.1373	10
663	ok	0.0685	10
833	ok	0.0396	10
936	ok	0.0266	50
6269	ok	0.0571	19
28435	ok	0.0119	12
7538	ok	0.0093	0
28874	ok	0.2220	10
5027	ok	0.0579	10
5976	ok	4.7371	5
9603	ok	0.0104	10
865	ok	0.0245	10
3928	ok	0.0221	1
2141	ok	0.0097	0
4672	ok	0.0120	10
25628	ok	0.1620	20
4921	ok	0.0247	100
26771	ok	0.0205	100
2178	ok	0.0392	853
4866	ok	0.0534	10
27771	ok	0.0119	0
7142	ok	4.4395	50
28544	ok	0.5650	267193
29944	ok	5.9381	0
5015	ok	0.0147	4
29414	ok	6.0668	0
4330	ok	0.0092	10
4135	ok	0.0434	10
2835	ok	0.0090	19
5158	ok	0.0266	10
51	ok	0.0367	10
3764	ok	0.0481	20
8672	ok	4.7193	82
3532	ok	0.0870	50
5437	ok	0.3623	0
29585	ok	0.1553	47733
4176	ok	0.9305	50
28550	ok	0.1081	46843
34830	ok	0.0088	10
4043	ok	0.0493	10
3774	ok	0.0142	10
6430	ok	0.0092	853
30173	ok	4.3951	12320
4771	ok	0.0293	50
8017	ok	0.1824	0
279	ok	0.1235	111645
2151	ok	0.6184	466260
6628	ok	0.0017	0
9692	ok	0.1456	80325
27824	ok	0.0128	10
1737	ok	0.0537	10
6687	ok	0.0153	5
679	ok	0.0884	60852
9193	ok	0.0078	10
6647	ok	0.0782	5180
34823	ok	0.0640	44439
31052	ok	0.0279	10
1827	ok	0.1357	80325
25434	ok	6.2524	514090
3031	ok	0.4415	271763
5634	ok	0.1390	724
6779	ok	0.0229	10
7129	ok	0.0060	10
8928	ok	0.0328	0
26472	ok	0.1365	10
2192	ok	0.0278	193
7024	ok	0.2493	5
25342	ok	0.0065	23
8425	ok	0.0446	0
31048	ok	0.0190	0
6318	ok	4.7499	1
6060	ok	0.0095	12
9169	ok	4.6557	1
8117	ok	0.0103	10
7849	ok	0.0695	12
20334	ok	0.2429	10
31760	ok	5.8761	1232
33870	ok	0.0521	10
8106	ok	0.1376	10
4498	ok	0.1279	10
5461	ok	0.3419	50
9480	ok	0.2507	160681
8396	ok	0.0468	0
27349	ok	0.1104	51874
6688	ok	0.0057	12
2655	ok	0.3652	21850
1724	ok	0.0543	0
4979	ok	0.0373	0
3251	ok	0.0056	0
31791	ok	0.0348	10
9070	ok	0.8694	10
33911	ok	0.0394	40
9697	ok	0.0142	58
25866	ok	0.0496	10
28704	ok	4.4017	10
395	ok	0.0517	100
25956	ok	4.5312	10
842	ok	0.0142	0
8446	ok	0.0587	100
386	ok	0.0721	8262
27519	ok	0.3375	30871
26285	ok	0.0565	10
9545	ok	0.1195	2054
25134	ok	0.3392	63872
3709	ok	0.0618	0
33518	ok	0.0388	10
33949	ok	0.0611	10
30042	ok	0.0469	100
25885	ok	0.0697	10
3486	ok	0.0429	100
1738	ok	0.0463	10
4297	ok	6.0643	65162
9202	ok	0.0972	51409
9905	ok	0.0269	3749
3750	ok	0.0494	5
7390	ok	0.0467	10
27578	ok	0.0502	13
9279	ok	0.0234	415
25032	ok	0.0288	853
6586	ok	0.0360	50
33551	ok	0.0110	20
2961	ok	0.0426	20
3044	ok	0.0384	0
22621	ok	0.0274	10
31482	ok	0.0254	0
7649	ok	0.0186	10
30838	ok	0.2000	80325
1280	ok	0.0343	100
2548	ok	0.0238	5
26076	ok	5.5641	0
29243	ok	0.4080	267193
2648	ok	0.0504	10
8849	ok	0.1435	4
29565	ok	4.6511	0
4122	ok	0.0384	10
27788	ok	0.0398	10
6513	ok	0.0053	12
3156	ok	0.0211	26
4721	ok	0.0173	10
7494	ok	1.3404	1
31127	ok	0.1249	100
34363	ok	0.0172	42
3432	ok	0.0231	853
7062	ok	0.0112	12
7481	ok	1.4566	47851
26152	ok	0.1050	10
27253	ok	1.3640	73793
5106	ok	0.0237	3
8601	ok	0.1777	6630
6939	ok	0.8637	10
2378	ok	0.0493	3112
3766	ok	0.0332	10
7491	ok	0.0210	20
25928	ok	0.2278	222
2339	ok	0.0234	10
32899	ok	0.0223	0
6112	ok	0.0542	60
7803	ok	0.0117	50
28920	ok	6.0949	39
29381	ok	0.0294	4311
22188	ok	0.0557	0
31562	ok	0.0202	10
6747	ok	0.0204	20
5192	ok	0.0464	10
9443	ok	0.1771	70343
32973	ok	0.0195	566
33999	ok	0.2233	111645
4379	ok	0.0333	0
6921	ok	0.9098	16466
8585	ok	0.1539	10
6523	ok	0.0498	0
8802	ok	0.0677	0
6227	ok	0.0134	10
29245	ok	5.6794	11845
4019	ok	0.1229	111645
8035	ok	0.0185	100
34367	ok	0.0223	50
5355	ok	0.0611	50
25453	ok	0.2046	65122
7201	ok	0.0293	0
8805	ok	0.0524	100
27243	ok	0.4654	267193
8863	ok	7.6607	58
1154	ok	0.0320	10
23401	ok	0.0772	12954
26314	ok	1.3232	50
26028	ok	0.0314	10
7212	ok	0.0525	10
25960	ok	6.3918	93000
3550	ok	0.0440	10
5065	ok	0.0219	125
20337	ok	0.0159	0
26087	ok	0.0658	100
5172	ok	0.0331	20
31570	ok	0.0844	58306
7144	ok	0.0416	10
2246	ok	0.0932	65122
23200	ok	0.1092	65122
27273	ok	1.2806	596427
1051	ok	0.0234	50
2561	ok	2.3690	2085622
2857	ok	0.4108	373172
34272	ok	2.9034	1858
516	ok	0.1471	28246
1925	ok	0.0327	10
27570	ok	4.5527	100
3366	ok	0.0364	10
34619	ok	0.1334	72605
3693	ok	0.0511	10
30063	ok	0.0213	10
9803	ok	0.0782	40760
1479	ok	0.0331	0
34544	ok	0.0897	0
28379	ok	0.0411	10
23752	ok	0.0496	50
34974	ok	0.0123	0
6947	ok	0.0568	15470
33132	ok	0.0351	50
643	ok	0.0378	10
25800	ok	0.0105	100
34851	ok	0.0359	100
9172	ok	0.0709	10
32053	ok	0.0316	10
5567	ok	0.0202	74
7123	ok	0.0858	0
1714	ok	0.0459	10
3619	ok	0.0399	1285
1771	ok	0.0478	10
26811	ok	0.0854	10
27203	ok	1.3465	21367
27951	ok	0.2097	10
5943	ok	0.0055	197
28511	ok	0.0967	10
22976	ok	0.0877	29
55	ok	0.0558	10
20548	ok	0.0430	10
25941	ok	0.5646	10
31367	ok	0.0399	4178
31244	ok	0.0298	100
415	ok	0.0226	10
2181	ok	0.0539	100
2061	ok	0.0684	10
1057	ok	0.0144	4
33460	ok	0.0196	10
9960	ok	0.0265	100
348	ok	0.0535	20995
8205	ok	0.0856	5420
3822	ok	0.0263	50
7328	ok	0.0569	10
24163	ok	0.0557	11
8072	ok	0.0409	1665
23505	ok	0.0400	0
29615	ok	5.4748	1232
24737	ok	0.0193	50
31757	ok	0.0273	50
210	ok	0.0098	20
33090	ok	0.0462	11637
25272	ok	1.6796	1259000
28886	ok	0.0132	10
34788	ok	0.0247	1289
33435	ok	4.3520	1410
34918	ok	0.0242	20
8792	ok	0.0201	10
26547	ok	0.3819	267193
6632	ok	0.0287	0
4972	ok	0.0354	100
33633	ok	0.0567	10
2510	ok	0.0210	100
34298	ok	0.0430	50
26717	ok	4.5226	1232
5434	ok	0.0198	35
28751	ok	0.0340	10
1926	ok	0.0569	10
34320	ok	0.0151	0
25073	ok	6.0688	10
31084	ok	0.0590	2051
1466	ok	0.0959	54343
8656	ok	0.3862	94
33231	ok	0.0109	10
24393	ok	0.0318	10
31868	ok	0.0428	10
27475	ok	4.7474	939
31452	ok	0.0534	25840
5984	ok	0.0497	0
34799	ok	0.0273	10
6491	ok	0.0156	13
30785	ok	0.0338	10
808	ok	0.0459	0
33082	ok	0.0486	35
2665	ok	0.0761	0
26462	ok	0.0143	2751
31401	ok	0.0259	100
32550	ok	0.0364	10
7683	ok	17.4557	8234
22053	ok	0.0107	636
24616	ok	0.1393	100
20777	ok	0.0157	0
31177	ok	0.2133	109952
27359	ok	5.1903	10
31548	ok	0.0564	10
2455	ok	0.0126	10
26206	ok	0.0727	10
5556	ok	0.0138	225
7749	ok	0.0854	0
24154	ok	0.5787	100
222	ok	1.3317	40158
4610	ok	0.0523	100
3014	ok	0.0322	37
25522	ok	0.0226	10
20865	ok	0.0197	1
32236	ok	4.8620	268131
21896	ok	0.0391	20
30982	ok	0.0169	20
10502	ok	2.7942	0
31216	ok	0.0218	470
27768	ok	0.2983	80325
1619	ok	0.0675	50
25005	ok	0.3189	10
29230	ok	0.0638	792
3296	ok	0.0617	100
2546	ok	0.0585	100
7515	ok	4.5163	604
9732	ok	0.0474	50
25981	ok	1.1593	853291
29320	ok	0.0374	10
1266	ok	0.0374	0
6004	ok	0.0498	10
31064	ok	0.0506	50
32648	ok	0.0987	0
2736	ok	0.1422	8
2965	ok	0.0387	10
8947	ok	0.0088	26
33427	ok	0.0078	0
8757	ok	0.0353	0
30227	ok	0.0272	435
25177	ok	4.2322	52992
9094	ok	0.0950	50
4773	ok	0.1588	53125
9766	ok	0.0329	19
3081	ok	0.0371	100
34696	ok	0.0551	10
20039	ok	0.1301	67593
24297	ok	0.0859	20
33356	ok	0.0649	50
32751	ok	0.4358	1984
26510	ok	5.7590	19861
3468	ok	0.0612	10
23619	ok	0.0223	1
31145	ok	0.0462	10
2197	ok	0.0628	49
6591	ok	0.1501	0
29971	ok	4.7290	1
32058	ok	0.0391	1092
31004	ok	0.0446	10
29780	ok	0.0618	100
29799	ok	0.0693	10
31317	ok	0.0161	0
30576	ok	0.0442	10
25737	ok	0.0939	10
34399	ok	0.0461	1788
23266	ok	0.0505	100
30920	ok	0.0599	16
4560	ok	0.0788	140
21193	ok	0.1207	10
25114	ok	0.0644	100
29499	ok	0.3688	2930
23252	ok	0.0449	10
24045	ok	0.0486	10
33690	ok	0.1080	51415
30689	ok	0.0570	23
28380	ok	0.0392	10
26497	ok	0.4932	267193
25238	ok	5.6965	68200
11656	ok	0.2232	10
30476	ok	0.1432	101563
34055	ok	0.0699	22459
30090	ok	0.0617	11613
25848	ok	0.1905	58941
23893	ok	0.0395	0
20719	ok	0.0802	26597
33373	ok	0.1699	20
34801	ok	0.1414	10
22117	ok	0.0827	0
20091	ok	0.0180	36
24494	ok	0.0350	0
9336	ok	0.0102	2
12995	ok	0.2176	10
12354	ok	0.0570	10
10426	ok	0.0490	10
29609	ok	0.0835	10
5477	ok	0.0538	10
7079	ok	0.0576	10
7878	ok	0.0917	10
4907	ok	0.0289	233
4750	ok	0.1124	10
27384	ok	1.4367	10
6812	ok	0.0587	10
7852	ok	0.0111	39
8147	ok	0.1270	10
11924	ok	0.0013	0
14475	ok	0.0172	10
14695	ok	5.5461	10
12422	ok	0.9585	10
31429	ok	0.0136	108
447	ok	0.0859	190
11236	ok	0.0721	10
11294	ok	0.0800	10
8126	ok	0.6107	10
13140	ok	1.1994	10
8010	ok	0.0088	22
3590	ok	0.0270	10
10629	ok	0.1468	10
6807	ok	1.0944	10
9182	ok	0.0084	10
7459	ok	0.0159	0
11377	ok	1.4029	17
6421	ok	1.1063	10
5343	ok	0.0076	152
1745	ok	0.0321	10
13111	ok	0.0600	15
11643	ok	0.0644	10
9043	ok	0.0644	10
550	ok	0.0107	50
8473	ok	0.1107	10
13392	ok	0.0701	10
5993	ok	1.6571	10
8047	ok	1.5719	10
5720	ok	0.0125	10
27058	ok	0.7505	10
4207	ok	0.0312	50
5480	ok	0.2080	10
8984	ok	0.0810	10
13337	ok	0.0880	10
6141	ok	0.0111	22
6202	ok	0.0031	10
3182	ok	0.0089	10
7634	ok	0.0281	10
6041	ok	0.0340	10
1918	ok	0.0092	20
6858	ok	1.0537	10
6976	ok	0.0746	10
4981	ok	0.0235	0
5878	ok	0.0459	3338
5413	ok	0.0243	777
7710	ok	1.2786	100
6641	ok	0.0196	0
5317	ok	0.0320	10
27279	ok	0.2748	6182
707	ok	0.0628	3610
8718	ok	0.0936	10
8902	ok	0.1029	10
9416	ok	0.0462	10
12786	ok	0.0496	10
7591	ok	0.0817	10
9515	ok	0.0073	22
10233	ok	0.1414	10
6402	ok	0.0173	0
5049	ok	0.0251	0
7373	ok	1.6395	10
5272	ok	0.1822	65122
5489	ok	0.0545	10
5875	ok	0.0837	5
8516	ok	0.0116	20
9535	ok	1.7845	10
3500	ok	0.0910	20
10277	ok	0.0746	10
3530	ok	0.4067	0
1591	ok	0.0552	1686
5508	ok	0.0218	29
8535	ok	1.5827	10
9978	ok	0.0078	10
8776	ok	0.0321	12
3670	ok	0.0831	10
5478	ok	0.0151	10
8359	ok	0.9329	15
8350	ok	0.0168	10
8495	ok	0.0181	10
14823	ok	0.1194	10
3782	ok	0.0103	10
5813	ok	0.0980	10
6953	ok	0.0511	56
8926	ok	0.0089	12
8150	ok	0.0179	2
6079	ok	3.0827	10
7388	ok	0.0161	3693
7087	ok	0.0162	3341
8448	ok	2.3500	10
29445	ok	0.0100	264
7604	ok	0.0568	10
2831	ok	0.0602	0
8068	ok	0.0645	10
1307	ok	0.0108	10
6774	ok	1.4126	10
4076	ok	0.0530	10
14468	ok	0.0331	100
27392	ok	4.8363	10
28561	ok	0.0921	10
4474	ok	0.0698	0
5003	ok	0.0449	10
7964	ok	6.5370	10
5535	ok	0.1031	10
670	ok	0.0199	20
9191	ok	0.0133	10
3053	ok	0.0051	10
23902	ok	0.0018	0
2931	ok	0.0657	715
7960	ok	0.0080	28
12898	ok	0.0963	10
2783	ok	0.0154	10
5988	ok	0.0124	4432
8733	ok	0.1007	10
12309	ok	0.0649	10
9478	ok	0.0092	216
9501	ok	0.0097	10
8842	ok	5.9844	10
1655	ok	0.1457	0
6445	ok	0.0232	86
6982	ok	0.0085	0
25346	ok	0.1527	36
816	ok	0.0115	10
9847	ok	0.0146	12
8098	ok	0.0625	20
5485	ok	1.3154	10
6623	ok	0.0109	249
7703	ok	1.8064	100
22656	ok	0.0083	50
4881	ok	0.0582	51855
6654	ok	0.0120	10
729	ok	0.0506	10
481	ok	0.0110	90
6955	ok	0.1616	88732
33639	ok	4.9466	0
5367	ok	1.6651	13
5575	ok	0.1472	80325
5063	ok	0.0146	1653
1040	ok	0.0685	10
2656	ok	0.0382	33
7814	ok	0.0106	22
235	ok	0.0336	0
8861	ok	0.0860	10
6336	ok	0.0133	36
7296	ok	0.1090	16
9374	ok	0.0115	6
134	ok	0.0316	50
678	ok	0.2373	267358
1134	ok	0.0435	4951
6138	ok	0.7384	651220
6660	ok	0.0070	10
3643	ok	0.0293	100
5756	ok	0.0086	10
7003	ok	0.0715	54
5234	ok	0.0096	0
9613	ok	0.0566	10
5301	ok	0.0567	10
5619	ok	0.0616	4974
7371	ok	0.0100	0
4298	ok	0.0282	10
9236	ok	0.8722	10
9503	ok	0.0103	0
3808	ok	0.0239	50
7182	ok	0.0452	0
4484	ok	0.0165	10
7106	ok	0.0256	100
5325	ok	0.0966	10
9880	ok	0.0097	88
5216	ok	0.0654	853
8547	ok	0.1393	10
7980	ok	1.0398	10
9267	ok	0.1156	54597
25347	ok	5.4974	10
5426	ok	0.0420	10
9284	ok	0.0634	10
9601	ok	0.0149	20
8271	ok	0.0580	6461
2499	ok	0.0065	0
3	ok	0.0945	10
13256	ok	0.0751	10
28669	ok	0.2014	10
31527	ok	0.0115	20
4581	ok	0.0235	10
5149	ok	0.0086	12
3346	ok	0.0164	20
1189	ok	0.1695	111380
6374	ok	0.3339	10
7597	ok	0.0587	2
7847	ok	0.0224	3744
9165	ok	1.8688	10
7913	ok	0.0345	134
8139	ok	2.7069	10
7621	ok	0.1062	10
22445	ok	0.0212	10
1498	ok	0.0134	28
5473	ok	2.9768	10
7315	ok	0.2816	133506
8001	ok	0.1379	42
8096	ok	1.6874	13
7246	ok	0.1541	10
8851	ok	0.4430	8380
5552	ok	0.0571	28
8307	ok	0.0395	20
9261	ok	0.0805	10
5449	ok	0.0127	10
6505	ok	0.0191	10
8649	ok	0.1031	100
2289	ok	0.0129	10
9838	ok	0.0126	10
4463	ok	0.0232	10
6651	ok	0.0136	11
206	ok	0.1560	125166
1285	ok	0.0358	5
1487	ok	4.9861	10600
5318	ok	1.0426	10
8008	ok	0.0863	80
7835	ok	0.0127	10
9017	ok	0.1096	0
360	ok	0.0733	10
3100	ok	0.0179	44
6995	ok	0.0170	0
8745	ok	0.0253	10
1254	ok	0.0143	0
9257	ok	1.7951	10
5596	ok	1.6327	10
8867	ok	0.0647	10
10881	ok	0.1858	104437
22635	ok	0.0057	0
2936	ok	0.0243	100
7113	ok	0.0109	38
6401	ok	0.1260	4425
568	ok	0.0208	10
8709	ok	0.0469	5
1810	ok	0.0437	27
7719	ok	0.0223	50
4925	ok	0.0972	899
420	ok	0.0124	10
7563	ok	0.0153	10
8827	ok	0.0484	221
23	ok	0.0383	76
3954	ok	0.0218	100
6176	ok	0.0147	1
8719	ok	0.0729	5
8580	ok	0.0697	20
131	ok	0.1460	10
2195	ok	0.1420	9860
5846	ok	0.0673	10
2865	ok	0.0766	10
4053	ok	0.0134	10
7905	ok	0.1089	10
8390	ok	4.7368	100
5034	ok	0.0081	19
6906	ok	0.0048	12
5708	ok	0.0187	10
5464	ok	0.0101	0
5505	ok	3.5718	50
4313	ok	0.1294	10
5108	ok	3.8281	10
27224	ok	0.1475	45982
3090	ok	0.0394	0
3873	ok	0.0110	291
8832	ok	0.0241	0
1384	ok	7.2953	10
31338	ok	0.0131	100
2257	ok	0.2104	65122
3188	ok	0.0133	100
8278	ok	1.4986	13
9646	ok	0.0178	10
2273	ok	0.0199	2
3706	ok	0.0845	777
8099	ok	0.0170	20
2956	ok	0.0337	6
5960	ok	0.0099	10
3055	ok	5.0458	10141
3859	ok	0.0686	14
4990	ok	0.0994	10
6799	ok	0.0066	20
20800	ok	0.0095	0
3824	ok	0.0234	10
7108	ok	0.0163	36
7428	ok	0.0096	0
8503	ok	1.5906	10
8896	ok	0.0133	3956
8905	ok	0.0205	10
10682	ok	0.0935	19
2315	ok	0.0045	10
6098	ok	0.8681	10
9462	ok	2.0836	10
32414	ok	0.0596	50
6509	ok	0.0192	23
7868	ok	0.0138	10
2485	ok	0.0110	10
29933	ok	0.0324	10
33807	ok	0.0247	10
5405	ok	0.2377	257045
2159	ok	0.0607	10
2911	ok	0.0540	61900
7686	ok	0.3854	101
8368	ok	1.2412	10
3280	ok	0.0316	10
7249	ok	0.0080	10
3064	ok	0.0072	10
4419	ok	0.0274	50
6373	ok	0.0834	3
2709	ok	0.0299	0
3207	ok	0.0562	10
7204	ok	0.0140	10
6997	ok	0.0533	10
29644	ok	0.0172	36
252	ok	0.0121	10
2719	ok	0.0168	1
3354	ok	0.0934	10
3427	ok	0.0423	10
7685	ok	0.0380	0
8777	ok	3.2334	13
3490	ok	0.0347	10
8727	ok	0.1830	10
3642	ok	0.0296	10
31871	ok	0.0095	50
5170	ok	0.0218	0
6190	ok	1.3983	80
9711	ok	0.0526	326
3088	ok	0.0051	331
5558	ok	1.2736	10
8323	ok	0.0124	0
2530	ok	0.0329	50
3906	ok	0.0150	50
9415	ok	3.5707	10
394	ok	0.0172	10
3342	ok	1.6619	10
4961	ok	0.0399	3610
650	ok	0.0257	50
2689	ok	0.0207	35
2878	ok	0.0275	10
7776	ok	0.0114	0
2106	ok	0.0103	0
4194	ok	0.0078	10
2004	ok	0.0089	10
8415	ok	0.0119	3749
727	ok	0.3911	267193
5206	ok	0.0038	47
5537	ok	0.0280	3615
7055	ok	0.0324	10
32697	ok	0.0151	0
24126	ok	0.0905	10
6201	ok	0.0702	0
6839	ok	0.0464	10
188	ok	0.0490	0
6500	ok	0.0117	12
8679	ok	0.0108	22
5246	ok	0.2288	35
7452	ok	0.0057	537
2757	ok	0.0259	100
25750	ok	0.0126	20
5628	ok	0.0923	10
6182	ok	0.0092	12
6864	ok	0.0197	20
1429	ok	0.0098	50
4082	ok	0.0130	20
8491	ok	0.0496	0
32341	ok	0.0812	377
5812	ok	0.1273	10
3522	ok	0.0826	10
27420	ok	0.0356	0
5544	ok	2.8079	2671930
8253	ok	1.0176	10
8525	ok	0.0101	50
9140	ok	0.0428	10
9327	ok	0.0814	10
311	ok	0.0435	10
1214	ok	4.8729	11
705	ok	0.0885	46107
2379	ok	0.0117	9
3718	ok	0.0093	0
9218	ok	0.1454	0
2649	ok	0.7151	58958
3295	ok	0.0416	0
543	ok	0.0665	5
4638	ok	0.0648	10
7734	ok	1.9039	13
8077	ok	0.0054	0
9498	ok	0.0071	12
3644	ok	0.0091	10
7056	ok	0.0150	35
3496	ok	6.3368	10
5021	ok	0.0187	20
10368	ok	0.1482	10
5767	ok	0.0153	35
4327	ok	0.0793	10
6363	ok	0.0273	10
913	ok	0.0138	10
448	ok	0.0201	10
1525	ok	0.0094	5
7474	ok	0.0183	1
10399	ok	1.9267	824019
13107	ok	0.0534	8249
7681	ok	0.0158	38
5827	ok	2.8951	10
294	ok	0.0293	0
5007	ok	0.0140	4073
6017	ok	0.0308	10
1110	ok	0.0222	10
5745	ok	0.0112	36
8882	ok	0.1207	35
6287	ok	0.4715	10
1634	ok	0.0223	1566
8468	ok	0.4246	4
3104	ok	0.0220	10
5052	ok	1.0155	50
8696	ok	0.0958	10
1251	ok	0.0074	3
25228	ok	0.0525	50
6859	ok	0.0165	10
4801	ok	0.0251	0
7293	ok	0.0125	20
28393	ok	0.0072	10
6630	ok	0.0502	50
425	ok	0.0099	10
1953	ok	0.0119	10
4675	ok	0.0168	50
5755	ok	0.0201	10
21979	ok	0.0103	10
34586	ok	0.0120	7
1268	ok	0.0615	10
9064	ok	1.5214	13
28349	ok	0.3485	80325
2369	ok	0.0847	10
7948	ok	0.0493	10
9210	ok	0.0761	10
7044	ok	0.0181	34
1467	ok	0.0132	211
5490	ok	0.0549	10
8467	ok	0.0106	12
6938	ok	0.0068	20
4216	ok	0.0588	0
5674	ok	0.2150	100
7215	ok	0.0088	0
8420	ok	0.0108	9
1081	ok	0.0497	10
3101	ok	5.2374	14
8522	ok	0.0660	1851
1337	ok	0.0296	150
9324	ok	0.1378	8380
930	ok	0.0440	1086
5912	ok	0.2279	64927
6980	ok	0.0312	38
9003	ok	0.0216	0
6214	ok	0.0692	28
749	ok	0.0203	3744
2350	ok	0.0603	10
8558	ok	1.7812	10
20794	ok	0.0288	6375
27976	ok	0.0153	0
2537	ok	0.1404	267098
9139	ok	4.9165	13
9723	ok	15.1561	10
34959	ok	0.0810	10
491	ok	0.0184	35
2644	ok	0.4708	180469
72	ok	0.0016	0
737	ok	0.0155	10
9404	ok	0.0209	0
2189	ok	0.0164	10
4487	ok	0.0533	20
4683	ok	0.0785	10
8074	ok	0.0092	9
9220	ok	0.0613	100
1870	ok	0.0195	27
8519	ok	0.0585	10
2638	ok	0.0323	0
7727	ok	0.0569	1
29614	ok	0.0856	852
32153	ok	0.0473	0
4415	ok	1.0114	10
5109	ok	0.0281	8530
5468	ok	0.0124	10
6342	ok	0.0765	10
6749	ok	0.0362	10
3841	ok	0.5521	10
4141	ok	0.0109	10
9524	ok	0.2137	83
2815	ok	0.0079	41
5725	ok	0.0490	10
7034	ok	0.1362	10
1044	ok	0.1173	10
164	ok	0.0814	100
23233	ok	0.0212	3199
7119	ok	0.0450	8
7350	ok	0.0103	100
26841	ok	6.2783	10
5227	ok	0.0190	560
5549	ok	0.4313	3
7879	ok	2.6674	421
30581	ok	0.0152	100
669	ok	0.0338	10
9722	ok	0.0160	0
7787	ok	1.4689	200
6088	ok	0.0085	246
32784	ok	0.0225	100
4863	ok	0.0999	27
6271	ok	0.0036	10
772	ok	0.9255	4425
7101	ok	4.8430	7567
25221	ok	0.0110	0
28299	ok	0.0095	10
2605	ok	0.0883	0
2569	ok	0.0409	0
3124	ok	0.0980	10
4311	ok	0.0781	10
3439	ok	0.0139	10
25798	ok	0.0353	10
2635	ok	0.1848	51025
14727	ok	0.0573	17095
5483	ok	0.0223	50
6068	ok	0.0766	10
7013	ok	0.0491	10
29112	ok	1.3294	1819
2811	ok	0.0148	10
635	ok	0.0212	39
2584	ok	0.0122	10
6712	ok	0.0117	98
30218	ok	8.6209	1099520
9521	ok	0.0680	0
196	ok	0.1154	0
8648	ok	0.0112	267
27712	ok	5.7360	245
1223	ok	0.0151	0
4090	ok	0.0123	10
5073	ok	0.0978	10
6051	ok	0.1483	10
30899	ok	0.0121	0
7132	ok	0.1987	10
8799	ok	0.0224	5
31797	ok	0.0459	50
2230	ok	0.0700	1762
954	ok	0.0159	150
7881	ok	0.0072	10
33524	ok	0.0141	0
3018	ok	0.0090	10
5877	ok	0.2021	10
8833	ok	1.8405	10
356	ok	0.0150	422
7891	ok	0.0102	10
32048	ok	0.0865	16240
200	ok	0.5978	11
3301	ok	0.0827	0
6308	ok	0.0791	0
32456	ok	1.7040	2466730
928	ok	0.0311	10
3125	ok	0.1014	4425
2697	ok	0.0139	2
1385	ok	0.0242	100
1014	ok	0.0088	10
1380	ok	0.0159	4
6044	ok	0.0833	10
1793	ok	0.0486	677
2612	ok	0.0512	50
888	ok	0.0091	377
3278	ok	0.0236	10
5309	ok	0.0076	20
26754	ok	0.0629	100
8474	ok	0.0277	28
5555	ok	0.3806	10
34765	ok	0.0213	84
24052	ok	0.0075	10
6177	ok	0.0301	14440
30657	ok	0.0064	10
1078	ok	1.0514	50
2562	ok	0.1332	10
622	ok	0.5040	10
1201	ok	0.0644	10
1937	ok	0.0201	50
2916	ok	0.0542	5
4888	ok	0.0046	0
8197	ok	1.9833	10
8812	ok	0.0106	58
29968	ok	0.1194	1
34698	ok	0.0334	9
398	ok	0.0193	9
3234	ok	0.0095	81
6865	ok	0.0019	0
29291	ok	4.4246	10
1318	ok	4.7968	27192
4153	ok	0.0194	21
8173	ok	0.0080	10
2513	ok	0.0163	10
6215	ok	0.0128	10
2764	ok	0.0103	10
6069	ok	0.0074	35
9381	ok	0.0825	53597
2596	ok	0.0480	11
8950	ok	0.0166	100
26758	ok	0.4261	123
3879	ok	0.0199	0
28105	ok	0.0285	216
5772	ok	2.3984	10
1068	ok	1.1222	48
4626	ok	0.0411	100
8104	ok	0.0158	91
1820	ok	0.0213	541
5957	ok	1.1610	10
253	ok	0.0187	100
7319	ok	0.2775	38
7501	ok	0.0141	10
27313	ok	0.0666	24
5254	ok	0.0091	35
6327	ok	0.8697	10
7045	ok	0.0303	50
33700	ok	0.0157	3
34387	ok	0.0402	39366
1077	ok	0.0350	1626
7313	ok	0.7827	8
8031	ok	4.8259	100
8873	ok	0.9862	651220
9859	ok	0.0025	0
5935	ok	0.0494	10
8060	ok	0.0651	13
2248	ok	0.0080	10
9819	ok	0.0789	43923
1832	ok	0.0271	50
3219	ok	0.0323	10
3407	ok	0.0745	10
26306	ok	4.6027	0
995	ok	0.0195	0
31815	ok	0.0100	10
3369	ok	0.1042	1465
5519	ok	0.0136	1017
5913	ok	0.3825	10
7821	ok	0.6656	10
3629	ok	0.0124	10
180	ok	0.0072	10
396	ok	0.1478	20
3748	ok	0.0510	10
4752	ok	0.0227	0
6011	ok	0.0075	10
4631	ok	0.0321	6839
1915	ok	0.0650	1762
7707	ok	0.0359	20
2748	ok	0.0676	100
7697	ok	0.0352	150
3646	ok	0.0322	10
4654	ok	4.7168	20
1504	ok	0.0068	0
2344	ok	0.0889	8
25105	ok	4.3805	10
4852	ok	0.0118	351
5747	ok	1.8670	10
8712	ok	0.0127	38
6433	ok	0.0267	5
26238	ok	0.4699	61
8987	ok	0.0072	10
3454	ok	0.0128	50
25018	ok	0.0403	50
25806	ok	0.0496	10
28890	ok	0.0139	23
3435	ok	0.0746	12
3046	ok	0.0133	100
1061	ok	0.0203	10
3847	ok	0.0138	30
3902	ok	0.0103	10
1095	ok	0.0344	10
2817	ok	0.0081	10
9791	ok	0.0366	0
32583	ok	0.0275	10
1007	ok	0.0244	5377
1753	ok	0.0447	50
151	ok	0.0282	10
1173	ok	0.0089	10
806	ok	0.0106	0
2194	ok	4.4414	267193
2980	ok	0.0238	10
7164	ok	0.1286	10
8484	ok	0.0108	10
23633	ok	0.0103	10
22495	ok	0.0107	33
690	ok	0.0067	1
3332	ok	0.0232	10
6664	ok	0.0093	100
9038	ok	0.0056	12
5860	ok	0.1306	10
6682	ok	0.2783	3615
11146	ok	1.6266	28
31166	ok	0.0287	100
26414	ok	0.0446	10
4191	ok	0.0074	0
2347	ok	0.0385	0
5071	ok	0.0088	32
380	ok	0.0281	0
3719	ok	0.0430	5
4412	ok	0.0292	0
29508	ok	0.0156	0
3742	ok	0.0768	51409
4142	ok	0.0130	10
4371	ok	4.8634	171000
25510	ok	0.0203	10
21422	ok	0.0095	63
755	ok	0.0205	10
20388	ok	0.0495	100
27814	ok	0.1412	39503
2603	ok	0.0518	0
3968	ok	0.0087	10
24610	ok	0.0293	0
71	ok	0.0110	10
9271	ok	0.0142	14
29781	ok	3.0061	50
3867	ok	0.0597	10
6133	ok	5.7630	651220
1887	ok	0.0151	2105
3779	ok	0.0226	3593
21112	ok	0.0301	0
30992	ok	0.0153	100
5062	ok	1.7306	10
33977	ok	0.0226	10
1282	ok	0.0147	272
7739	ok	0.1001	20
2861	ok	0.1819	113473
3894	ok	0.0125	100
2766	ok	0.0792	10
4923	ok	4.6908	140
7654	ok	0.1798	102818
8724	ok	0.0832	50
1143	ok	0.0138	10
2287	ok	0.0403	853
2609	ok	0.0379	10
4088	ok	0.0332	10
33316	ok	0.0946	10
1765	ok	0.8111	50
1807	ok	0.0951	8146
7925	ok	0.0454	10
8319	ok	0.0130	3617
30331	ok	0.0138	27
2849	ok	0.0212	0
7300	ok	0.0148	10
34552	ok	0.0182	0
1050	ok	0.0338	50
3710	ok	0.0117	5
5673	ok	4.7104	21200
27515	ok	2.7595	50
766	ok	0.0145	677
4544	ok	0.0357	50
5617	ok	0.0270	10
25120	ok	0.0229	548
4496	ok	0.0196	10
6843	ok	0.0216	20
21195	ok	0.5345	1276464
31099	ok	0.0069	0
3281	ok	0.0083	10
5753	ok	0.0794	0
7700	ok	0.0924	2105
3340	ok	0.0823	0
9993	ok	0.0114	35
31779	ok	0.0158	50
33563	ok	0.0254	853
1909	ok	0.0154	47
830	ok	0.0177	119
1966	ok	2.2260	23887
31629	ok	0.0136	0
4387	ok	0.0153	8380
3878	ok	0.0184	1623
9306	ok	0.0175	20
20231	ok	0.0154	10
1362	ok	0.0101	0
1489	ok	0.0073	27
9325	ok	0.0360	10
3405	ok	0.0191	10
5347	ok	1.4573	0
6514	ok	0.0656	50
9444	ok	0.0301	3749
26959	ok	1.7791	10
9355	ok	0.0076	27
9572	ok	0.1802	0
1996	ok	0.0522	19
61	ok	0.1732	109952
2598	ok	0.0710	10
26263	ok	4.4885	83333
3274	ok	0.7550	81134
6022	ok	2.1510	10
30459	ok	0.0163	0
2632	ok	0.0432	10
5024	ok	0.0228	0
1622	ok	0.0511	100
2746	ok	0.0131	10
5103	ok	0.0531	12
8846	ok	0.0221	64
9673	ok	0.0137	114
4262	ok	1.1541	10
8151	ok	0.1322	10
20065	ok	0.0263	0
8500	ok	0.0359	10
1554	ok	0.0734	20
5038	ok	0.0399	0
800	ok	0.1055	768
7009	ok	1.7705	10
7445	ok	5.8095	10
1263	ok	0.0388	10
29938	ok	0.0192	10
22922	ok	0.1352	100
1910	ok	0.0787	0
9365	ok	1.7865	10
3102	ok	1.2568	10
4966	ok	0.0143	20
27082	ok	0.2981	50
5746	ok	0.0122	35
33954	ok	0.1632	0
7453	ok	0.0258	4576
32139	ok	0.0084	0
21878	ok	4.8451	0
31289	ok	0.0389	50
4413	ok	0.0441	10
2235	ok	0.0097	50
4507	ok	0.0151	10
34854	ok	0.0310	8
2952	ok	0.0255	50
28731	ok	1.2425	14
5711	ok	0.0281	853
440	ok	0.0813	10
1497	ok	0.0584	50
8838	ok	0.0471	54
9713	ok	3.1643	1973384
4225	ok	0.0120	100
20365	ok	0.0493	20
1193	ok	0.2250	156277
8964	ok	0.0306	10
9556	ok	1.3466	10
5320	ok	0.1186	10
5239	ok	4.4798	8
30732	ok	0.0284	850
33006	ok	0.0709	0
604	ok	0.0269	10
3989	ok	0.0300	10
23160	ok	0.1271	100
3455	ok	0.0298	100
7166	ok	1.5792	10
31256	ok	0.0186	125
31347	ok	0.0745	10
32217	ok	0.0360	34
1097	ok	0.0938	10
971	ok	0.0462	20
9952	ok	0.6531	10
33610	ok	0.0317	677
20553	ok	0.0080	2
769	ok	0.0408	10
2713	ok	0.0130	10
4965	ok	0.0311	0
189	ok	0.0353	100
3967	ok	0.0514	5
4466	ok	0.0968	10
8994	ok	0.0402	8249
32707	ok	0.0185	10
68	ok	0.0138	36
3084	ok	0.0186	10
5636	ok	0.7279	519643
761	ok	0.0186	10
872	ok	0.0412	10
4357	ok	0.0315	150
30026	ok	0.0752	20
30254	ok	0.0271	0
33034	ok	0.0423	10
1616	ok	0.0277	0
3236	ok	0.1040	10
1480	ok	0.0634	10
6834	ok	0.0135	10
374	ok	0.0277	0
5401	ok	0.0714	13
25176	ok	2.2716	10
26933	ok	0.4454	76
1538	ok	0.0204	10
4579	ok	0.0176	164
4820	ok	0.1443	50
1969	ok	1.5810	979240
2089	ok	0.0951	853
2879	ok	0.0056	10
31356	ok	0.1744	10
6758	ok	0.0647	50
28938	ok	0.0132	23
32086	ok	0.0675	572
7793	ok	0.4750	0
30354	ok	3.0400	10
5850	ok	13.9961	5
30325	ok	0.0950	10
8472	ok	5.1606	14
6179	ok	0.4270	31692
7017	ok	0.0426	10
510	ok	0.0111	50
1274	ok	0.0693	0
28592	ok	0.6607	80325
6568	ok	0.0144	35
9173	ok	0.0476	1199
310	ok	0.0126	0
1585	ok	0.1287	50
4428	ok	0.0226	2
22577	ok	0.3795	186498
31093	ok	0.0364	10
7566	ok	0.0617	10
4796	ok	0.0187	83
32779	ok	0.0102	10
3942	ok	0.0645	10
6186	ok	0.0599	10
2349	ok	0.0442	10
7073	ok	0.1280	0
7567	ok	0.0790	10
34497	ok	0.0347	10
3147	ok	0.0539	29311
3799	ok	0.0284	10
23065	ok	0.1485	6319
1681	ok	0.0126	100
20546	ok	0.0661	10
29993	ok	5.3050	514090
27008	ok	0.1120	726
31938	ok	0.0971	80325
7752	ok	0.0158	12
26534	ok	4.5931	50
8332	ok	0.0105	10
33652	ok	0.4816	10
2490	ok	0.0086	25
27449	ok	0.0360	10
6034	ok	0.0016	0
1042	ok	0.0388	10
1381	ok	0.0782	10
33027	ok	0.2221	122542
1291	ok	0.0600	10
2219	ok	0.0164	50
28434	ok	4.8475	1232
32773	ok	0.0168	677
1833	ok	0.1286	10
8885	ok	0.0352	10
6690	ok	0.4064	477743
6710	ok	1.8416	1068772
4945	ok	0.0354	4416
523	ok	0.0820	10
9718	ok	0.2598	3615
22357	ok	0.1039	0
3478	ok	0.1009	3072
3540	ok	0.0622	0
877	ok	0.0379	853
25404	ok	0.0389	10
1120	ok	0.0224	100
25670	ok	0.0690	1233
438	ok	0.0243	10
1573	ok	0.0583	10
553	ok	0.0206	10
5939	ok	0.0167	50
6009	ok	0.0496	100
24146	ok	0.0363	4
101	ok	0.1261	100
7360	ok	0.0646	10
2039	ok	0.0420	10
4658	ok	0.2101	117353
826	ok	0.0051	0
31438	ok	0.0317	50
2872	ok	0.0507	20
20895	ok	0.0479	2923
31486	ok	0.0328	12
21260	ok	0.0365	0
25168	ok	0.0316	10
4167	ok	0.0233	12
28356	ok	0.0178	0
4934	ok	4.8965	50
37	ok	0.0609	1
3529	ok	0.0385	50
24773	ok	0.0215	50
30053	ok	0.0307	0
31057	ok	0.0772	10
9801	ok	0.0460	10
2856	ok	0.0209	100
23590	ok	0.0300	100
23784	ok	0.0135	0
23400	ok	0.0237	100
34215	ok	1.3004	1008019
24714	ok	0.0293	3770
2284	ok	0.1158	65122
6235	ok	0.8896	10
7305	ok	0.0300	30
2653	ok	0.0245	10
29519	ok	0.0180	10
5991	ok	0.3619	691
25691	ok	4.7570	12320
6894	ok	0.3601	50
3461	ok	0.1725	160681
21505	ok	0.0262	10
429	ok	2.5483	0
4172	ok	0.2226	87727
25172	ok	0.4645	1
321	ok	0.2676	267193
1992	ok	0.0106	50
7552	ok	0.0435	10
33196	ok	0.1754	232724
1402	ok	0.0202	0
1648	ok	0.0233	10
23219	ok	0.0250	2752
32498	ok	4.5735	50
1153	ok	4.3556	3
1845	ok	0.0224	20
4143	ok	0.0287	10
30384	ok	0.1345	100
31673	ok	0.0108	10
26526	ok	14.8527	205
33887	ok	0.1690	50
542	ok	0.0119	103
3805	ok	0.5171	0
20430	ok	0.0223	50
21403	ok	0.0121	100
32768	ok	4.4922	6073
1292	ok	0.0420	0
3777	ok	0.0457	100
24823	ok	0.0213	10
24758	ok	0.0313	0
2090	ok	0.0193	10
3969	ok	2.3605	10
21314	ok	0.1014	0
9991	ok	0.0839	10
1990	ok	0.0307	777
518	ok	0.0982	48967
3560	ok	0.3270	80325
4326	ok	0.0270	10
8692	ok	0.0223	0
2258	ok	0.0123	1
23542	ok	0.0538	3
6226	ok	0.0629	19
882	ok	0.0236	100
1033	ok	0.0361	5
2276	ok	0.0115	20
30197	ok	0.1537	27340
32198	ok	0.0269	50
2377	ok	0.0577	100
2543	ok	0.0680	0
34276	ok	0.0391	50
7339	ok	0.0585	924
9180	ok	0.1054	2
4843	ok	0.0137	0
21042	ok	0.0171	5
28843	ok	1.9077	20
25027	ok	0.3372	235600
22118	ok	0.0214	10
34447	ok	0.5104	240022
29394	ok	1.6380	80325
332	ok	0.0233	560
22784	ok	0.2087	48031
452	ok	0.0202	10
29322	ok	0.0737	10
284	ok	0.0635	0
26420	ok	5.0099	20
30588	ok	0.0409	45
963	ok	0.0221	10
25012	ok	0.0173	50
34867	ok	0.5658	50
34499	ok	0.0659	10
2364	ok	0.0184	10
2731	ok	0.0375	10
7239	ok	0.0177	3508
33996	ok	0.0268	3956
3975	ok	0.0451	50
84	ok	0.0174	50
1886	ok	0.2132	10
21724	ok	0.0204	0
30252	ok	0.0951	44
30729	ok	0.0227	3749
22144	ok	0.0337	10
21702	ok	0.0194	50
30712	ok	0.0479	10
31748	ok	0.0763	4
1506	ok	0.0290	50
25788	ok	2.0234	10
27529	ok	0.0958	0
2145	ok	0.1584	36650
9634	ok	0.0433	10
1787	ok	0.0094	6
32451	ok	0.1816	80325
32545	ok	0.1601	50
4592	ok	0.1123	1897
720	ok	0.0312	10
4611	ok	0.0777	5
4175	ok	0.0071	0
5789	ok	1.1098	5377
9294	ok	0.8930	10
21407	ok	0.0578	10
30124	ok	0.0409	100
22537	ok	2.9479	10
31635	ok	0.0412	0
34426	ok	0.0398	100
3051	ok	0.0067	20
3338	ok	0.0270	10
7122	ok	0.0127	20
23578	ok	0.0845	0
502	ok	0.0425	7
22254	ok	0.0239	20
26431	ok	4.9963	51409
2985	ok	0.0254	14
3262	ok	0.0571	10
20348	ok	0.0333	805
34082	ok	0.4358	94
27092	ok	5.4936	100
9734	ok	0.1166	50
4212	ok	0.0430	10
34680	ok	0.0402	821
32369	ok	0.0196	0
29665	ok	5.4146	72
176	ok	0.1984	100
22777	ok	0.0193	41
31238	ok	0.0445	0
1693	ok	0.0227	0
21261	ok	0.0761	4
3445	ok	0.0358	14397
328	ok	0.0163	28
24853	ok	0.0376	10
6083	ok	0.0701	0
987	ok	1.5407	1509594
5152	ok	0.0721	10
207	ok	0.0615	10
30971	ok	0.1745	18761
23966	ok	0.0531	10
500	ok	0.0454	10
4705	ok	0.0403	90
5383	ok	0.0130	18
3959	ok	0.5744	10
32156	ok	0.0186	10
21669	ok	0.0262	3
31536	ok	0.0137	12
1382	ok	0.0118	10
2136	ok	0.0692	53597
30253	ok	0.0387	100
33873	ok	0.0135	50
1723	ok	0.0149	422
34673	ok	0.0247	0
1185	ok	0.0217	10
3434	ok	0.0201	0
32459	ok	0.0432	10
20576	ok	0.0473	0
34354	ok	0.0258	3610
1802	ok	0.1011	50418
28589	ok	0.3748	100
34720	ok	0.0036	0
1856	ok	0.0206	100
33603	ok	0.0138	50
8566	ok	0.0976	2105
32898	ok	0.0338	50
5235	ok	0.0109	10
20426	ok	0.1292	5975
841	ok	0.1004	2228
20632	ok	0.3893	287
23109	ok	0.1086	29666
31375	ok	0.0618	5
30645	ok	0.0332	1375
32925	ok	0.0594	100
32729	ok	0.0309	6
26704	ok	0.9888	423
30110	ok	0.0224	157
573	ok	0.0376	10
1205	ok	0.0453	3610
7994	ok	0.2936	0
4808	ok	0.0980	10
3854	ok	0.0269	100
3765	ok	0.0229	0
32215	ok	3.9567	12794
32829	ok	0.0379	423
34199	ok	0.0297	69
9106	ok	0.9487	0
22034	ok	0.9652	10
20306	ok	0.0164	50
33066	ok	0.0465	50
26464	ok	0.2243	20
33086	ok	0.0613	10
34096	ok	0.0131	23
31826	ok	0.0498	17
22940	ok	0.5547	10
27852	ok	0.4904	10
2894	ok	0.0137	1
838	ok	0.0213	4200
25771	ok	0.0437	1233
26803	ok	0.0180	50
2640	ok	0.0240	17
8453	ok	0.0266	35
1472	ok	0.0154	28
7053	ok	0.0621	10
2851	ok	1.0210	10
21486	ok	0.8399	464360
2234	ok	6.6701	0
20948	ok	0.0615	10
32850	ok	0.0666	2624
331	ok	0.0540	10
659	ok	0.0675	7293
4968	ok	0.6148	0
25546	ok	0.1046	0
1597	ok	0.0387	10
1804	ok	0.0835	10
6345	ok	0.1661	100
33546	ok	0.0667	10
31131	ok	0.0622	0
31544	ok	0.0260	100
22826	ok	0.0094	733
30688	ok	0.1146	100
24597	ok	0.0134	232
30959	ok	0.9047	100
32360	ok	0.0424	2
1427	ok	0.0410	10
30171	ok	0.3910	10
9060	ok	4.3074	10
21303	ok	1.5856	0
24053	ok	0.2276	117511
3787	ok	0.6634	418161
23064	ok	0.0297	50
4448	ok	0.4629	1
32642	ok	0.0146	10
1794	ok	0.0290	10
34071	ok	0.0395	10
32727	ok	0.0473	10
5210	ok	0.5221	273
22849	ok	0.0362	10
23016	ok	0.1181	0
23193	ok	0.7028	10
23454	ok	0.0446	0
4835	ok	0.0331	100
22713	ok	0.0303	10
22926	ok	0.0219	0
8986	ok	0.1076	10
3379	ok	0.0239	654
32673	ok	0.0523	50
29472	ok	4.7759	10
21370	ok	0.0444	2105
34132	ok	0.0431	16
28793	ok	0.2258	50
7963	ok	0.5438	13667
23777	ok	0.0117	12
25687	ok	0.3796	50
3676	ok	0.0280	1043
32518	ok	0.0057	0
6128	ok	0.0248	0
23058	ok	0.0125	10
20378	ok	0.0306	0
22775	ok	0.0104	21
31431	ok	0.0990	51409
4163	ok	0.0996	55299
27027	ok	4.8792	70
22740	ok	0.0482	4233
22214	ok	0.0420	10
33962	ok	0.0966	20
30067	ok	0.0271	0
21241	ok	0.0401	100
34916	ok	2.0076	2344545
4615	ok	0.1802	190502
25827	ok	0.5439	51409
21604	ok	0.0231	50
21530	ok	0.0579	10
20323	ok	0.0352	100
21818	ok	0.0307	0
21773	ok	0.0134	273
34292	ok	0.0347	0
20180	ok	7.1233	0
24461	ok	0.0376	0
22416	ok	0.0531	0
24149	ok	0.1216	100
32661	ok	0.0990	5848
33808	ok	0.0138	19
24581	ok	0.0454	694
20438	ok	0.0704	50
764	ok	0.0387	5
31219	ok	0.0094	0
1840	ok	0.1395	46214
20040	ok	1.2251	50
30169	ok	0.0560	100
33813	ok	5.0684	455
22580	ok	0.0151	100
6403	ok	0.0529	4
24183	ok	0.5595	267193
9615	ok	0.1242	10
23631	ok	0.0118	50
22745	ok	0.8903	50
23731	ok	0.0066	276
32745	ok	0.0263	2105
24304	ok	0.0497	0
9667	ok	0.0511	0
21884	ok	0.0151	10
2333	ok	0.0229	1992
23530	ok	0.0237	0
21784	ok	0.0099	100
34091	ok	0.0393	17416
23545	ok	0.0472	10
27851	ok	1.1173	10
32257	ok	4.8839	10
23642	ok	0.0685	100
22456	ok	0.0235	2766
23180	ok	0.0575	10378
23471	ok	0.0839	4
24240	ok	0.0447	10
24313	ok	0.0942	5
21709	ok	0.0323	26421
23707	ok	0.0225	100
3682	ok	0.0128	58
31598	ok	0.8194	80
5328	ok	2.8507	10
31862	ok	0.0251	100
21726	ok	0.0560	10
21986	ok	0.1321	65122
24761	ok	0.0317	10
21066	ok	0.0853	16071
2832	ok	0.0800	10
21432	ok	0.0526	1
3442	ok	0.2912	5919
28557	ok	0.3847	21050
24973	ok	1.3706	20
24237	ok	3.1287	4
24030	ok	0.3037	100
30228	ok	0.0413	0
3938	ok	0.0263	100
20076	ok	0.1085	100
31994	ok	0.0430	13399
29403	ok	1.0050	10
23063	ok	0.0312	100
32890	ok	0.1718	264442
21353	ok	0.0811	55561
24329	ok	0.1513	10
1392	ok	1.5482	267193
20274	ok	0.0094	0
20734	ok	0.0091	15
13487	ok	0.1712	23900
21085	ok	0.0736	100
30444	ok	0.0413	0
34313	ok	0.0531	10
24705	ok	0.0628	10
22887	ok	0.0559	20041
23723	ok	0.0263	430
23152	ok	2.1446	10
20137	ok	0.0252	20
23496	ok	0.0346	5
33929	ok	0.1037	733
24947	ok	0.0321	100
23549	ok	0.0439	2
33680	ok	0.0537	10
24710	ok	0.0419	10
22552	ok	0.1166	23
24628	ok	0.0635	6104
21706	ok	0.0361	17
30678	ok	0.3170	88484
24351	ok	0.1449	18
24593	ok	1.9004	10
21972	ok	0.0153	28
24811	ok	0.2088	101563
21017	ok	0.0591	1
23765	ok	0.0352	100
21213	ok	0.0274	0
24730	ok	0.0934	50
33388	ok	0.0247	10
24968	ok	0.0194	10
21224	ok	0.0309	50
22696	ok	0.0216	10
22452	ok	0.0904	9
23186	ok	0.0295	4600
33065	ok	0.5006	942
30741	ok	0.0437	16
34350	ok	0.0171	4
2886	ok	0.0832	12013
34440	ok	0.0272	0
20864	ok	0.0174	0
22958	ok	0.0438	2105
24181	ok	0.0216	0
24136	ok	0.0553	0
22487	ok	0.3532	16
30969	ok	0.7535	38600
24854	ok	0.1493	100
32097	ok	0.2657	0
34109	ok	0.0270	421
22382	ok	0.0476	100
20870	ok	0.0143	0
20752	ok	0.0166	100
23268	ok	0.0493	6
30663	ok	0.0821	10
22407	ok	0.1402	65109
24382	ok	0.2210	74949
20436	ok	0.1023	5
21765	ok	0.0398	100
21749	ok	0.0611	100
20887	ok	0.0644	0
22271	ok	0.0652	20297
10933	ok	0.0314	100
14380	ok	0.0196	10
13728	ok	0.0814	10
28155	ok	0.0207	10
9635	ok	0.0125	36
5881	ok	0.0946	10
9090	ok	0.0918	10
14273	ok	0.0523	100
14246	ok	0.0871	10
26871	ok	1.3525	250180
9114	ok	0.1167	10
7679	ok	0.0233	10
31378	ok	0.0130	2
7896	ok	0.9233	10
27383	ok	0.0235	10
5211	ok	0.0013	0
3852	ok	0.0790	5206
5395	ok	0.0480	10
3948	ok	0.0201	50
6680	ok	0.0263	10
1557	ok	7.5404	0
27662	ok	0.3311	10
7355	ok	0.0113	13
5243	ok	0.0929	10
26382	ok	0.3369	10
28373	ok	0.0215	10
9455	ok	1.5031	10
6891	ok	0.9820	10
6948	ok	0.1296	20
9977	ok	2.8016	14
637	ok	0.0081	10
98	ok	0.0829	13
1959	ok	0.0913	4480
3497	ok	0.0272	10
9492	ok	0.1075	80330
5866	ok	0.0086	10
7668	ok	0.0051	12
1418	ok	0.0179	777
5795	ok	0.0167	10
27309	ok	0.0373	45
7757	ok	0.0114	12
13290	ok	5.3360	10
5867	ok	1.4479	50
1452	ok	0.0103	10
6434	ok	0.0224	0
33350	ok	0.3585	852
1156	ok	0.0539	6575
7701	ok	0.0095	0
776	ok	0.1456	65122
4548	ok	0.0935	20
5694	ok	1.4966	10
8372	ok	0.0357	12
9018	ok	1.7268	10
1543	ok	0.2238	109953
29701	ok	0.0167	7798
8003	ok	0.0299	10
27726	ok	0.1934	10
2058	ok	0.1297	10
6332	ok	0.0460	10
2112	ok	0.0055	10
25587	ok	0.0206	404
5648	ok	0.0084	12
7362	ok	0.0735	10
8156	ok	0.0102	0
2977	ok	0.3850	267193
21065	ok	0.0130	20
8817	ok	1.5835	10
4713	ok	0.0178	5
9495	ok	1.5554	10
292	ok	0.0340	0
4404	ok	0.0139	853
6007	ok	0.0737	58518
9674	ok	1.1135	10
1798	ok	0.0864	3961
9044	ok	0.0545	721
2515	ok	0.0201	100
3865	ok	0.0690	0
890	ok	0.0523	100
30071	ok	0.0073	0
3888	ok	0.0234	10
4178	ok	0.0351	7
9283	ok	0.0104	10
1732	ok	0.1529	252867
7029	ok	0.0921	10
2444	ok	0.0129	50
9599	ok	0.0132	10
3082	ok	0.0266	100
27946	ok	0.5428	1233
3297	ok	0.0107	12
6467	ok	0.0199	10
8510	ok	0.0170	10
5042	ok	0.0138	0
6443	ok	0.0127	10
6656	ok	0.0477	42138
7280	ok	0.0306	0
1141	ok	0.0535	100
2883	ok	0.0101	0
2943	ok	0.0085	10
263	ok	0.0104	50
1300	ok	0.0096	0
1615	ok	0.0410	50
460	ok	0.0087	10
8820	ok	0.0193	10
161	ok	0.0754	10
160	ok	0.0225	108
4788	ok	0.0330	10
285	ok	1.3718	10
1781	ok	0.0168	10
1168	ok	0.0383	888
3328	ok	0.5459	17416
5097	ok	0.1235	10
1371	ok	0.0115	6
7021	ok	4.2942	10
2602	ok	5.9384	100
7553	ok	0.0571	100
26324	ok	0.1267	10
9842	ok	0.0226	0
6727	ok	1.4783	10
3148	ok	0.0180	10
5726	ok	0.0867	20
2282	ok	0.1008	5496
7235	ok	0.0158	10
39	ok	0.1766	110151
34294	ok	0.0863	100
1905	ok	0.0127	10
3741	ok	4.4441	50
752	ok	0.0098	741
804	ok	0.0265	2752
6942	ok	0.0446	49
6419	ok	0.0091	27
29984	ok	0.2130	10
382	ok	0.0718	10
9650	ok	0.0127	0
2507	ok	0.1590	50
9321	ok	0.6835	0
5715	ok	0.0597	10
23249	ok	0.0212	27
2850	ok	0.0148	10
5506	ok	0.0803	10
5714	ok	0.0431	10
7497	ok	0.0838	10
1955	ok	0.9180	10
2381	ok	0.0106	5
9823	ok	0.1045	10
26699	ok	1.7501	24
4470	ok	0.0061	3
3056	ok	0.0393	21
9276	ok	0.0216	10
1021	ok	0.0929	80330
1463	ok	0.0032	17
28881	ok	4.5441	1232
3247	ok	1.2380	10
831	ok	0.0174	139
952	ok	0.0143	0
4904	ok	0.0952	6
3359	ok	0.0460	88
5928	ok	0.0068	10
1927	ok	0.1079	17095
939	ok	0.0289	100
5754	ok	0.1496	10
4377	ok	0.0070	20
2038	ok	0.1356	0
5308	ok	1.6100	10
2542	ok	0.4394	0
6486	ok	0.0254	10
29645	ok	2.2202	10
7046	ok	0.0161	10
5541	ok	1.5719	52
23985	ok	0.0747	0
1912	ok	0.0275	100
2348	ok	0.0604	289
205	ok	0.0206	10
4643	ok	0.0658	0
22677	ok	0.0102	4
32	ok	0.0730	0
2666	ok	0.0124	38
2521	ok	0.0154	223
6510	ok	0.0917	10
9189	ok	1.2780	10
34864	ok	0.0126	10
28566	ok	0.0414	6529
4442	ok	0.0336	50
54	ok	0.0411	10
1919	ok	0.0263	0
2084	ok	0.0752	0
1651	ok	0.0116	100
20119	ok	0.0254	100
1743	ok	1.6202	1947
149	ok	0.1482	20
2399	ok	0.0502	17095
32294	ok	0.0178	10
33577	ok	0.1774	10
3167	ok	0.0498	0
8231	ok	0.0455	0
4363	ok	0.0311	0
9609	ok	0.0710	853
4850	ok	0.0378	0
24651	ok	0.0244	10
9328	ok	0.1436	10
2793	ok	0.6971	527681
2459	ok	0.0299	10
2525	ok	0.3624	25
30505	ok	0.0329	0
2496	ok	0.1107	10
1470	ok	0.0216	10
4232	ok	0.0137	0
4203	ok	0.2332	0
525	ok	0.1429	5
4858	ok	0.0134	9
5416	ok	0.8146	161
4546	ok	0.0865	5500
7208	ok	0.0622	10
1255	ok	0.0548	2
2698	ok	0.0135	791
32777	ok	0.0194	10
22813	ok	0.0399	5
9774	ok	6.9147	10
1697	ok	0.0632	100
33143	ok	0.0420	853
5911	ok	0.0298	6822
1783	ok	0.0254	1533
1956	ok	0.0351	10
27675	ok	0.3178	23
99	ok	0.0217	10
2010	ok	0.0263	10
26252	ok	5.2150	72190
598	ok	0.0234	50
3164	ok	0.4449	560
178	ok	0.0236	10
2323	ok	0.0806	20
2838	ok	0.1667	10
31275	ok	0.1646	50
2611	ok	0.0161	73
813	ok	0.0257	0
1207	ok	0.0942	11
3401	ok	1.4803	77551
3812	ok	0.0869	16
4608	ok	0.0318	10
30222	ok	0.0370	0
6936	ok	0.0495	3937
2011	ok	0.0213	10
1435	ok	1.3585	10
6535	ok	0.0197	100
496	ok	0.0165	50
9816	ok	0.0254	10
3097	ok	0.9606	1
3353	ok	0.0188	50
3636	ok	0.0906	2105
6195	ok	0.0174	10
4816	ok	0.0312	3
28128	ok	0.0754	10
1290	ok	0.0206	10
20936	ok	0.0158	1
5174	ok	0.0094	10
6825	ok	0.5130	267193
8081	ok	0.0577	10
3367	ok	0.0271	0
2803	ok	1.5908	53
4170	ok	0.0208	0
25392	ok	0.9117	318114
468	ok	0.0823	10
7100	ok	1.1492	10
9719	ok	0.0086	12
3526	ok	0.0149	45
1259	ok	3.0129	1401
498	ok	0.0144	10
4308	ok	0.0548	10
30077	ok	0.0136	39
6725	ok	0.1827	10
1399	ok	0.0988	825
32290	ok	0.0142	0
4354	ok	4.9070	5
5125	ok	3.9622	10
26840	ok	3.0376	3783408
31711	ok	0.0064	0
41	ok	0.0340	50
3809	ok	0.1572	154018
21346	ok	0.0369	44
7637	ok	0.9872	0
8276	ok	1.8633	10
3309	ok	0.0432	10
1428	ok	0.0327	36
3917	ok	0.0168	0
2263	ok	0.9492	58459
2277	ok	0.0162	28
582	ok	0.0490	10
22971	ok	0.0147	632
864	ok	0.0796	0
3659	ok	0.1011	10
2366	ok	0.0660	56
3863	ok	5.3425	50
1474	ok	0.1006	46
2036	ok	0.0167	100
1116	ok	0.5377	100
30463	ok	0.1039	65122
3853	ok	4.6832	0
9282	ok	0.8350	47276
636	ok	0.1446	10
4552	ok	0.0717	10
4918	ok	0.0292	0
2726	ok	0.0146	0
7626	ok	0.0303	10
21199	ok	0.0148	10
26465	ok	0.0872	36
4174	ok	0.7522	0
23580	ok	0.0174	5
4385	ok	0.0529	3
26996	ok	0.2786	10
442	ok	4.6085	8963
3472	ok	1.0746	0
2044	ok	0.0470	491
397	ok	0.0199	50
4222	ok	0.0158	2
20726	ok	0.0093	538
2670	ok	0.0230	10
31537	ok	0.0472	10
31641	ok	0.0222	1924
96	ok	0.0407	100
1439	ok	0.0299	10
7483	ok	0.0795	67040
1965	ok	0.0736	0
3394	ok	0.0123	0
21555	ok	0.0548	0
905	ok	2.1981	10
3737	ok	0.9751	0
4253	ok	0.1706	10
25163	ok	0.6296	10
1575	ok	0.5997	10
3817	ok	0.0076	10
22618	ok	0.0280	5
721	ok	0.1374	50
3111	ok	0.0126	15
9887	ok	0.0457	50
65	ok	0.4131	422
31894	ok	0.0432	10
2204	ok	0.0361	71
27162	ok	4.7891	100
1892	ok	0.0135	10
2043	ok	0.1699	78063
3049	ok	0.0673	0
2270	ok	2.4437	2025
26323	ok	0.0821	2105
3910	ok	1.6273	1044370
835	ok	0.0935	8285
3224	ok	0.0902	41559
3923	ok	0.0097	59
8360	ok	0.1007	0
2102	ok	0.0149	0
3655	ok	0.0166	0
4559	ok	0.0106	1453
34951	ok	0.0616	100
8572	ok	0.0178	0
1507	ok	0.0121	19
1900	ok	0.0145	1
24533	ok	0.0081	0
2358	ok	0.0209	10
4815	ok	0.0187	0
30674	ok	0.0795	10
3980	ok	0.0639	0
2500	ok	0.0656	10
1035	ok	0.0768	100
24020	ok	0.0166	100
3319	ok	0.0316	8385
4757	ok	0.0809	50
4661	ok	0.0584	10
528	ok	0.3488	230107
23128	ok	0.0352	39
2070	ok	0.0775	0
8658	ok	0.0463	10
8730	ok	0.0594	100
868	ok	0.5613	13667
953	ok	0.0255	0
21922	ok	0.0236	0
27843	ok	0.0391	10
1962	ok	1.1932	10
4744	ok	1.9275	10
30260	ok	0.0493	10
2623	ok	0.0168	163
23874	ok	0.0160	10
34915	ok	0.0199	0
32970	ok	0.0178	100
31283	ok	0.0196	10
3222	ok	0.3064	5779
3913	ok	0.2753	267193
3135	ok	0.1007	13
21028	ok	0.0786	100
3562	ok	0.0275	4025
2765	ok	0.0222	50
20838	ok	0.2877	267193
4927	ok	1.0420	1569904
22949	ok	0.0389	0
23994	ok	0.1723	17571
2479	ok	5.1875	100
5444	ok	0.0052	10
9363	ok	0.7903	10
1500	ok	0.0365	0
4635	ok	0.0497	10
4988	ok	0.0200	5
9465	ok	0.0601	10
2540	ok	0.0110	18
4922	ok	0.0174	0
4420	ok	0.0334	0
21608	ok	0.0354	2
3205	ok	0.4445	0
24277	ok	0.0105	0
31144	ok	0.0659	0
34967	ok	1.1901	10
199	ok	1.3697	10
24431	ok	0.0476	0
3592	ok	0.0799	19
271	ok	0.0308	0
854	ok	0.8909	0
32813	ok	0.0174	20
4013	ok	0.0094	10
7698	ok	7.2242	307
22076	ok	0.0085	10
529	ok	0.0214	10
9161	ok	1.3100	5
3880	ok	0.1300	0
34366	ok	0.0094	10
202	ok	0.0265	10
21219	ok	0.0111	50
6134	ok	1.5905	10
1451	ok	0.0316	5335
1734	ok	1.5576	100
32195	ok	0.3077	534386
30664	ok	0.0354	318
187	ok	0.0232	20
21057	ok	0.0282	50
4572	ok	0.0059	4
4775	ok	0.0355	10
24368	ok	0.0920	50
34068	ok	0.0212	5
2668	ok	0.7527	10
21300	ok	2.6191	0
22474	ok	0.0244	5
1372	ok	0.0156	10
471	ok	0.4432	10
22767	ok	0.0168	0
20416	ok	6.7019	100
758	ok	0.1721	100
3998	ok	0.0180	50
1127	ok	0.0153	0
4756	ok	0.0310	20
23840	ok	0.0253	50
23792	ok	0.0147	990
34047	ok	0.2121	101563
623	ok	0.0388	10
24216	ok	0.0247	0
3924	ok	0.0310	50
4003	ok	0.0152	0
1018	ok	0.6914	5101
4861	ok	0.1409	5
4761	ok	0.0503	9
5360	ok	0.1161	100
23175	ok	0.1200	101
3627	ok	0.0651	10
4584	ok	0.0563	3475
20310	ok	0.0273	5
34459	ok	0.2863	214498
20117	ok	0.0183	9
1696	ok	0.0226	10
4109	ok	0.0286	0
2617	ok	0.1803	71509
23898	ok	0.0079	12
30075	ok	0.0704	1429
1409	ok	0.1907	30487
1366	ok	0.0133	50
31949	ok	0.0249	10
2096	ok	0.0687	0
33881	ok	0.1028	50507
2785	ok	0.0128	10
21161	ok	0.0112	0
34613	ok	0.0399	0
224	ok	0.0343	3759
5304	ok	2.8906	83800
21497	ok	0.0353	0
3535	ok	0.0457	10
33265	ok	0.0636	1
26318	ok	0.0909	10
1633	ok	0.0131	50
30115	ok	0.0382	0
20692	ok	0.4624	3235
2642	ok	0.0121	852
24303	ok	0.2681	10
361	ok	0.1420	10
20462	ok	0.0468	100
2687	ok	0.0495	10
3510	ok	0.0895	0
2017	ok	0.0829	20995
33920	ok	0.1618	73531
4668	ok	0.0646	25178
23230	ok	0.0502	100
22899	ok	0.0165	0
22617	ok	0.2211	100
2398	ok	0.0287	563
2430	ok	0.0082	20
22619	ok	0.0339	0
33109	ok	0.3897	20995
21503	ok	0.0747	51410
21056	ok	0.0153	0
168	ok	0.0163	100
4587	ok	0.0192	6
23713	ok	0.1039	60342
20116	ok	0.0301	0
21769	ok	0.0250	0
2867	ok	0.0183	10
22894	ok	0.0102	11
24204	ok	0.0323	0
23272	ok	0.0697	8530
21729	ok	0.0175	5
1213	ok	0.0230	5
8009	ok	0.1171	0
32966	ok	0.0126	0
21054	ok	0.0175	5
911	ok	0.1114	10
544	ok	0.0426	2313
31175	ok	0.0154	10
9502	ok	0.0838	10
