14889	c00	ok	0.000
12558	c00	ok	0.000
12616	c00	ok	0.000
11017	c00	ok	0.000
14597	c00	ok	0.001
10576	c00	ok	0.001
14374	c00	ok	0.000
10235	c00	ok	0.002
13637	c00	ok	0.001
19206	c00	ok	0.005
18517	c00	ok	0.003
15070	c00	ok	0.003
15657	c00	ok	0.009
15374	c00	ok	0.010
18086	c00	ok	0.003
15065	c00	ok	0.005
17367	c00	ok	0.005
18504	c00	ok	0.001
18772	c00	ok	0.003
19346	c00	ok	0.005
19546	c00	ok	0.003
16090	c00	ok	0.005
15061	c00	ok	0.003
15210	c00	ok	0.003
15290	c00	ok	0.003
18331	c00	ok	0.003
18664	c00	ok	0.003
19778	c00	ok	0.004
12863	c00	ok	0.001
15932	c00	ok	0.003
15007	c00	ok	0.005
15096	c00	ok	0.005
19760	c00	ok	0.005
18468	c00	ok	0.005
15042	c00	ok	0.005
15341	c00	ok	0.003
15437	c00	ok	0.003
16701	c00	ok	0.003
15003	c00	ok	0.005
15316	c00	ok	0.005
17868	c00	ok	0.009
15231	c00	ok	0.005
15937	c00	ok	0.005
16416	c00	ok	0.005
17472	c00	ok	0.005
17774	c00	ok	0.005
18362	c00	ok	0.005
16434	c00	ok	0.005
15066	c00	ok	0.003
15239	c00	ok	0.003
15538	c00	ok	0.003
18885	c00	ok	0.003
15638	c00	ok	0.003
16607	c00	ok	0.003
18918	c00	ok	0.003
15246	c00	ok	0.003
16572	c00	ok	0.003
18477	c00	ok	0.003
19196	c00	ok	0.003
19563	c00	ok	0.003
15144	c00	ok	0.008
15254	c00	ok	0.008
17105	c00	ok	0.003
15050	c00	ok	0.008
19475	c00	ok	0.008
15026	c00	ok	0.008
15018	c00	ok	0.005
15439	c00	ok	0.008
10767	c00	ok	0.002
16591	c00	ok	0.005
15106	c00	ok	0.009
15406	c00	ok	0.009
16776	c00	ok	0.001
10117	c00	ok	0.002
15101	c00	ok	0.009
15791	c00	ok	0.008
15130	c00	ok	0.006
15015	c00	ok	0.009
15920	c00	ok	0.004
17071	c00	ok	0.009
16712	c00	ok	0.008
15021	c00	ok	0.008
18376	c00	ok	0.008
19470	c00	ok	0.009
15516	c00	ok	0.001
15517	c00	ok	0.009
15787	c00	ok	0.009
16999	c00	ok	0.009
18524	c00	ok	0.011
13108	c00	ok	0.002
17061	c00	ok	0.038
16044	c00	ok	0.000
15315	c00	ok	0.002
11414	c00	ok	0.003
15022	c00	ok	0.005
10507	c00	ok	0.003
10647	c00	ok	0.002
10065	c00	ok	0.002
10284	c00	ok	0.005
19125	c00	ok	0.007
18390	c01	ok	0.010
15004	c01	ok	0.009
13436	c01	ok	0.009
18848	c01	ok	0.004
16098	c01	ok	0.006
18109	c01	ok	0.006
10162	c01	ok	0.003
15405	c01	ok	0.005
16839	c01	ok	0.008
18536	c01	ok	0.008
15242	c01	ok	0.008
13131	c01	ok	0.004
16233	c01	ok	0.005
15039	c01	ok	0.001
17151	c01	ok	0.009
15585	c01	ok	0.008
12979	c01	ok	0.003
15060	c01	ok	0.008
16649	c01	ok	0.001
15263	c01	ok	0.008
10018	c01	ok	0.003
10176	c01	ok	0.003
10085	c01	ok	0.003
17090	c01	ok	0.005
10688	c01	ok	0.004
18847	c01	ok	0.005
10028	c01	ok	0.003
10165	c01	ok	0.003
15445	c01	ok	0.008
11886	c01	ok	0.003
12007	c01	ok	0.003
18325	c01	ok	0.004
19756	c01	ok	0.008
11492	c01	ok	0.010
12981	c01	ok	0.010
16812	c01	ok	0.019
19877	c01	ok	0.009
10186	c01	ok	0.010
10296	c01	ok	0.002
17002	c01	ok	0.009
17351	c01	ok	0.010
18422	c01	ok	0.011
10054	c01	ok	0.010
10820	c01	ok	0.010
12559	c01	ok	0.010
17466	c01	ok	0.010
15651	c01	ok	0.009
12022	c01	ok	0.010
10620	c01	ok	0.010
12376	c01	ok	0.010
16030	c01	ok	0.009
11592	c01	ok	0.010
19503	c01	ok	0.009
16251	c01	ok	0.009
17354	c01	ok	0.009
18681	c01	ok	0.006
15139	c01	ok	0.009
16767	c01	ok	0.009
18644	c01	ok	0.004
12741	c01	ok	0.010
12931	c01	ok	0.003
15620	c01	ok	0.010
17969	c01	ok	0.006
19521	c01	ok	0.006
19785	c01	ok	0.013
16324	c01	ok	0.003
12905	c01	ok	0.002
18933	c01	ok	0.009
18862	c01	ok	0.000
16823	c01	ok	0.005
16000	c01	ok	0.000
18983	c01	ok	0.009
19323	c01	ok	0.010
11453	c01	ok	0.002
12137	c01	ok	0.002
15916	c01	ok	0.003
16253	c01	ok	0.000
10182	c01	ok	0.005
15013	c01	ok	0.009
17261	c01	ok	0.012
11783	c01	ok	0.010
13246	c01	ok	0.010
15536	c01	ok	0.000
11234	c01	ok	0.010
17640	c01	ok	0.009
11755	c01	ok	0.010
12539	c01	ok	0.010
18300	c01	ok	0.006
10461	c01	ok	0.004
18311	c01	ok	0.000
18330	c01	ok	0.009
11731	c01	ok	0.010
13416	c01	ok	0.010
13875	c02	ok	0.187
16102	c02	ok	0.009
10825	c02	ok	0.004
13711	c02	ok	0.010
14411	c02	ok	0.004
16359	c02	ok	0.000
14878	c02	ok	0.010
10488	c02	ok	0.010
15586	c02	ok	0.008
11329	c02	ok	0.004
12394	c02	ok	0.010
18202	c02	ok	0.004
10397	c02	ok	0.010
11634	c02	ok	0.001
14665	c02	ok	0.010
15343	c02	ok	0.000
12884	c02	ok	0.002
15089	c02	ok	0.008
12446	c02	ok	0.020
12908	c02	ok	0.004
17195	c02	ok	0.000
10534	c02	ok	0.010
18479	c02	ok	0.004
19882	c02	ok	0.012
15108	c02	ok	0.008
19599	c02	ok	0.001
11607	c02	ok	0.005
11799	c02	ok	0.005
15400	c02	ok	0.008
16421	c02	ok	0.008
16503	c02	ok	0.011
17192	c02	ok	0.005
17800	c02	ok	0.009
19443	c02	ok	0.160
15103	c02	ok	0.016
10322	c02	ok	0.003
15837	c02	ok	0.003
18346	c02	ok	0.002
16085	c02	ok	0.012
11685	c02	ok	0.128
13701	c02	ok	0.010
14333	c02	ok	0.004
16748	c02	ok	0.036
13012	c02	ok	0.010
12193	c02	ok	0.017
18385	c02	ok	0.012
19329	c02	ok	0.000
12753	c02	ok	0.133
10596	c02	ok	0.010
14203	c02	ok	0.001
11289	c02	ok	0.012
10588	c02	ok	0.004
11250	c02	ok	0.004
11457	c02	ok	0.001
14197	c02	ok	0.004
14514	c02	ok	0.006
15222	c02	ok	0.011
18948	c02	ok	0.011
19883	c02	ok	0.026
11473	c02	ok	0.006
14342	c02	ok	0.006
11672	c02	ok	0.016
16317	c02	ok	0.014
13713	c02	ok	0.007
10582	c02	ok	0.001
13628	c02	ok	0.005
17104	c02	ok	0.011
14091	c02	ok	0.001
19045	c02	ok	0.035
13323	c02	ok	0.017
18297	c02	ok	0.019
14740	c02	ok	0.058
15640	c02	ok	0.011
10695	c02	ok	0.047
17116	c02	ok	0.036
16100	c02	ok	0.038
18659	c02	ok	0.018
12457	c02	ok	1.374
11216	c02	ok	0.004
14482	c02	ok	0.009
10922	c02	ok	0.003
17357	c02	ok	0.004
18898	c02	ok	0.001
18210	c02	ok	0.010
11239	c02	ok	0.016
17893	c02	ok	0.000
11911	c02	ok	0.010
10119	c02	ok	0.003
14915	c02	ok	0.004
12062	c02	ok	0.001
18750	c02	ok	0.010
12140	c02	ok	0.010
15356	c02	ok	0.008
12771	c02	ok	0.010
11039	c02	ok	0.010
14843	c02	ok	0.001
12318	c03	ok	0.011
12039	c03	ok	0.008
11662	c03	ok	0.001
10473	c03	ok	0.010
13618	c03	ok	0.008
12974	c03	ok	0.010
12837	c03	ok	0.000
15541	c03	ok	0.006
11932	c03	ok	0.000
11994	c03	ok	0.010
14332	c03	ok	0.002
11885	c03	ok	0.010
13502	c03	ok	0.004
14048	c03	ok	0.000
10268	c03	ok	0.001
10075	c03	ok	0.001
13058	c03	ok	0.004
14855	c03	ok	0.010
13092	c03	ok	0.011
16267	c03	ok	0.011
13935	c03	ok	0.000
12785	c03	ok	0.001
13342	c03	ok	0.006
12934	c03	ok	0.000
13903	c03	ok	0.006
11619	c03	ok	0.002
18277	c03	ok	0.010
12170	c03	ok	0.010
12493	c03	ok	0.002
14948	c03	ok	0.006
14720	c03	ok	0.009
12179	c03	ok	0.004
10696	c03	ok	0.001
13737	c03	ok	0.122
10232	c03	ok	0.003
14817	c03	ok	0.010
14954	c03	ok	0.003
14220	c03	ok	0.024
16078	c03	ok	0.034
17876	c03	ok	0.023
16034	c03	ok	0.016
19184	c03	ok	0.007
18004	c03	ok	0.051
16957	c03	ok	0.047
12553	c03	ok	0.012
15310	c03	ok	0.029
13453	c03	ok	0.000
16665	c03	ok	0.074
11884	c03	ok	0.058
14852	c03	ok	0.062
10459	c03	ok	0.062
18645	c03	ok	0.024
16616	c03	ok	0.025
10801	c03	ok	0.008
18612	c03	ok	0.068
10571	c03	ok	0.056
10133	c03	ok	0.008
15616	c03	ok	0.031
10131	c03	ok	0.008
11283	c03	ok	0.027
17350	c03	ok	0.010
12530	c03	ok	0.056
19392	c03	ok	0.039
12426	c03	ok	0.061
10035	c03	ok	0.005
12272	c03	ok	0.050
13997	c03	ok	0.063
15673	c03	ok	0.010
17405	c03	ok	0.063
17316	c03	ok	0.014
16304	c03	ok	0.063
17846	c03	ok	0.019
19602	c03	ok	0.004
10984	c03	ok	0.045
16455	c03	ok	0.089
13818	c03	ok	0.066
16014	c03	ok	0.035
12409	c03	ok	0.065
13438	c03	ok	0.047
15008	c03	ok	0.014
15073	c03	ok	0.007
17809	c03	ok	0.013
11529	c03	ok	0.074
14865	c03	ok	0.010
17140	c03	ok	0.055
13761	c03	ok	0.074
14763	c03	ok	0.011
13446	c03	ok	0.010
12891	c03	ok	0.077
15014	c03	ok	0.005
15551	c03	ok	0.005
15027	c03	ok	0.005
17445	c03	ok	0.020
13091	c03	ok	0.049
11541	c03	ok	0.010
10921	c04	ok	0.007
13553	c04	ok	0.039
10818	c04	ok	0.019
11773	c04	ok	0.064
16628	c04	ok	0.051
12067	c04	ok	0.038
16510	c04	ok	0.005
15743	c04	ok	0.004
12987	c04	ok	0.063
16071	c04	ok	0.033
15284	c04	ok	0.003
18045	c04	ok	0.011
13735	c04	ok	0.063
12825	c04	ok	0.008
12397	c04	ok	0.003
12036	c04	ok	0.001
11999	c04	ok	0.006
13374	c04	ok	0.003
13860	c04	ok	0.003
13706	c04	ok	0.020
15107	c04	ok	0.006
16864	c04	ok	0.015
19482	c04	ok	0.063
10622	c04	ok	0.003
13574	c04	ok	0.032
11478	c04	ok	0.033
10286	c04	ok	0.152
10460	c04	ok	0.000
13029	c04	ok	0.027
13710	c04	ok	0.026
13719	c04	ok	0.032
13287	c04	ok	0.033
10975	c04	ok	0.323
14535	c04	ok	0.033
14985	c04	ok	0.032
13692	c04	ok	0.012
11199	c04	ok	0.008
12517	c04	ok	0.131
9585	c04	ok	0.145
12949	c04	ok	0.011
12087	c04	ok	0.053
13846	c04	ok	0.012
12563	c04	ok	0.012
7587	c04	ok	0.003
4719	c04	ok	0.001
11057	c04	ok	0.009
13330	c04	ok	0.008
14071	c04	ok	0.009
14362	c04	ok	0.004
12676	c04	ok	0.007
14505	c04	ok	0.011
11825	c04	ok	0.003
14639	c04	ok	0.007
9163	c04	ok	0.001
8912	c04	ok	0.000
7095	c04	ok	0.001
11570	c04	ok	0.004
12297	c04	ok	0.037
11287	c04	ok	0.067
13085	c04	ok	0.195
14980	c04	ok	0.386
10980	c04	ok	0.040
14668	c04	ok	0.038
13827	c04	ok	0.045
7171	c04	ok	0.003
12878	c04	ok	0.041
14426	c04	ok	0.039
13144	c04	ok	0.029
12645	c04	ok	0.086
14723	c04	ok	0.031
14780	c04	ok	0.078
9093	c04	ok	0.004
14349	c04	ok	0.005
11499	c04	ok	0.171
14554	c04	ok	0.151
11469	c04	ok	0.008
14162	c04	ok	0.009
14525	c04	ok	0.013
12158	c04	ok	0.037
6625	c04	ok	0.012
12048	c04	ok	0.204
10746	c04	ok	0.012
6392	c04	ok	0.039
26873	c04	ok	0.135
7237	c04	ok	0.030
7759	c04	ok	0.042
8808	c04	ok	0.039
10545	c04	ok	0.001
11121	c04	ok	0.149
5871	c04	ok	0.043
11639	c04	ok	0.002
14758	c04	ok	0.007
12293	c04	ok	0.036
13547	c04	ok	0.053
13403	c05	ok	0.069
12213	c05	ok	0.023
5989	c05	ok	0.033
8229	c05	ok	0.001
12691	c05	ok	0.031
8952	c05	ok	0.010
6959	c05	ok	0.033
6627	c05	ok	0.080
12408	c05	ok	0.051
14924	c05	ok	0.015
14655	c05	ok	0.030
11084	c05	ok	0.016
29270	c05	ok	0.073
12277	c05	ok	0.031
12224	c05	ok	0.062
13726	c05	ok	0.056
8376	c05	ok	0.032
5758	c05	ok	0.033
9571	c05	ok	0.002
9291	c05	ok	0.033
8853	c05	ok	0.036
5781	c05	ok	0.004
4027	c05	ok	0.032
13677	c05	ok	0.137
5469	c05	ok	0.058
7311	c05	ok	0.005
11500	c05	ok	0.090
14451	c05	ok	0.005
5822	c05	ok	0.049
12779	c05	ok	0.165
5333	c05	ok	0.035
10871	c05	ok	0.064
7706	c05	ok	0.034
8203	c05	ok	0.036
8789	c05	ok	0.033
8669	c05	ok	0.032
26862	c05	ok	0.021
9705	c05	ok	0.006
5006	c05	ok	0.003
5891	c05	ok	0.015
7358	c05	ok	0.004
7647	c05	ok	0.036
5261	c05	ok	0.002
11085	c05	ok	0.031
6765	c05	ok	0.006
6109	c05	ok	0.027
9466	c05	ok	0.129
8676	c05	ok	0.006
7934	c05	ok	0.034
5356	c05	ok	0.019
6127	c05	ok	0.015
7740	c05	ok	0.009
9441	c05	ok	0.016
6621	c05	ok	0.005
8584	c05	ok	0.007
10452	c05	ok	0.001
6969	c05	ok	0.007
27132	c05	ok	0.012
6659	c05	ok	0.007
28192	c05	ok	0.011
8660	c05	ok	0.003
25895	c05	ok	0.012
25518	c05	ok	0.004
8110	c05	ok	0.005
25021	c05	ok	0.149
29079	c05	ok	0.029
2520	c05	ok	0.008
25446	c05	ok	0.070
28706	c05	ok	0.162
7784	c05	ok	0.001
19637	c05	ok	0.161
15835	c05	ok	0.167
16507	c05	ok	0.165
19034	c05	ok	0.180
15017	c05	ok	0.170
19692	c05	ok	0.168
15136	c05	ok	0.167
15838	c05	ok	0.168
16290	c05	ok	0.169
19002	c05	ok	0.168
19176	c05	ok	0.168
19100	c05	ok	0.169
12701	c05	ok	0.186
27229	c05	ok	0.005
8309	c05	ok	0.026
27348	c05	ok	0.022
14558	c05	ok	0.013
14389	c05	ok	0.013
14345	c05	ok	0.052
12800	c05	ok	0.048
11847	c05	ok	0.017
13279	c05	ok	0.009
10804	c05	ok	0.087
10127	c05	ok	0.007
13510	c05	ok	0.009
10106	c06	ok	0.095
10184	c06	ok	0.005
11562	c06	ok	0.034
9023	c06	ok	0.031
28776	c06	ok	0.100
14347	c06	ok	0.577
9016	c06	ok	0.035
14268	c06	ok	0.005
10492	c06	ok	0.061
10475	c06	ok	0.094
9507	c06	ok	0.035
12940	c06	ok	0.732
11501	c06	ok	0.037
10593	c06	ok	0.151
28976	c06	ok	0.001
28106	c06	ok	0.078
28390	c06	ok	0.020
9211	c06	ok	0.053
5936	c06	ok	0.040
8689	c06	ok	0.038
9511	c06	ok	0.165
14117	c06	ok	0.039
9422	c06	ok	0.033
5949	c06	ok	0.022
6809	c06	ok	0.006
13482	c06	ok	0.034
13839	c06	ok	0.010
14822	c06	ok	0.015
9109	c06	ok	0.015
13999	c06	ok	0.001
7151	c06	ok	0.035
12895	c06	ok	0.001
10004	c06	ok	0.031
8100	c06	ok	0.063
6620	c06	ok	0.005
8214	c06	ok	0.015
6423	c06	ok	0.012
7485	c06	ok	0.118
9716	c06	ok	0.034
9437	c06	ok	0.006
6187	c06	ok	0.006
9787	c06	ok	0.009
26351	c06	ok	0.117
5906	c06	ok	0.034
7454	c06	ok	0.055
29603	c06	ok	0.456
8028	c06	ok	0.074
12267	c06	ok	0.024
10565	c06	ok	0.036
14428	c06	ok	0.193
7306	c06	ok	0.020
2703	c06	ok	0.054
8770	c06	ok	0.001
9737	c06	ok	0.055
6907	c06	ok	0.054
12294	c06	ok	0.047
12254	c06	ok	0.265
8358	c06	ok	0.008
28369	c06	ok	0.009
6033	c06	ok	0.024
6432	c06	ok	0.001
1971	c06	ok	0.071
5983	c06	ok	0.022
7937	c06	ok	0.001
25507	c06	ok	0.029
8179	c06	ok	0.005
28962	c06	ok	0.047
5680	c06	ok	0.037
6339	c06	ok	0.005
28150	c06	ok	0.032
26246	c06	ok	0.004
22599	c06	ok	0.035
9772	c06	ok	0.012
9370	c06	ok	0.131
6545	c06	ok	0.031
12642	c06	ok	0.525
8795	c06	ok	0.141
6706	c06	ok	0.082
25989	c06	ok	0.066
7664	c06	ok	0.023
28019	c06	ok	0.388
6588	c06	ok	0.006
14622	c06	ok	0.013
29798	c06	ok	0.044
29454	c06	ok	0.215
26640	c06	ok	0.145
7117	c06	ok	0.053
14485	c06	ok	0.149
28124	c07	ok	0.167
30013	c07	ok	0.072
8671	c07	ok	0.042
8948	c07	ok	0.006
5792	c07	ok	0.001
28619	c07	ok	0.028
5561	c07	ok	0.089
25990	c07	ok	0.048
28916	c07	ok	0.050
27857	c07	ok	0.007
11076	c07	ok	0.041
12772	c07	ok	0.012
12147	c07	ok	0.008
11094	c07	ok	0.014
12449	c07	ok	0.009
14910	c07	ok	0.014
11674	c07	ok	0.094
13545	c07	ok	0.014
14967	c07	ok	0.014
14508	c07	ok	0.015
13580	c07	ok	0.015
13842	c07	ok	0.015
14696	c07	ok	0.015
10650	c07	ok	0.010
11549	c07	ok	0.014
11752	c07	ok	0.015
10044	c07	ok	0.021
13715	c07	ok	0.011
12944	c07	ok	0.015
12065	c07	ok	0.015
11859	c07	ok	0.050
13318	c07	ok	0.018
10677	c07	ok	0.014
13084	c07	ok	0.016
12708	c07	ok	0.016
14710	c07	ok	0.016
14314	c07	ok	0.024
10383	c07	ok	0.015
14115	c07	ok	0.015
13429	c07	ok	0.016
7771	c07	ok	0.017
11838	c07	ok	0.015
12319	c07	ok	0.073
10474	c07	ok	0.016
13364	c07	ok	0.016
14255	c07	ok	0.017
10241	c07	ok	0.014
12204	c07	ok	0.016
10163	c07	ok	0.016
10831	c07	ok	0.016
12400	c07	ok	0.014
13806	c07	ok	0.016
14111	c07	ok	0.043
10152	c07	ok	0.016
12093	c07	ok	0.016
14626	c07	ok	0.360
2354	c07	ok	0.007
2355	c07	ok	0.010
8000	c07	ok	0.032
1375	c07	ok	0.004
33753	c07	ok	0.125
3804	c07	ok	0.034
10210	c07	ok	0.010
10790	c07	ok	0.005
11087	c07	ok	0.003
11753	c07	ok	0.077
15151	c07	ok	0.028
15304	c07	ok	0.029
15370	c07	ok	0.028
15669	c07	ok	0.007
15678	c07	ok	0.049
16079	c07	ok	0.016
19189	c07	ok	0.022
19422	c07	ok	0.021
10253	c07	ok	0.041
11659	c07	ok	0.105
11881	c07	ok	0.018
12051	c07	ok	0.071
13367	c07	ok	0.077
13971	c07	ok	0.004
14632	c07	ok	0.076
14804	c07	ok	0.068
15793	c07	ok	0.004
16549	c07	ok	0.071
16584	c07	ok	0.056
18677	c07	ok	0.034
10656	c07	ok	0.004
11261	c07	ok	0.009
11317	c07	ok	0.011
11321	c07	ok	0.020
12476	c07	ok	0.025
13002	c07	ok	0.004
14012	c07	ok	0.108
15529	c07	ok	0.029
15531	c07	ok	0.019
15577	c07	ok	0.027
15898	c07	ok	0.021
18978	c07	ok	0.074
11129	c08	ok	0.010
12428	c08	ok	0.041
12576	c08	ok	0.077
14591	c08	ok	0.006
15332	c08	ok	0.032
15811	c08	ok	0.007
16259	c08	ok	0.087
16759	c08	ok	0.030
17150	c08	ok	0.003
17276	c08	ok	0.088
17517	c08	ok	0.021
18573	c08	ok	0.044
10029	c08	ok	0.010
12050	c08	ok	0.132
13598	c08	ok	0.082
15001	c08	ok	0.030
15095	c08	ok	0.029
15182	c08	ok	0.031
15399	c08	ok	0.028
15443	c08	ok	0.030
16407	c08	ok	0.088
17919	c08	ok	0.090
18184	c08	ok	0.004
5531	c08	ok	0.015
5603	c08	ok	0.005
7289	c08	ok	0.051
10616	c08	ok	0.077
11125	c08	ok	0.230
11554	c08	ok	0.068
11576	c08	ok	0.002
11653	c08	ok	0.097
12038	c08	ok	0.009
13456	c08	ok	0.001
19122	c08	ok	0.004
12497	c08	ok	0.011
14154	c08	ok	0.080
15097	c08	ok	0.039
15237	c08	ok	0.023
15253	c08	ok	0.030
15729	c08	ok	0.038
15877	c08	ok	0.030
16578	c08	ok	0.031
16955	c08	ok	0.027
17505	c08	ok	0.062
17589	c08	ok	0.007
18283	c08	ok	0.020
11650	c08	ok	0.005
13418	c08	ok	0.090
14731	c08	ok	0.081
15127	c08	ok	0.020
15547	c08	ok	0.030
15596	c08	ok	0.031
16479	c08	ok	0.030
16691	c08	ok	0.003
17365	c08	ok	0.030
18316	c08	ok	0.004
18714	c08	ok	0.120
19081	c08	ok	0.027
11542	c08	ok	0.063
15154	c08	ok	0.023
15161	c08	ok	0.030
15670	c08	ok	0.030
15939	c08	ok	0.027
16084	c08	ok	0.027
16686	c08	ok	0.027
17741	c08	ok	0.004
18254	c08	ok	0.007
18266	c08	ok	0.007
19286	c08	ok	0.089
19752	c08	ok	0.007
10002	c08	ok	3.727
10011	c08	ok	0.196
10033	c08	ok	0.217
10036	c08	ok	0.084
10046	c08	ok	1.182
10066	c08	ok	0.022
10079	c08	ok	5.068
10082	c08	ok	0.004
10089	c08	ok	0.031
10206	c08	ok	0.143
2020	c08	ok	0.029
20479	c08	ok	0.066
21293	c08	ok	0.047
22123	c08	ok	0.004
22247	c08	ok	0.057
22681	c08	ok	0.079
25191	c08	ok	0.063
15145	c08	ok	0.002
15241	c08	ok	0.004
15367	c08	ok	0.004
15533	c08	ok	0.002
15540	c08	ok	0.004
15581	c08	ok	0.002
16663	c08	ok	0.002
16881	c08	ok	0.002
17058	c08	ok	0.002
18106	c08	ok	0.004
18884	c08	ok	0.004
19115	c08	ok	0.002
19336	c08	ok	0.004
15011	c09	ok	0.005
15024	c09	ok	0.005
15069	c09	ok	0.005
15175	c09	ok	0.005
15347	c09	ok	0.005
15504	c09	ok	0.005
15535	c09	ok	0.005
15649	c09	ok	0.005
15696	c09	ok	0.005
15704	c09	ok	0.005
15724	c09	ok	0.005
15816	c09	ok	0.005
16070	c09	ok	0.005
16131	c09	ok	0.005
16214	c09	ok	0.005
16395	c09	ok	0.005
16642	c09	ok	0.005
17174	c09	ok	0.005
17203	c09	ok	0.005
17223	c09	ok	0.005
17815	c09	ok	0.005
18218	c09	ok	0.005
18235	c09	ok	0.005
18730	c09	ok	0.005
18737	c09	ok	0.005
19371	c09	ok	0.005
19836	c09	ok	0.005
15035	c09	ok	0.005
15046	c09	ok	0.005
15074	c09	ok	0.005
15102	c09	ok	0.005
15141	c09	ok	0.005
15193	c09	ok	0.005
15215	c09	ok	0.005
15238	c09	ok	0.005
15285	c09	ok	0.003
15288	c09	ok	0.005
15311	c09	ok	0.005
15340	c09	ok	0.005
15349	c09	ok	0.005
15389	c09	ok	0.005
15418	c09	ok	0.005
15527	c09	ok	0.003
15556	c09	ok	0.005
15617	c09	ok	0.005
15627	c09	ok	0.005
15646	c09	ok	0.003
15675	c09	ok	0.005
15711	c09	ok	0.005
15775	c09	ok	0.005
15872	c09	ok	0.003
15878	c09	ok	0.003
15879	c09	ok	0.003
15881	c09	ok	0.003
15928	c09	ok	0.005
15964	c09	ok	0.003
15965	c09	ok	0.005
16158	c09	ok	0.003
16213	c09	ok	0.005
16232	c09	ok	0.005
16275	c09	ok	0.003
16316	c09	ok	0.005
16321	c09	ok	0.003
16347	c09	ok	0.005
16461	c09	ok	0.005
16488	c09	ok	0.005
16557	c09	ok	0.005
16648	c09	ok	0.005
16661	c09	ok	0.003
16745	c09	ok	0.005
16808	c09	ok	0.005
16817	c09	ok	0.003
16866	c09	ok	0.003
16895	c09	ok	0.003
16962	c09	ok	0.003
17249	c09	ok	0.005
17356	c09	ok	0.005
17577	c09	ok	0.005
17677	c09	ok	0.005
17796	c09	ok	0.005
17803	c09	ok	0.005
17816	c09	ok	0.003
17835	c09	ok	0.003
17887	c09	ok	0.005
18001	c09	ok	0.005
18048	c09	ok	0.005
18319	c09	ok	0.005
18363	c09	ok	0.005
18494	c09	ok	0.005
18531	c09	ok	0.005
18754	c09	ok	0.003
18825	c09	ok	0.005
19109	c09	ok	0.005
19357	c09	ok	0.005
19591	c09	ok	0.005
19615	c09	ok	0.005
19712	c09	ok	0.003
19715	c09	ok	0.005
19845	c09	ok	0.003
19942	c09	ok	0.005
15033	c10	ok	0.003
15049	c10	ok	0.003
15054	c10	ok	0.003
15055	c10	ok	0.003
15075	c10	ok	0.003
15088	c10	ok	0.003
15124	c10	ok	0.003
15157	c10	ok	0.003
15184	c10	ok	0.003
15190	c10	ok	0.003
15197	c10	ok	0.003
15223	c10	ok	0.003
15245	c10	ok	0.003
15264	c10	ok	0.004
15265	c10	ok	0.003
15279	c10	ok	0.003
15283	c10	ok	0.003
15329	c10	ok	0.003
15358	c10	ok	0.003
15359	c10	ok	0.003
15376	c10	ok	0.003
15378	c10	ok	0.003
15383	c10	ok	0.003
15393	c10	ok	0.003
15489	c10	ok	0.003
15490	c10	ok	0.003
15513	c10	ok	0.003
15580	c10	ok	0.003
15583	c10	ok	0.003
15621	c10	ok	0.003
15632	c10	ok	0.003
15635	c10	ok	0.003
15636	c10	ok	0.003
15741	c10	ok	0.003
15762	c10	ok	0.003
15763	c10	ok	0.003
15821	c10	ok	0.003
15824	c10	ok	0.003
15828	c10	ok	0.003
15839	c10	ok	0.003
15841	c10	ok	0.003
15902	c10	ok	0.003
15922	c10	ok	0.003
15959	c10	ok	0.003
15978	c10	ok	0.003
16111	c10	ok	0.003
16150	c10	ok	0.003
16170	c10	ok	0.003
16254	c10	ok	0.003
16266	c10	ok	0.003
16351	c10	ok	0.003
16360	c10	ok	0.003
16388	c10	ok	0.003
16495	c10	ok	0.003
16509	c10	ok	0.003
16547	c10	ok	0.003
16605	c10	ok	0.003
16702	c10	ok	0.003
16713	c10	ok	0.003
16749	c10	ok	0.003
16915	c10	ok	0.003
16947	c10	ok	0.003
16949	c10	ok	0.003
17031	c10	ok	0.003
17073	c10	ok	0.003
17227	c10	ok	0.003
17320	c10	ok	0.003
17328	c10	ok	0.003
17420	c10	ok	0.003
17532	c10	ok	0.003
17553	c10	ok	0.003
17682	c10	ok	0.003
17730	c10	ok	0.003
17783	c10	ok	0.002
17892	c10	ok	0.002
18095	c10	ok	0.003
18110	c10	ok	0.003
18119	c10	ok	0.003
18145	c10	ok	0.003
18227	c10	ok	0.003
18272	c10	ok	0.003
18279	c10	ok	0.003
18317	c10	ok	0.003
18392	c10	ok	0.003
18507	c10	ok	0.003
18574	c10	ok	0.003
18583	c10	ok	0.003
18628	c10	ok	0.003
18678	c10	ok	0.003
18695	c10	ok	0.002
18698	c10	ok	0.003
18951	c10	ok	0.003
19037	c10	ok	0.003
19084	c10	ok	0.003
19226	c10	ok	0.003
19504	c10	ok	0.003
19642	c10	ok	0.003
19663	c10	ok	0.002
19809	c10	ok	0.002
19866	c10	ok	0.003
30203	c100	ok	0.039
3491	c100	ok	0.023
371	c100	ok	0.010
1317	c100	ok	0.056
21365	c100	ok	0.160
20866	c100	ok	0.024
24867	c100	ok	0.034
1240	c100	ok	0.128
32303	c100	ok	0.043
34803	c100	ok	0.028
21879	c100	ok	0.029
21447	c100	ok	0.039
21992	c100	ok	0.037
25711	c100	ok	0.170
31705	c100	ok	0.050
695	c100	ok	1.435
24190	c100	ok	0.132
23804	c100	ok	0.123
90	c100	ok	0.048
8479	c100	ok	0.045
4983	c100	ok	0.032
30377	c100	ok	0.023
2359	c100	ok	0.055
4180	c100	ok	0.050
20904	c100	ok	0.031
1535	c100	ok	0.657
2942	c100	ok	0.056
32025	c100	ok	0.022
57	c100	ok	0.035
33291	c100	ok	0.051
23435	c100	ok	0.031
21696	c100	ok	0.023
34713	c100	ok	0.043
32256	c100	ok	0.033
24531	c100	ok	0.053
23537	c100	ok	0.069
7991	c100	ok	0.031
21916	c100	ok	0.033
21189	c100	ok	0.016
34030	c100	ok	0.039
21857	c100	DIFF	0.039
3132	c100	ok	0.098
21716	c100	ok	0.057
3818	c100	ok	1.040
23600	c100	ok	1.818
2749	c100	ok	0.049
21310	c100	ok	0.038
31631	c100	ok	0.059
32675	c100	ok	0.130
2288	c100	ok	0.040
2337	c100	ok	0.038
1084	c100	ok	0.025
22397	c100	ok	0.037
4517	c100	ok	0.055
24781	c100	ok	0.130
31209	c100	ok	0.044
4001	c100	ok	0.095
23201	c100	ok	0.005
22885	c100	ok	0.028
30424	c100	ok	0.080
24446	c100	ok	0.019
6159	c100	ok	0.177
20737	c100	ok	0.010
32708	c100	ok	0.132
1657	c100	ok	0.003
30807	c100	ok	0.064
30857	c100	ok	0.054
1125	c100	ok	0.211
32415	c100	ok	0.163
33225	c100	ok	0.044
305	c100	ok	0.054
32785	c100	ok	0.129
4516	c100	ok	0.191
21305	c100	ok	1.419
21187	c100	ok	0.057
24601	c100	ok	0.046
22642	c100	ok	0.108
515	c100	ok	0.100
20609	c100	ok	0.060
1854	c100	ok	0.066
24500	c100	ok	0.054
8674	c100	ok	0.152
23012	c100	ok	0.095
21268	c100	ok	0.096
23368	c100	ok	0.030
11	c100	ok	0.071
175	c100	ok	0.102
22963	c100	ok	0.059
21910	c100	ok	0.034
5616	c100	ok	0.063
23394	c100	ok	0.105
24362	c100	ok	0.027
31480	c100	ok	0.063
20120	c101	ok	0.027
30915	c101	ok	0.046
3839	c101	ok	0.040
30911	c101	ok	0.031
1986	c101	ok	0.256
21467	c101	ok	0.045
34118	c101	ok	0.053
4593	c101	ok	0.067
317	c101	ok	0.063
22840	c101	ok	0.037
30061	c101	ok	0.046
522	c101	ok	0.059
31680	c101	ok	0.066
20493	c101	ok	0.195
3121	c101	ok	0.071
33306	c101	ok	0.168
32655	c101	ok	0.039
34736	c101	ok	0.025
20026	c101	ok	0.056
22496	c101	ok	0.124
3462	c101	ok	0.008
23062	c101	ok	0.026
33707	c101	ok	0.037
22774	c101	ok	0.045
31772	c101	ok	0.055
23639	c101	ok	0.973
21827	c101	ok	0.097
30509	c101	ok	0.055
302	c101	ok	0.004
23456	c101	ok	0.024
20757	c101	ok	0.034
20653	c101	ok	0.060
23451	c101	ok	0.012
28524	c101	ok	0.087
30261	c101	ok	0.047
20911	c101	ok	0.049
31432	c101	ok	0.123
24897	c101	ok	0.039
2575	c101	ok	0.062
3436	c101	ok	0.210
20889	c101	ok	0.008
20680	c101	ok	0.035
30454	c101	ok	0.042
31374	c101	ok	0.043
22467	c101	ok	0.037
3730	c101	ok	1.015
621	c101	ok	0.075
23216	c101	ok	0.043
33983	c101	ok	0.053
33605	c101	ok	0.019
22735	c101	ok	0.068
23317	c101	ok	0.069
20959	c101	ok	0.253
22494	c101	ok	0.076
21267	c101	ok	0.012
20152	c101	ok	0.094
21870	c101	ok	0.056
1309	c101	ok	0.051
24866	c101	ok	0.204
26135	c101	ok	0.058
24864	c101	ok	0.051
32949	c101	ok	0.031
9883	c101	ok	0.181
1717	c101	ok	0.063
4465	c101	ok	0.018
34541	c101	ok	0.088
23468	c101	ok	0.035
22616	c101	ok	0.066
1957	c101	ok	0.027
23839	c101	ok	0.054
29927	c101	ok	0.015
1368	c101	ok	0.038
23762	c101	ok	0.038
22454	c101	ok	0.013
22160	c101	ok	0.039
1401	c101	ok	0.042
23763	c101	ok	0.049
23846	c101	ok	0.026
21011	c101	ok	0.035
31917	c101	ok	0.089
22541	c101	ok	4.311
33533	c101	ok	0.336
23754	c101	ok	0.044
20489	c101	ok	0.057
22412	c101	ok	0.021
34283	c101	ok	0.071
248	c101	ok	0.124
21542	c101	ok	0.059
30518	c101	ok	0.028
22822	c101	ok	0.134
23860	c101	ok	0.015
23928	c101	ok	0.037
24253	c101	ok	0.051
20298	c101	ok	0.071
22334	c101	ok	0.038
23122	c102	ok	0.485
23834	c102	ok	0.048
4634	c102	ok	0.046
33172	c102	ok	0.181
23107	c102	ok	0.095
33771	c102	ok	0.044
22168	c102	ok	0.031
1080	c102	ok	0.014
22465	c102	ok	0.035
20861	c102	ok	0.055
24816	c102	ok	2.192
21859	c102	ok	0.057
24372	c102	ok	0.127
20220	c102	ok	0.116
20227	c102	ok	0.063
24373	c102	ok	0.057
600	c102	ok	0.156
34625	c102	ok	0.053
24734	c102	ok	0.053
23523	c102	ok	0.061
2123	c102	ok	0.046
21566	c102	ok	0.470
26401	c102	ok	0.325
20686	c102	ok	0.518
22868	c102	ok	0.076
21519	c102	ok	0.030
34845	c102	ok	0.462
22149	c102	ok	0.046
24000	c102	ok	0.053
23124	c102	ok	0.119
148	c102	ok	0.175
31926	c102	ok	0.109
33077	c102	ok	0.134
22783	c102	ok	0.038
24104	c102	ok	0.025
23835	c102	ok	0.090
20603	c102	ok	0.031
33358	c102	ok	0.239
20768	c102	ok	0.098
22865	c102	ok	0.033
22769	c102	ok	0.033
24920	c102	ok	0.114
22321	c102	ok	0.026
20402	c102	ok	0.034
23052	c102	ok	0.139
30079	c102	ok	0.068
32412	c102	ok	0.030
21526	c102	ok	0.063
21899	c102	ok	0.043
24456	c102	ok	0.613
22193	c102	ok	0.058
24215	c102	ok	0.036
22199	c102	ok	0.037
22747	c102	ok	1.612
23666	c102	ok	0.037
22945	c102	ok	0.165
23733	c102	ok	0.008
24187	c102	ok	0.051
32792	c102	ok	0.055
22725	c102	ok	1.226
21525	c102	ok	0.041
21162	c102	ok	0.168
33170	c102	ok	0.065
23988	c102	ok	0.137
24002	c102	ok	0.059
24168	c102	ok	0.096
22870	c102	ok	0.025
23976	c102	ok	0.036
23436	c102	ok	0.048
24657	c102	ok	0.030
24918	c102	ok	0.141
22872	c102	ok	0.096
21328	c102	ok	0.022
24848	c102	ok	0.052
23167	c102	ok	0.021
20656	c102	ok	0.052
22411	c102	ok	0.144
24609	c102	ok	3.428
12954	c102	ok	0.032
5054	c102	ok	0.057
8483	c102	ok	0.007
28100	c102	ok	0.045
25467	c102	ok	0.002
28667	c102	ok	0.012
26960	c102	ok	0.155
4270	c102	ok	0.035
29793	c102	ok	0.013
7561	c102	ok	0.009
8019	c102	ok	0.040
3159	c102	ok	0.011
7788	c102	ok	0.010
29831	c102	ok	0.024
26544	c102	ok	0.021
2461	c103	ok	0.042
26654	c103	ok	0.041
27930	c103	ok	0.025
487	c103	ok	0.063
2774	c103	ok	0.037
1066	c103	ok	0.084
3940	c103	ok	0.050
23779	c103	ok	0.110
574	c103	ok	0.029
7412	c103	ok	0.039
29222	c103	ok	0.058
3152	c103	ok	0.039
27292	c103	ok	0.179
4492	c103	ok	0.002
26537	c103	ok	0.180
28296	c103	ok	0.017
3837	c103	ok	0.030
193	c103	ok	0.041
2733	c103	ok	0.033
2188	c103	ok	0.038
602	c103	ok	0.042
5059	c103	ok	0.029
21405	c103	ok	0.134
6645	c103	ok	0.058
28041	c103	ok	0.044
2924	c103	ok	0.053
2222	c103	ok	0.010
9522	c103	ok	0.071
23099	c103	ok	0.056
21168	c103	ok	0.061
1140	c103	ok	0.066
2373	c103	ok	0.044
4187	c103	ok	0.156
823	c103	ok	0.046
3438	c103	ok	0.435
2245	c103	ok	0.046
555	c103	ok	0.006
7546	c103	ok	0.050
981	c103	ok	0.038
6058	c103	ok	0.075
26450	c103	ok	0.009
25444	c103	ok	0.215
2722	c103	ok	0.068
849	c103	ok	0.042
22513	c103	ok	0.064
21473	c103	ok	0.039
6156	c103	ok	0.088
1776	c103	ok	0.050
2975	c103	ok	0.121
3721	c103	ok	0.038
21902	c103	ok	0.048
3568	c103	ok	0.088
330	c103	ok	0.048
297	c103	ok	0.042
29540	c103	ok	0.081
27809	c103	ok	0.041
28965	c103	ok	0.092
31269	c103	ok	0.036
3778	c103	ok	0.057
21032	c103	ok	0.059
137	c103	ok	0.062
20897	c103	ok	0.050
1405	c103	ok	0.020
25903	c103	ok	0.062
1843	c103	ok	0.097
3855	c103	ok	0.057
22789	c103	ok	0.050
2997	c103	ok	0.016
4451	c103	ok	1.753
23826	c103	ok	0.026
2592	c103	ok	0.109
27864	c103	ok	0.036
2272	c103	ok	0.054
3351	c103	ok	0.116
24878	c103	ok	0.090
20633	c103	ok	0.077
26268	c103	ok	0.068
1447	c103	ok	0.052
3042	c103	ok	0.011
1945	c103	ok	0.059
23220	c103	ok	0.784
3966	c103	ok	0.041
6333	c104	ok	0.032
23466	c104	ok	0.108
6879	c104	ok	0.060
21947	c104	ok	0.058
3656	c104	ok	0.060
31484	c104	ok	0.045
3784	c104	ok	0.038
24647	c104	ok	0.065
4662	c104	ok	0.760
31171	c104	ok	0.146
30128	c104	ok	0.044
31091	c104	ok	0.111
4709	c104	ok	0.050
5116	c104	ok	0.388
24522	c104	ok	0.008
24013	c104	ok	0.053
30187	c104	ok	0.049
24223	c104	ok	0.055
4147	c104	ok	0.015
24209	c104	ok	0.088
22130	c104	ok	0.080
30155	c104	ok	0.051
21627	c104	ok	0.030
22419	c104	ok	0.077
20303	c104	ok	0.033
4974	c104	ok	0.067
20867	c104	ok	0.068
4937	c104	ok	0.047
20034	c104	ok	0.031
21609	c104	ok	0.076
33187	c104	ok	0.017
63	c104	ok	0.088
22793	c104	ok	0.036
23440	c104	ok	0.034
1090	c104	ok	0.099
4406	c104	ok	0.052
30052	c104	ok	0.076
24072	c104	ok	0.058
20834	c104	ok	0.072
24062	c104	ok	0.047
22310	c104	ok	0.064
24792	c104	ok	0.049
7966	c104	ok	0.067
24219	c104	ok	0.044
32493	c104	ok	0.053
24555	c104	ok	0.052
920	c104	ok	0.058
1512	c104	ok	0.104
23823	c104	ok	2.892
21441	c104	ok	0.013
3608	c104	ok	0.124
22389	c104	ok	2.295
24801	c104	ok	0.044
3447	c104	ok	0.202
20590	c104	ok	0.011
22348	c104	ok	0.032
4941	c104	ok	0.137
22664	c104	ok	0.031
20277	c104	ok	0.041
20471	c104	ok	0.212
4454	c104	ok	0.033
5946	c104	ok	0.056
30174	c104	ok	0.051
5385	c104	ok	0.104
24664	c104	ok	0.058
22804	c104	ok	0.044
23847	c104	ok	0.045
25196	c104	ok	0.043
20733	c104	ok	0.423
24635	c104	ok	0.076
22180	c104	DIFF	1.066
21633	c104	ok	0.020
21849	c104	ok	0.030
21499	c104	ok	0.066
23449	c104	ok	0.035
22403	c104	ok	1.010
20102	c104	ok	0.059
22400	c104	ok	0.068
1963	c104	ok	0.044
33821	c104	ok	0.083
21518	c104	ok	0.033
23689	c104	ok	0.050
24793	c104	ok	0.104
23776	c104	ok	0.041
3136	c104	ok	0.075
21817	c104	ok	0.041
20696	c104	ok	0.032
21561	c104	ok	0.042
2788	c104	ok	0.054
23397	c105	ok	0.077
20335	c105	ok	0.061
22588	c105	ok	0.052
23755	c105	ok	0.013
23203	c105	ok	0.205
20691	c105	ok	0.074
2509	c105	ok	0.054
23808	c105	ok	0.111
20667	c105	ok	0.082
21109	c105	ok	0.058
24164	c105	ok	0.078
23586	c105	ok	0.008
30662	c105	ok	0.053
21299	c105	ok	0.035
20027	c105	ok	0.080
22517	c105	ok	0.033
22640	c105	ok	0.034
21062	c105	ok	0.076
23059	c105	ok	0.053
33465	c105	ok	0.093
20135	c105	ok	0.037
32149	c105	ok	0.203
21894	c105	ok	0.050
23897	c105	ok	0.067
23169	c105	ok	0.088
24713	c105	ok	0.045
25882	c105	ok	0.046
4346	c105	ok	0.010
5962	c105	ok	0.026
29104	c105	ok	0.023
5051	c105	ok	0.041
26499	c105	ok	0.119
8715	c105	ok	0.055
1043	c105	ok	0.021
29664	c105	ok	0.024
26831	c105	ok	0.023
3202	c105	ok	0.037
891	c105	ok	0.047
26209	c105	ok	0.020
4776	c105	ok	0.025
28069	c105	ok	0.013
6348	c105	ok	0.063
3868	c105	ok	0.084
9490	c105	ok	0.065
25460	c105	ok	0.024
2882	c105	ok	0.044
34356	c105	ok	0.027
1933	c105	ok	0.106
9908	c105	ok	0.041
8204	c105	ok	0.031
5691	c105	ok	0.025
6451	c105	ok	0.043
29705	c105	ok	0.063
28394	c105	ok	0.321
29302	c105	ok	1.085
4306	c105	ok	0.038
26374	c105	ok	0.028
617	c105	ok	0.038
29365	c105	ok	0.189
29909	c105	ok	0.602
33944	c105	ok	0.386
8655	c105	ok	0.048
33474	c105	ok	0.060
3208	c105	ok	0.153
25617	c105	ok	0.107
30746	c105	ok	1.419
30531	c105	ok	0.105
26835	c105	ok	0.131
33801	c105	ok	0.011
6529	c105	ok	0.078
20434	c106	ok	0.099
28201	c106	ok	0.062
1803	c106	ok	0.037
27631	c106	ok	0.431
30695	c106	ok	0.170
4440	c106	ok	0.128
28773	c106	ok	0.038
34933	c106	ok	0.102
2238	c106	ok	0.019
23632	c106	ok	0.084
30141	c106	ok	0.091
25963	c106	ok	0.031
34669	c106	ok	0.008
26124	c106	ok	0.031
1882	c106	ok	0.098
30204	c106	ok	0.027
30512	c106	ok	0.050
31568	c106	ok	0.030
33789	c106	ok	0.049
24283	c106	ok	0.063
2784	c106	ok	0.038
23338	c106	ok	0.022
3949	c106	ok	0.023
20560	c106	ok	0.089
23137	c106	ok	0.049
23940	c106	ok	0.052
23040	c106	ok	0.134
33590	c106	ok	0.170
24577	c106	ok	0.036
32948	c106	ok	0.010
21366	c106	ok	0.128
3898	c106	ok	0.010
29808	c106	ok	0.112
5609	c106	ok	0.032
27790	c106	ok	0.023
7442	c106	ok	0.109
33285	c106	ok	0.009
1136	c106	ok	0.024
29234	c106	ok	0.102
27075	c106	ok	0.053
435	c106	ok	0.036
4249	c106	ok	0.047
29817	c106	ok	1.716
26922	c106	ok	0.096
3041	c106	ok	0.031
6817	c106	ok	0.032
9533	c106	ok	0.117
2088	c106	ok	0.034
8815	c106	ok	0.031
25154	c106	ok	0.160
28425	c106	ok	2.080
373	c106	ok	0.032
20495	c106	ok	0.012
3133	c106	ok	0.031
1105	c106	ok	0.009
3065	c106	ok	0.014
3302	c106	ok	0.069
2283	c106	ok	0.033
1458	c106	ok	0.044
3481	c106	ok	0.026
570	c106	ok	0.094
7058	c106	ok	0.015
27917	c106	ok	0.876
8595	c106	ok	0.005
28975	c106	ok	0.043
3377	c106	ok	0.033
3918	c106	ok	0.005
27036	c106	ok	0.141
9630	c106	ok	0.044
1250	c107	ok	0.019
28110	c107	ok	0.137
28238	c107	ok	0.086
5373	c107	ok	0.030
1540	c107	ok	0.042
4075	c107	ok	0.072
8263	c107	ok	0.068
6920	c107	ok	0.219
1780	c107	ok	0.201
25063	c107	ok	0.090
33167	c107	ok	0.030
20286	c107	ok	0.061
3009	c107	ok	0.016
3661	c107	ok	0.004
21135	c107	ok	0.079
34549	c107	ok	0.337
9758	c107	ok	0.031
2118	c107	ok	0.009
121	c107	ok	0.021
7576	c107	ok	0.059
29536	c107	ok	0.019
33976	c107	ok	0.032
28650	c107	ok	0.099
20379	c107	ok	0.096
25857	c107	ok	0.059
20396	c107	ok	0.034
2163	c107	ok	0.034
2002	c107	ok	0.035
20630	c107	ok	0.049
3387	c107	ok	0.040
4490	c107	ok	0.030
2137	c107	ok	0.087
2174	c107	ok	0.053
24594	c107	ok	0.053
28949	c107	ok	0.041
3672	c107	ok	0.022
2024	c107	ok	0.014
23077	c107	ok	0.027
29378	c107	ok	0.037
29583	c107	ok	0.009
24009	c107	ok	0.055
26111	c107	ok	0.070
6726	c107	ok	0.055
25439	c107	ok	0.089
26202	c107	ok	0.009
32702	c107	ok	0.016
26678	c107	ok	0.037
34051	c107	ok	0.021
30078	c107	ok	0.018
33053	c107	ok	0.067
24850	c107	ok	0.035
24981	c107	ok	0.079
938	c107	ok	0.103
33974	c107	ok	0.099
26105	c107	ok	0.011
20100	c107	ok	0.028
33204	c107	ok	0.031
24704	c107	ok	0.102
24165	c107	ok	0.033
3858	c107	ok	0.034
27689	c107	ok	0.059
20913	c107	ok	0.028
28279	c107	ok	0.032
23079	c107	ok	0.121
24067	c107	ok	0.080
34629	c107	ok	0.054
20538	c107	ok	0.140
26632	c108	ok	0.293
22770	c108	ok	0.014
4028	c108	ok	0.058
3240	c108	ok	0.065
33785	c108	ok	0.061
20128	c108	ok	0.048
30308	c108	ok	0.027
21718	c108	ok	0.035
25050	c108	ok	0.031
34314	c108	ok	0.052
3722	c108	ok	0.026
26870	c108	ok	0.109
22021	c108	ok	0.040
21116	c108	ok	0.026
1222	c108	ok	0.044
21004	c108	ok	0.086
24054	c108	ok	0.035
3769	c108	ok	0.098
3242	c108	ok	0.064
20256	c108	ok	0.089
26014	c108	ok	0.047
25000	c108	ok	0.044
27667	c108	ok	0.092
32480	c108	ok	0.093
21470	c108	ok	0.091
31981	c108	ok	0.048
2951	c108	ok	0.036
23429	c108	ok	0.038
28157	c108	ok	0.068
32846	c108	ok	0.045
30947	c108	ok	0.032
32482	c108	ok	0.150
24381	c108	ok	0.080
32224	c108	ok	0.098
20758	c108	ok	0.063
28038	c108	ok	0.044
1702	c108	ok	0.272
30299	c108	ok	0.081
27474	c108	ok	0.494
33063	c108	ok	0.203
28101	c108	ok	0.050
2298	c108	ok	0.035
30679	c108	ok	0.079
32522	c108	ok	0.064
8118	c108	ok	0.152
21045	c108	ok	0.065
21565	c108	ok	0.045
29566	c108	ok	0.085
20809	c108	ok	0.086
3348	c108	ok	0.071
22862	c108	ok	0.058
32181	c108	ok	0.036
24057	c108	ok	0.052
21981	c108	ok	0.144
21999	c108	ok	0.047
22810	c108	ok	0.031
21649	c108	ok	0.043
29335	c109	ok	0.023
6292	c109	ok	0.052
9925	c109	ok	0.023
9476	c109	ok	0.037
2863	c109	ok	0.072
27731	c109	ok	0.051
29581	c109	ok	0.039
7811	c109	ok	0.140
4999	c109	ok	0.031
22222	c109	ok	0.043
1625	c109	ok	0.065
21867	c109	ok	0.063
2827	c109	ok	0.031
25526	c109	ok	0.191
4718	c109	ok	0.184
9285	c109	ok	0.043
5514	c109	ok	0.031
4114	c109	ok	0.018
1997	c109	ok	0.044
22019	c109	ok	0.058
2236	c109	ok	0.031
1596	c109	ok	0.027
33391	c109	ok	0.064
21549	c109	ok	0.020
22890	c109	ok	0.085
25706	c109	ok	0.012
4698	c109	ok	0.027
4685	c109	ok	0.020
33015	c109	ok	0.072
29400	c109	ok	0.042
2227	c109	ok	0.010
20596	c109	ok	0.048
9382	c109	ok	0.043
23319	c109	ok	0.035
21643	c109	ok	0.032
22458	c109	ok	0.062
31287	c109	ok	0.009
31504	c109	ok	0.014
29167	c109	ok	0.079
30249	c109	ok	0.028
27623	c109	ok	0.105
21567	c109	ok	0.015
32254	c109	ok	0.025
22653	c109	ok	0.062
23627	c109	ok	0.005
2215	c109	ok	0.060
20663	c109	ok	0.004
21655	c109	ok	0.059
23710	c109	ok	0.017
22275	c109	ok	0.028
392	c109	ok	0.052
25521	c109	ok	0.029
1370	c109	ok	0.047
20344	c109	ok	0.013
22153	c109	ok	0.027
23791	c109	ok	0.029
21437	c109	ok	0.057
4061	c109	ok	0.045
21883	c109	ok	0.067
1494	c109	ok	0.035
20981	c109	ok	0.016
20810	c109	ok	0.027
453	c109	ok	0.050
29102	c109	ok	0.160
24258	c109	ok	0.027
21866	c109	ok	0.011
1325	c109	ok	0.071
10190	c11	ok	0.010
10477	c11	ok	0.010
11164	c11	ok	0.010
11369	c11	ok	0.010
11387	c11	ok	0.010
11540	c11	ok	0.010
11604	c11	ok	0.010
11754	c11	ok	0.002
12015	c11	ok	0.010
12156	c11	ok	0.010
12212	c11	ok	0.010
12223	c11	ok	0.010
12412	c11	ok	0.010
12703	c11	ok	0.010
12914	c11	ok	0.010
12998	c11	ok	0.010
13103	c11	ok	0.010
13400	c11	ok	0.010
13829	c11	ok	0.010
13991	c11	ok	0.010
14070	c11	ok	0.010
14600	c11	ok	0.010
14975	c11	ok	0.010
15076	c11	ok	0.005
15099	c11	ok	0.001
15262	c11	ok	0.005
15286	c11	ok	0.005
15317	c11	ok	0.005
15403	c11	ok	0.001
15699	c11	ok	0.005
15745	c11	ok	0.005
15747	c11	ok	0.005
15875	c11	ok	0.005
15911	c11	ok	0.001
16093	c11	ok	0.005
16121	c11	ok	0.006
16299	c11	ok	0.005
16336	c11	ok	0.005
16356	c11	ok	0.005
16529	c11	ok	0.005
16596	c11	ok	0.005
16668	c11	ok	0.005
16690	c11	ok	0.005
16716	c11	ok	0.005
16743	c11	ok	0.005
16780	c11	ok	0.005
16791	c11	ok	0.005
16868	c11	ok	0.005
16969	c11	ok	0.001
16985	c11	ok	0.005
17129	c11	ok	0.001
17169	c11	ok	0.005
17289	c11	ok	0.005
17352	c11	ok	0.005
17451	c11	ok	0.005
17481	c11	ok	0.005
17530	c11	ok	0.005
17702	c11	ok	0.003
17818	c11	ok	0.005
18026	c11	ok	0.005
18213	c11	ok	0.005
18234	c11	ok	0.003
18457	c11	ok	0.005
18483	c11	ok	0.001
18586	c11	ok	0.005
18603	c11	ok	0.001
18770	c11	ok	0.005
18879	c11	ok	0.005
18896	c11	ok	0.006
18926	c11	ok	0.003
19077	c11	ok	0.005
19091	c11	ok	0.005
19128	c11	ok	0.005
19191	c11	ok	0.005
19215	c11	ok	0.003
19228	c11	ok	0.005
19367	c11	ok	0.005
19378	c11	ok	0.005
19398	c11	ok	0.004
19710	c11	ok	0.003
19772	c11	ok	0.001
19784	c11	ok	0.003
19926	c11	ok	0.005
19965	c11	ok	0.005
15111	c11	ok	0.086
15137	c11	ok	0.084
15281	c11	ok	0.085
15701	c11	ok	0.100
15854	c11	ok	0.088
15972	c11	ok	0.085
16256	c11	ok	0.085
16361	c11	ok	0.106
16842	c11	ok	0.184
16879	c11	ok	0.181
16945	c11	ok	0.203
17377	c11	ok	0.085
17701	c11	ok	0.135
18353	c11	ok	0.102
18668	c11	ok	0.084
19847	c11	ok	0.176
21364	c110	ok	0.024
23903	c110	ok	0.038
24602	c110	ok	0.031
2762	c110	ok	0.052
24520	c110	ok	0.018
24245	c110	ok	0.066
22350	c110	ok	0.027
21357	c110	ok	0.039
33457	c110	ok	0.027
22205	c110	ok	0.056
22279	c110	ok	0.050
22177	c110	ok	0.043
391	c110	ok	0.031
22662	c110	ok	0.098
24081	c110	ok	0.054
23106	c110	ok	0.110
30175	c110	ok	0.053
4431	c110	ok	0.024
21391	c110	ok	0.062
23256	c110	ok	0.046
24637	c110	ok	0.037
24394	c110	ok	0.043
1930	c110	ok	0.042
21281	c110	ok	0.050
23306	c110	ok	0.031
24432	c110	ok	0.087
20057	c110	ok	0.048
31090	c111	ok	0.120
33131	c111	ok	0.161
31154	c111	ok	0.075
27883	c111	ok	0.150
23866	c111	ok	0.080
32383	c111	ok	0.039
28792	c111	ok	0.052
23614	c111	ok	0.025
22682	c111	ok	0.075
21514	c111	ok	0.666
29235	c111	ok	0.065
32055	c111	ok	0.177
21957	c111	ok	0.255
6602	c111	ok	0.037
25841	c111	ok	0.014
3914	c111	ok	0.001
4452	c111	ok	0.005
412	c111	ok	0.025
29037	c111	ok	0.075
4891	c111	ok	0.017
25576	c111	ok	0.019
21230	c111	ok	0.032
255	c111	ok	0.023
27355	c111	ok	0.050
21250	c111	ok	0.068
33964	c111	ok	0.046
325	c111	ok	0.030
33629	c111	ok	0.128
22506	c111	ok	0.019
22249	c111	ok	0.037
21397	c111	ok	0.092
20607	c111	ok	0.027
20856	c111	ok	0.135
24512	c111	ok	0.006
24731	c111	ok	0.083
22228	c111	ok	0.039
7177	c111	ok	0.072
23002	c111	ok	0.041
20389	c111	ok	0.034
20678	c111	ok	0.048
23890	c111	ok	0.092
22126	c111	ok	0.066
20755	c111	ok	0.052
23114	c111	ok	0.001
23297	c111	ok	0.052
22880	c111	ok	0.030
28796	c111	ok	0.051
23583	c111	ok	0.092
20507	c111	ok	0.025
22266	c111	ok	0.100
22201	c111	ok	0.060
22829	c111	ok	0.050
23969	c111	ok	0.007
21508	c111	ok	0.044
22750	c111	ok	0.024
20827	c111	ok	0.095
20621	c111	ok	0.140
24124	c111	ok	0.228
24058	c111	ok	0.167
21865	c111	ok	0.055
20086	c111	ok	0.046
24212	c111	ok	0.041
22819	c111	ok	0.024
23345	c111	ok	0.020
21211	c111	ok	0.086
24199	c111	ok	0.027
7349	c111	ok	0.022
25774	c111	ok	0.050
24582	c111	ok	0.429
6634	c112	ok	0.002
25028	c112	ok	0.065
29520	c112	ok	0.064
21130	c112	ok	0.091
29639	c112	ok	0.017
28634	c112	ok	0.039
22259	c112	ok	0.026
3681	c112	ok	0.048
660	c112	ok	0.010
2772	c112	ok	0.023
30564	c112	ok	0.057
23129	c112	ok	0.033
27548	c112	ok	0.343
29324	c112	ok	0.038
31400	c112	ok	0.044
22980	c112	ok	0.036
26692	c112	ok	0.061
21296	c112	ok	0.040
1727	c112	ok	0.058
24608	c112	ok	0.047
20565	c112	ok	0.091
3547	c112	ok	0.107
23299	c112	ok	0.076
20230	c112	ok	0.051
5841	c112	ok	0.075
30632	c112	ok	0.026
24546	c112	ok	0.033
30832	c112	ok	0.025
24143	c112	ok	0.019
4550	c112	ok	0.040
20756	c112	ok	0.053
22715	c112	ok	0.057
22426	c112	ok	1.003
24556	c112	ok	0.053
23020	c112	ok	0.041
20747	c112	ok	0.026
3091	c112	ok	0.143
25198	c112	ok	0.249
24007	c112	ok	0.034
23376	c112	ok	0.028
23780	c112	ok	0.113
33051	c112	ok	0.021
20527	c112	ok	0.028
21679	c112	ok	0.032
23255	c112	ok	0.044
24021	c112	ok	0.045
22611	c112	ok	0.097
24538	c112	ok	0.027
32544	c112	ok	0.032
22898	c112	ok	0.013
23889	c112	ok	0.063
24942	c112	ok	0.025
23592	c112	ok	0.041
23381	c112	ok	0.102
20820	c112	ok	0.069
21064	c112	ok	0.091
22566	c112	ok	0.026
20578	c112	ok	0.013
21819	c112	ok	0.163
21670	c112	DIFF	0.028
20254	c112	ok	0.048
20490	c112	ok	0.038
23824	c112	ok	0.033
24444	c112	ok	0.065
23227	c112	ok	0.058
23670	c112	ok	0.082
20439	c112	ok	0.132
21580	c112	ok	0.029
24317	c112	ok	0.098
20832	c112	ok	0.205
23267	c112	ok	0.020
21216	c112	ok	0.088
9728	c112	ok	0.010
9956	c112	ok	0.027
8571	c112	ok	0.033
28872	c112	ok	0.108
28362	c112	ok	0.006
25942	c112	ok	0.041
25514	c112	ok	0.053
25748	c112	ok	0.026
28590	c112	ok	0.168
21053	c112	ok	0.286
20425	c112	ok	0.051
26221	c112	ok	0.054
31613	c112	ok	0.054
1908	c112	ok	0.033
21038	c112	ok	0.203
20586	c112	ok	0.179
34241	c113	ok	0.155
22668	c113	ok	0.041
6783	c113	ok	0.018
249	c113	ok	0.051
28267	c113	ok	0.176
5919	c113	ok	0.039
29390	c113	ok	0.034
28140	c113	ok	0.176
29901	c113	ok	0.834
9270	c113	ok	0.032
3347	c113	ok	0.046
26925	c113	ok	0.011
28042	c113	ok	0.168
27466	c113	ok	0.050
33973	c113	ok	0.085
27947	c113	ok	0.260
26912	c113	ok	0.074
24653	c113	ok	0.072
28477	c113	ok	0.196
34078	c113	ok	0.049
9693	c113	ok	0.031
6681	c113	ok	0.028
21822	c113	ok	0.112
25913	c113	ok	0.028
29577	c113	ok	0.025
24008	c113	ok	0.031
27402	c113	ok	0.024
30685	c113	ok	0.352
33434	c113	ok	0.059
5689	c113	ok	0.155
28579	c113	ok	0.080
23574	c113	ok	0.152
27216	c113	ok	0.088
29260	c113	ok	0.055
6507	c113	ok	0.088
20055	c113	ok	0.009
31472	c113	ok	0.101
23800	c113	ok	0.250
3695	c113	ok	0.046
20498	c113	ok	0.114
33160	c113	ok	0.063
8317	c113	ok	0.178
4233	c113	ok	0.066
268	c113	ok	0.078
20788	c113	ok	0.012
24261	c113	ok	0.035
23548	c113	ok	0.243
25471	c113	ok	0.045
31602	c113	ok	0.053
21754	c113	ok	0.025
20318	c113	ok	0.032
24509	c113	ok	0.050
24051	c113	ok	0.760
1421	c113	ok	0.121
33447	c113	ok	0.016
24945	c113	ok	0.041
3449	c113	ok	0.011
26707	c113	ok	0.067
8283	c113	ok	0.034
24299	c113	ok	0.030
23584	c113	ok	0.023
15037	c12	ok	0.086
15053	c12	ok	0.051
15056	c12	ok	0.051
15094	c12	ok	0.099
15134	c12	ok	0.053
15209	c12	ok	0.134
15221	c12	ok	0.053
15227	c12	ok	0.086
15297	c12	ok	0.051
15305	c12	ok	0.052
15348	c12	ok	0.085
15355	c12	ok	0.052
15413	c12	ok	0.084
15421	c12	ok	0.051
15431	c12	ok	0.076
15456	c12	ok	0.099
15457	c12	ok	0.082
15488	c12	ok	0.090
15507	c12	ok	0.052
15530	c12	ok	0.044
15537	c12	ok	0.091
15557	c12	ok	0.089
15660	c12	ok	0.051
15662	c12	ok	0.080
15679	c12	ok	0.052
15682	c12	ok	0.076
15697	c12	ok	0.086
15739	c12	ok	0.055
15755	c12	ok	0.055
15772	c12	ok	0.090
15815	c12	ok	0.087
15819	c12	ok	0.093
15884	c12	ok	0.051
15908	c12	ok	0.086
16004	c12	ok	0.052
16097	c12	ok	0.082
16105	c12	ok	0.052
16112	c12	ok	0.084
16156	c12	ok	0.051
16222	c12	ok	0.086
16258	c12	ok	0.083
16272	c12	ok	0.051
16288	c12	ok	0.051
16337	c12	ok	0.091
16348	c12	ok	0.052
16365	c12	ok	0.085
16378	c12	ok	0.051
16554	c12	ok	0.051
16576	c12	ok	0.051
16679	c12	ok	0.076
16685	c12	ok	0.081
16693	c12	ok	0.051
16739	c12	ok	0.051
16746	c12	ok	0.051
16843	c12	ok	0.051
16847	c12	ok	0.091
17047	c12	ok	0.085
17288	c12	ok	0.117
17305	c12	ok	0.250
17480	c12	ok	0.089
17502	c12	ok	0.083
17528	c12	ok	0.081
17593	c12	ok	0.085
17602	c12	ok	0.051
17613	c12	ok	0.051
17635	c12	ok	0.083
17658	c12	ok	0.051
17679	c12	ok	0.051
18191	c12	ok	0.044
18204	c12	ok	0.051
18231	c12	ok	0.099
18287	c12	ok	0.107
18304	c12	ok	0.080
18333	c12	ok	0.091
18510	c12	ok	0.076
18541	c12	ok	0.081
18561	c12	ok	0.085
18620	c12	ok	0.057
18697	c12	ok	0.076
18715	c12	ok	0.090
18718	c12	ok	0.091
18756	c12	ok	0.094
18834	c12	ok	0.051
18845	c12	ok	0.101
18873	c12	ok	0.055
18886	c12	ok	0.097
18914	c12	ok	0.100
19044	c12	ok	0.051
19073	c12	ok	0.051
19097	c12	ok	0.077
19213	c12	ok	0.051
19383	c12	ok	0.082
19438	c12	ok	0.044
19445	c12	ok	0.101
19456	c12	ok	0.097
19533	c12	ok	0.091
19594	c12	ok	0.262
19631	c12	ok	0.083
19797	c12	ok	0.087
19907	c12	ok	0.085
15002	c13	ok	0.053
15009	c13	ok	0.051
15010	c13	ok	0.051
15012	c13	ok	0.130
15028	c13	ok	0.155
15031	c13	ok	0.097
15048	c13	ok	0.053
15059	c13	ok	0.054
15064	c13	ok	0.092
15071	c13	ok	0.052
15079	c13	ok	0.095
15105	c13	ok	0.052
15119	c13	ok	0.156
15140	c13	ok	0.052
15165	c13	ok	0.043
15255	c13	ok	0.055
15296	c13	ok	0.054
15302	c13	ok	0.156
15313	c13	ok	0.091
15338	c13	ok	0.091
15369	c13	ok	0.054
15401	c13	ok	0.051
15402	c13	ok	0.044
15423	c13	ok	0.129
15469	c13	ok	0.154
15476	c13	ok	0.051
15554	c13	ok	0.076
15606	c13	ok	0.051
15851	c13	ok	0.076
15869	c13	ok	0.044
15871	c13	ok	0.052
15883	c13	ok	0.099
15893	c13	ok	0.196
15897	c13	ok	0.051
15905	c13	ok	0.052
15910	c13	ok	0.051
15912	c13	ok	0.099
15941	c13	ok	0.051
15946	c13	ok	0.051
15997	c13	ok	0.075
16016	c13	ok	0.052
16149	c13	ok	0.051
16151	c13	ok	0.051
16162	c13	ok	0.051
16210	c13	ok	0.051
16237	c13	ok	0.154
16287	c13	ok	0.100
16307	c13	ok	0.091
16310	c13	ok	0.051
16329	c13	ok	0.129
16482	c13	ok	0.090
16497	c13	ok	0.052
16585	c13	ok	0.091
16674	c13	ok	0.099
16732	c13	ok	0.044
16737	c13	ok	0.043
16789	c13	ok	0.155
16901	c13	ok	0.091
16978	c13	ok	0.091
17103	c13	ok	0.051
17208	c13	ok	0.051
17253	c13	ok	0.197
17331	c13	ok	0.153
17360	c13	ok	0.051
17397	c13	ok	0.076
17444	c13	ok	0.050
17462	c13	ok	0.262
17750	c13	ok	0.099
17831	c13	ok	0.197
17843	c13	ok	0.043
17856	c13	ok	0.051
17955	c13	ok	0.129
17982	c13	ok	0.050
18050	c13	ok	0.051
18077	c13	ok	0.203
18134	c13	ok	0.085
18193	c13	ok	0.654
18242	c13	ok	0.101
18253	c13	ok	0.091
18373	c13	ok	0.051
18400	c13	ok	0.197
18402	c13	ok	0.051
18464	c13	ok	0.051
18543	c13	ok	0.199
18764	c13	ok	0.052
18796	c13	ok	0.099
18990	c13	ok	0.129
19013	c13	ok	0.051
19229	c13	ok	0.092
19317	c13	ok	0.207
19352	c13	ok	0.091
19356	c13	ok	0.051
19426	c13	ok	0.100
19464	c13	ok	0.051
19478	c13	ok	0.092
19501	c13	ok	0.052
19658	c13	ok	0.051
19875	c13	ok	0.091
19945	c13	ok	0.153
19961	c13	ok	0.051
15036	c14	ok	0.053
15078	c14	ok	0.086
15082	c14	ok	0.050
15131	c14	ok	0.087
15174	c14	ok	0.131
15453	c14	ok	0.051
15491	c14	ok	0.051
15605	c14	ok	0.249
15900	c14	ok	0.099
16108	c14	ok	0.133
16292	c14	ok	0.090
16294	c14	ok	0.051
16381	c14	ok	0.051
16466	c14	ok	0.043
16541	c14	ok	0.051
16795	c14	ok	0.051
16980	c14	ok	0.157
17119	c14	ok	0.052
17131	c14	ok	0.052
17132	c14	ok	0.051
17624	c14	ok	0.099
17722	c14	ok	0.044
17731	c14	ok	0.114
18088	c14	ok	0.045
18194	c14	ok	0.096
18509	c14	ok	0.052
18670	c14	ok	0.156
19049	c14	ok	0.051
19124	c14	ok	0.147
19202	c14	ok	0.052
19440	c14	ok	0.055
19487	c14	ok	0.046
19721	c14	ok	0.052
10919	c14	ok	0.140
13406	c14	ok	0.066
15006	c14	ok	0.095
15040	c14	ok	0.156
15194	c14	ok	0.091
15235	c14	ok	0.089
15272	c14	ok	0.051
15274	c14	ok	0.087
15291	c14	ok	0.077
15433	c14	ok	0.088
15478	c14	ok	0.084
15552	c14	ok	0.160
15594	c14	ok	0.135
15625	c14	ok	0.135
15674	c14	ok	0.086
15766	c14	ok	0.083
15956	c14	ok	0.138
15957	c14	ok	0.052
15998	c14	ok	0.087
16059	c14	ok	0.196
16089	c14	ok	0.097
16095	c14	ok	0.088
16107	c14	ok	0.077
16123	c14	ok	0.096
16168	c14	ok	0.088
16183	c14	ok	0.156
16208	c14	ok	0.087
16231	c14	ok	0.067
16342	c14	ok	0.080
16353	c14	ok	0.088
16377	c14	ok	0.089
16411	c14	ok	0.161
16445	c14	ok	0.264
16545	c14	ok	0.113
16546	c14	ok	0.065
16624	c14	ok	0.084
16646	c14	ok	0.087
16658	c14	ok	0.100
16804	c14	ok	0.090
16832	c14	ok	0.090
17006	c14	ok	0.079
17026	c14	ok	0.128
17390	c14	ok	0.084
17509	c14	ok	0.075
17539	c14	ok	0.083
17753	c14	ok	0.088
17842	c14	ok	0.087
17937	c14	ok	0.083
18118	c14	ok	0.183
18141	c14	ok	0.093
18161	c14	ok	0.102
18214	c14	ok	0.111
18341	c14	ok	0.081
18592	c14	ok	0.078
19085	c14	ok	0.088
19156	c14	ok	0.089
19157	c14	ok	0.053
19219	c14	ok	0.078
19261	c14	ok	0.102
19382	c14	ok	0.105
19472	c14	ok	0.087
19481	c14	ok	0.129
19499	c14	ok	0.154
19656	c14	ok	0.053
19675	c14	ok	0.182
19824	c14	ok	0.102
19953	c14	ok	0.054
10664	c15	ok	0.126
10845	c15	ok	0.158
10877	c15	ok	0.350
13630	c15	ok	0.164
14464	c15	ok	0.167
15047	c15	ok	0.090
15062	c15	ok	0.089
15192	c15	ok	0.082
15354	c15	ok	0.091
15454	c15	ok	0.054
15563	c15	ok	0.155
15614	c15	ok	0.089
15633	c15	ok	0.089
15971	c15	ok	0.090
16010	c15	ok	0.089
16109	c15	ok	0.060
16134	c15	ok	0.090
16500	c15	ok	0.178
16597	c15	ok	0.052
16600	c15	ok	0.046
16747	c15	ok	0.089
16834	c15	ok	0.155
16846	c15	ok	0.088
16902	c15	ok	0.088
17062	c15	ok	0.044
17085	c15	ok	0.052
17379	c15	ok	0.067
18108	c15	ok	0.096
18219	c15	ok	0.257
18372	c15	ok	0.180
18458	c15	ok	0.071
18640	c15	ok	0.134
18973	c15	ok	0.063
19248	c15	ok	0.398
19452	c15	ok	0.097
19609	c15	ok	0.155
19633	c15	ok	0.101
19635	c15	ok	0.146
19779	c15	ok	0.182
19812	c15	ok	0.079
19992	c15	ok	0.062
11611	c15	ok	0.005
12122	c15	ok	0.037
12425	c15	ok	0.024
15005	c15	ok	0.133
15023	c15	ok	0.132
15029	c15	ok	0.128
15034	c15	ok	0.087
15044	c15	ok	0.091
15098	c15	ok	0.257
15100	c15	ok	0.133
15109	c15	ok	0.087
15158	c15	ok	0.089
15160	c15	ok	0.088
15178	c15	ok	0.087
15185	c15	ok	0.129
15189	c15	ok	0.088
15224	c15	ok	0.130
15258	c15	ok	0.087
15314	c15	ok	0.087
15570	c15	ok	0.088
15622	c15	ok	0.135
15829	c15	ok	0.251
15840	c15	ok	0.133
15899	c15	ok	0.130
15976	c15	ok	0.250
16039	c15	ok	0.131
16127	c15	ok	0.249
16363	c15	ok	0.220
16386	c15	ok	0.129
16425	c15	ok	0.185
16464	c15	ok	0.158
16604	c15	ok	0.130
16644	c15	ok	0.129
16800	c15	ok	0.251
16861	c15	ok	0.250
16908	c15	ok	0.128
17188	c15	ok	0.088
17252	c15	ok	0.088
17373	c15	ok	0.087
17398	c15	ok	0.129
17465	c15	ok	0.009
17616	c15	ok	0.364
17823	c15	ok	0.131
17925	c15	ok	0.087
18146	c15	ok	0.130
18192	c15	ok	0.154
18351	c15	ok	0.128
18632	c15	ok	0.009
18789	c15	ok	0.190
18797	c15	ok	0.090
18809	c15	ok	0.116
18932	c15	ok	0.119
19043	c15	ok	0.087
19135	c15	ok	0.153
19483	c15	ok	0.130
19542	c15	ok	0.222
19758	c15	ok	0.129
19801	c15	ok	0.087
19923	c15	ok	0.127
11360	c16	ok	0.064
11575	c16	ok	0.165
12562	c16	ok	0.128
13942	c16	ok	0.085
14252	c16	ok	0.128
14503	c16	ok	0.129
14708	c16	ok	0.156
15020	c16	ok	0.088
15025	c16	ok	0.155
15030	c16	ok	0.155
15038	c16	ok	0.186
15057	c16	ok	0.087
15083	c16	ok	0.156
15090	c16	ok	0.154
15116	c16	ok	0.185
15148	c16	ok	0.154
15196	c16	ok	0.088
15236	c16	ok	0.130
15252	c16	ok	0.144
15261	c16	ok	0.089
15271	c16	ok	0.164
15273	c16	ok	0.134
15294	c16	ok	0.134
15318	c16	ok	0.161
15362	c16	ok	0.199
15398	c16	ok	0.153
15409	c16	ok	0.154
15425	c16	ok	0.160
15447	c16	ok	0.089
15497	c16	ok	0.377
15689	c16	ok	0.088
15725	c16	ok	0.088
15730	c16	ok	0.087
15756	c16	ok	0.089
15773	c16	ok	0.154
15812	c16	ok	0.129
15979	c16	ok	0.087
15991	c16	ok	0.154
16011	c16	ok	0.088
16145	c16	ok	0.088
16240	c16	ok	0.087
16352	c16	ok	0.088
16450	c16	ok	0.301
16456	c16	ok	0.155
16516	c16	ok	0.088
16531	c16	ok	0.159
16569	c16	ok	0.129
16625	c16	ok	0.089
16626	c16	ok	0.088
16696	c16	ok	0.154
16698	c16	ok	0.129
16862	c16	ok	0.161
16958	c16	ok	0.087
17017	c16	ok	0.130
17029	c16	ok	0.184
17181	c16	ok	0.088
17185	c16	ok	0.155
17225	c16	ok	0.129
17310	c16	ok	0.130
17369	c16	ok	0.130
17422	c16	ok	0.153
17469	c16	ok	0.155
17524	c16	ok	0.129
17560	c16	ok	0.129
17561	c16	ok	0.129
17574	c16	ok	0.158
17608	c16	ok	0.167
17711	c16	ok	0.125
17860	c16	ok	0.160
17936	c16	ok	0.087
18171	c16	ok	0.129
18205	c16	ok	0.088
18209	c16	ok	0.088
18338	c16	ok	0.155
18433	c16	ok	0.088
18438	c16	ok	0.129
18451	c16	ok	0.073
18493	c16	ok	0.088
18575	c16	ok	0.155
18590	c16	ok	0.087
18597	c16	ok	0.131
18630	c16	ok	0.087
18676	c16	ok	0.085
18682	c16	ok	0.088
18735	c16	ok	0.154
18780	c16	ok	0.132
18854	c16	ok	0.129
19038	c16	ok	0.129
19053	c16	ok	0.131
19087	c16	ok	0.088
19147	c16	ok	0.188
19300	c16	ok	0.159
19557	c16	ok	0.088
19584	c16	ok	0.130
19652	c16	ok	0.159
19678	c16	ok	0.154
19767	c16	ok	0.156
19876	c16	ok	0.133
19894	c16	ok	0.088
19899	c16	ok	0.130
10147	c17	ok	0.090
10309	c17	ok	0.171
10327	c17	ok	0.087
10333	c17	ok	0.091
10855	c17	ok	0.141
11108	c17	ok	0.088
11397	c17	ok	0.156
11692	c17	ok	0.228
11696	c17	ok	0.095
11988	c17	ok	0.102
12008	c17	ok	0.087
12175	c17	ok	0.092
12498	c17	ok	0.160
12534	c17	ok	0.088
12598	c17	ok	0.089
12671	c17	ok	0.118
12673	c17	ok	0.093
12695	c17	ok	0.409
12734	c17	ok	0.089
12797	c17	ok	0.090
12809	c17	ok	0.155
13141	c17	ok	0.089
13212	c17	ok	0.158
13249	c17	ok	0.087
13636	c17	ok	0.154
13752	c17	ok	0.139
14023	c17	ok	0.088
14232	c17	ok	0.090
14334	c17	ok	0.080
14387	c17	ok	0.202
14732	c17	ok	0.313
14769	c17	ok	0.090
14805	c17	ok	0.127
14808	c17	ok	0.088
14929	c17	ok	0.130
15080	c17	ok	0.129
15654	c17	ok	0.129
15665	c17	ok	0.159
15668	c17	ok	0.087
16036	c17	ok	0.087
16205	c17	ok	0.088
16230	c17	ok	0.089
16308	c17	ok	0.129
16332	c17	ok	0.088
16603	c17	ok	0.088
16675	c17	ok	0.138
16813	c17	ok	0.087
16859	c17	ok	0.088
16898	c17	ok	0.087
17184	c17	ok	0.129
17353	c17	ok	0.088
17380	c17	ok	0.095
17584	c17	ok	0.189
17810	c17	ok	0.089
17912	c17	ok	0.174
17951	c17	ok	0.089
17971	c17	ok	0.090
17976	c17	ok	0.156
18037	c17	ok	0.090
18065	c17	ok	0.089
18172	c17	ok	0.161
18450	c17	ok	0.156
18729	c17	ok	0.102
18868	c17	ok	0.159
19024	c17	ok	0.090
19188	c17	ok	0.155
19247	c17	ok	0.133
19495	c17	ok	0.089
19673	c17	ok	0.156
19676	c17	ok	0.073
19813	c17	ok	0.088
10223	c17	ok	0.022
10658	c17	ok	0.255
11671	c17	ok	0.049
15041	c17	ok	0.052
15301	c17	ok	0.052
15388	c17	ok	0.031
15434	c17	ok	0.134
15615	c17	ok	0.053
15653	c17	ok	0.088
15761	c17	ok	0.253
15786	c17	ok	0.026
16037	c17	ok	0.086
16207	c17	ok	0.051
16229	c17	ok	0.084
16632	c17	ok	0.085
16647	c17	ok	0.053
16659	c17	ok	0.027
16708	c17	ok	0.086
16785	c17	ok	0.052
17315	c17	ok	0.091
17458	c17	ok	0.040
17848	c17	ok	0.091
17956	c17	ok	0.101
18257	c17	ok	0.052
19269	c17	ok	0.026
19401	c17	ok	0.052
19420	c17	ok	0.053
19558	c17	ok	0.085
19745	c17	ok	0.093
10094	c18	ok	0.298
10215	c18	ok	0.137
10281	c18	ok	0.089
10410	c18	ok	0.234
10536	c18	ok	0.039
10538	c18	ok	0.049
10685	c18	ok	0.155
10693	c18	ok	0.251
10811	c18	ok	0.175
10925	c18	ok	0.107
11037	c18	ok	0.156
11123	c18	ok	0.069
11137	c18	ok	0.050
11155	c18	ok	0.120
11171	c18	ok	0.087
11247	c18	ok	0.119
11410	c18	ok	0.160
11507	c18	ok	0.261
11595	c18	ok	0.089
11605	c18	ok	0.193
11628	c18	ok	0.050
11682	c18	ok	0.158
11698	c18	ok	0.061
11769	c18	ok	0.147
11795	c18	ok	0.063
11796	c18	ok	0.281
11870	c18	ok	0.138
11889	c18	ok	0.266
11916	c18	ok	0.116
11943	c18	ok	0.261
11953	c18	ok	0.058
11986	c18	ok	0.239
12109	c18	ok	0.155
12113	c18	ok	0.053
12201	c18	ok	0.255
12287	c18	ok	0.165
12324	c18	ok	0.069
12352	c18	ok	0.209
12421	c18	ok	0.104
12459	c18	ok	0.270
12596	c18	ok	0.051
12605	c18	ok	0.050
12623	c18	ok	0.157
12681	c18	ok	0.263
12813	c18	ok	0.179
13024	c18	ok	0.100
13042	c18	ok	0.162
13052	c18	ok	1.978
13148	c18	ok	0.119
13419	c18	ok	0.062
13450	c18	ok	0.064
13511	c18	ok	1.941
13512	c18	ok	0.122
13524	c18	ok	0.094
13529	c18	ok	0.141
13550	c18	ok	0.061
13554	c18	ok	0.053
13555	c18	ok	0.191
13564	c18	ok	0.276
13590	c18	ok	0.142
13678	c18	ok	0.089
13721	c18	ok	0.114
13756	c18	ok	0.233
13770	c18	ok	0.156
13889	c18	ok	0.115
13924	c18	ok	0.090
13936	c18	ok	0.189
14044	c18	ok	0.276
14060	c18	ok	0.078
14104	c18	ok	0.049
14145	c18	ok	0.277
14354	c18	ok	0.054
14379	c18	ok	0.051
14384	c18	ok	0.262
14526	c18	ok	0.158
14534	c18	ok	0.235
14579	c18	ok	0.073
14590	c18	ok	0.259
14625	c18	ok	0.262
14688	c18	ok	1.059
14715	c18	ok	0.053
14871	c18	ok	0.137
14891	c18	ok	0.163
15123	c18	ok	0.129
15179	c18	ok	0.081
15465	c18	ok	0.076
15471	c18	ok	0.154
15918	c18	ok	0.063
16140	c18	ok	0.132
16931	c18	ok	0.061
17271	c18	ok	0.088
17491	c18	ok	0.087
17819	c18	ok	0.087
18732	c18	ok	0.268
19000	c18	ok	0.155
19071	c18	ok	0.084
19111	c18	ok	0.090
19112	c18	ok	0.088
19116	c18	ok	0.040
19697	c18	ok	0.131
10007	c19	ok	0.356
10101	c19	ok	0.261
10312	c19	ok	0.360
10332	c19	ok	0.220
10387	c19	ok	0.351
10544	c19	ok	0.211
10546	c19	ok	0.342
10639	c19	ok	0.400
10760	c19	ok	0.183
10823	c19	ok	0.135
10894	c19	ok	5.130
10908	c19	ok	0.300
10951	c19	ok	0.268
11005	c19	ok	0.223
11009	c19	ok	0.339
11083	c19	ok	0.345
11111	c19	ok	0.270
11198	c19	ok	0.327
11201	c19	ok	0.381
11277	c19	ok	0.504
11394	c19	ok	0.915
11584	c19	ok	0.148
11767	c19	ok	0.346
11843	c19	ok	0.259
12159	c19	ok	0.251
12251	c19	ok	0.362
12262	c19	ok	2.515
12266	c19	ok	0.200
12285	c19	ok	0.246
12308	c19	ok	0.210
12357	c19	ok	0.608
12359	c19	ok	0.720
12474	c19	ok	0.250
12507	c19	ok	0.280
12538	c19	ok	0.287
12582	c19	ok	0.234
12618	c19	ok	0.367
12690	c19	ok	0.086
12756	c19	ok	0.085
12930	c19	ok	0.623
12996	c19	ok	0.139
13057	c19	ok	0.233
13102	c19	ok	1.904
13110	c19	ok	0.222
13198	c19	ok	2.470
13260	c19	ok	0.249
13281	c19	ok	0.721
13322	c19	ok	0.222
13463	c19	ok	0.248
13556	c19	ok	0.285
13805	c19	ok	0.328
13855	c19	ok	0.066
13863	c19	ok	0.548
13920	c19	ok	0.211
13957	c19	ok	2.550
14013	c19	ok	5.136
14149	c19	ok	0.142
14166	c19	ok	0.208
14224	c19	ok	2.613
14275	c19	ok	0.228
14291	c19	ok	0.209
14295	c19	ok	2.266
14438	c19	ok	0.148
14492	c19	ok	0.220
14504	c19	ok	0.212
14545	c19	ok	0.214
14670	c19	ok	0.259
14829	c19	ok	0.249
14845	c19	ok	0.297
15492	c19	ok	0.139
15523	c19	ok	0.136
15714	c19	ok	0.215
16024	c19	ok	0.212
16315	c19	ok	0.136
16671	c19	ok	0.066
16986	c19	ok	0.138
17063	c19	ok	0.212
17160	c19	ok	0.137
17442	c19	ok	0.229
17652	c19	ok	0.211
17865	c19	ok	0.140
17964	c19	ok	0.138
17973	c19	ok	0.137
19380	c19	ok	0.139
19586	c19	ok	0.137
19802	c19	ok	0.136
19973	c19	ok	0.212
10287	c19	ok	0.061
10444	c19	ok	0.127
10764	c19	ok	0.123
11136	c19	ok	0.128
11586	c19	ok	0.070
12814	c19	ok	0.071
13617	c19	ok	0.099
13745	c19	ok	0.154
13996	c19	ok	0.157
14356	c19	ok	0.153
14844	c19	ok	0.153
18895	c19	ok	0.100
10839	c20	ok	0.194
11949	c20	ok	0.049
12190	c20	ok	0.057
12283	c20	ok	0.111
13408	c20	ok	0.037
14083	c20	ok	0.071
10105	c20	ok	0.171
10204	c20	ok	0.137
10269	c20	ok	0.268
10363	c20	ok	0.148
10430	c20	ok	0.260
10590	c20	ok	0.154
10821	c20	ok	0.223
11412	c20	ok	0.272
11432	c20	ok	0.222
11502	c20	ok	0.145
11840	c20	ok	0.267
11853	c20	ok	0.213
11966	c20	ok	0.174
11976	c20	ok	0.071
12003	c20	ok	0.213
12098	c20	ok	0.249
12501	c20	ok	0.213
12692	c20	ok	0.140
13060	c20	ok	0.138
13083	c20	ok	0.312
13229	c20	ok	0.221
13650	c20	ok	0.141
13664	c20	ok	0.327
13802	c20	ok	0.065
13876	c20	ok	0.320
13951	c20	ok	0.067
13981	c20	ok	0.070
14391	c20	ok	0.246
14912	c20	ok	0.139
14919	c20	ok	0.251
5321	c20	ok	0.214
6036	c20	ok	0.128
6148	c20	ok	0.213
7633	c20	ok	0.217
7972	c20	ok	0.223
9795	c20	ok	0.175
19496	c20	ok	0.016
19012	c20	ok	0.002
19373	c20	ok	0.002
18870	c20	ok	0.002
19015	c20	ok	0.002
17109	c20	ok	0.002
17728	c20	ok	0.002
19384	c20	ok	0.002
18178	c20	ok	0.001
16744	c20	ok	0.127
17299	c20	ok	0.127
17488	c20	ok	0.009
16279	c20	ok	0.009
12545	c20	ok	0.008
14403	c20	ok	0.008
11186	c20	ok	0.008
12399	c20	ok	0.008
14326	c20	ok	0.003
13568	c20	ok	0.011
16487	c20	ok	0.003
19386	c20	ok	0.038
17545	c20	ok	0.037
17766	c20	ok	0.036
19581	c20	ok	0.036
19893	c20	ok	0.016
19431	c20	ok	0.084
17394	c20	ok	0.089
16669	c20	ok	0.091
18175	c20	ok	0.046
19143	c20	ok	0.099
15903	c20	ok	0.138
17563	c20	ok	0.137
16527	c20	ok	0.132
17707	c20	ok	0.090
18454	c20	ok	0.089
19680	c20	ok	0.087
17779	c20	ok	0.089
19263	c20	ok	0.087
19960	c20	ok	0.155
10941	c21	ok	0.011
13468	c21	ok	0.010
12046	c21	ok	0.010
12472	c21	ok	0.010
11286	c21	ok	0.010
14548	c21	ok	0.010
13880	c21	ok	0.010
12903	c21	ok	0.010
12196	c21	ok	0.005
12632	c21	ok	0.002
10113	c21	ok	0.002
11514	c21	ok	0.002
13587	c21	ok	0.001
11077	c21	ok	0.001
11782	c21	ok	0.001
12713	c21	ok	0.000
12088	c21	ok	0.056
11965	c21	ok	0.276
14523	c21	ok	0.271
10166	c21	ok	0.058
14367	c21	ok	0.007
14259	c21	ok	0.068
14730	c21	ok	0.025
18441	c21	ok	0.086
19727	c21	ok	0.091
15963	c21	ok	0.077
17752	c21	ok	0.080
18278	c21	ok	0.089
17363	c21	ok	0.092
16383	c21	ok	0.084
16219	c21	ok	0.095
19667	c21	ok	0.095
10379	c21	ok	0.059
14140	c21	ok	0.229
11275	c21	ok	0.267
17156	c21	ok	0.073
17257	c21	ok	0.028
17041	c21	ok	0.081
18453	c21	ok	0.028
19904	c21	ok	0.034
13619	c21	ok	0.039
12544	c21	ok	0.025
13993	c21	ok	0.028
14872	c21	ok	0.004
10136	c21	ok	0.418
17410	c21	ok	0.020
17127	c21	ok	0.080
19453	c21	ok	0.065
19755	c21	ok	0.071
16138	c21	ok	0.195
19881	c21	ok	0.116
15448	c21	ok	0.106
15915	c21	ok	0.149
15203	c21	ok	0.202
19936	c21	ok	0.358
19938	c21	ok	0.231
14582	c21	ok	0.108
11823	c21	ok	0.161
10896	c21	ok	0.043
16296	c21	ok	0.181
10709	c21	ok	0.098
13240	c21	ok	0.053
14462	c21	ok	0.571
11527	c21	ok	0.053
11766	c21	ok	0.058
14134	c21	ok	0.381
10016	c21	ok	0.060
11460	c21	ok	0.571
11873	c21	ok	0.372
14348	c21	ok	0.024
12524	c21	ok	0.394
10310	c21	ok	0.374
12094	c21	ok	0.059
14368	c21	ok	0.116
12242	c21	ok	0.057
10093	c21	ok	0.302
13610	c21	ok	0.171
13119	c21	ok	0.238
13050	c21	ok	0.005
11833	c21	ok	0.004
12804	c21	ok	0.007
13931	c21	ok	0.001
14836	c21	ok	0.001
12148	c21	ok	0.005
12463	c21	ok	0.078
10532	c21	ok	0.002
11614	c21	ok	0.011
12897	c21	ok	0.013
13769	c21	ok	0.001
17434	c21	ok	0.279
15153	c21	ok	0.048
19065	c21	ok	0.064
17120	c21	ok	0.390
10316	c21	ok	0.081
13421	c21	ok	0.046
16677	c21	ok	0.038
16250	c21	ok	0.058
11307	c21	ok	0.012
14481	c21	ok	0.476
10965	c21	ok	0.380
11312	c21	ok	0.365
12928	c21	ok	0.027
12522	c21	ok	1.922
11543	c21	ok	0.106
10486	c21	ok	0.132
19337	c22	ok	0.073
17173	c22	ok	0.073
16535	c22	ok	0.081
16023	c22	ok	0.081
17871	c22	ok	0.074
19629	c22	ok	0.070
16513	c22	ok	0.106
15225	c22	ok	0.084
18739	c22	ok	0.084
16141	c22	ok	0.080
16297	c22	ok	0.079
17296	c22	ok	0.078
17866	c22	ok	0.073
16502	c22	ok	0.078
19025	c22	ok	0.069
18959	c22	ok	0.077
15120	c22	ok	0.075
12732	c22	ok	0.149
15330	c22	ok	0.077
15128	c22	ok	0.119
15806	c22	ok	0.119
18746	c22	ok	0.061
12018	c22	ok	0.133
15152	c22	ok	0.006
16443	c22	ok	0.007
18312	c22	ok	0.007
17164	c22	ok	0.009
16325	c22	ok	0.010
11375	c22	ok	0.023
10698	c22	ok	0.030
10434	c22	ok	0.049
14454	c22	ok	0.033
13101	c22	ok	0.046
12932	c22	ok	0.009
12921	c22	ok	0.009
14412	c22	ok	0.009
10651	c22	ok	0.640
10247	c22	ok	0.011
13874	c22	ok	0.011
13465	c22	ok	0.000
11587	c22	ok	0.000
12650	c22	ok	0.001
14429	c22	ok	0.065
14477	c22	ok	0.043
12118	c22	ok	0.009
13007	c22	ok	0.001
13105	c22	ok	0.013
10149	c22	ok	0.028
10587	c22	ok	0.162
13635	c22	ok	0.002
12855	c22	ok	0.302
13648	c22	ok	0.048
13871	c22	ok	0.101
10365	c22	ok	0.299
12360	c22	ok	6.923
14099	c22	ok	0.629
13588	c22	ok	0.636
10706	c22	ok	0.074
11022	c22	ok	0.124
10892	c22	ok	0.156
10819	c22	ok	0.091
10350	c22	ok	0.234
14649	c22	ok	0.063
14771	c22	ok	0.582
13211	c22	ok	0.076
11319	c22	ok	0.106
14214	c22	ok	0.805
13558	c22	ok	0.000
11490	c22	ok	0.000
12437	c22	ok	0.001
10689	c22	ok	0.000
13584	c22	ok	0.000
14893	c22	ok	0.013
10797	c22	ok	0.000
12002	c22	ok	0.000
11102	c22	ok	0.000
10826	c22	ok	0.003
12347	c22	ok	0.025
14879	c22	ok	0.009
15417	c22	ok	0.004
18042	c22	ok	0.004
15303	c22	ok	0.004
17946	c22	ok	0.004
18054	c22	ok	0.004
17196	c22	ok	0.004
11229	c22	ok	0.008
14297	c22	ok	0.008
13497	c22	ok	0.008
12894	c22	ok	0.023
12462	c22	ok	0.498
15988	c22	ok	0.035
15825	c22	ok	0.038
15528	c22	ok	0.036
15077	c22	ok	0.036
15045	c22	ok	0.035
15266	c22	ok	0.043
16874	c22	ok	0.048
17953	c22	ok	0.047
16943	c22	ok	0.106
11602	c22	ok	0.080
19669	c23	ok	0.096
16166	c23	ok	0.099
15234	c23	ok	0.010
15619	c23	ok	0.006
19010	c23	ok	0.009
16241	c23	ok	0.011
17974	c23	ok	0.010
19106	c23	ok	0.171
15032	c23	ok	0.185
11004	c23	ok	0.778
11613	c23	ok	0.736
11035	c23	ok	0.011
13566	c23	ok	0.024
13724	c23	ok	0.016
17339	c23	ok	0.166
16453	c23	ok	0.072
16589	c23	ok	0.075
14293	c23	ok	0.069
18701	c23	ok	0.063
12640	c23	ok	0.147
10708	c23	ok	0.075
12247	c23	ok	0.152
19394	c23	ok	0.117
19620	c23	ok	0.119
19520	c23	ok	0.051
11143	c23	ok	0.170
13338	c23	ok	0.015
13037	c23	ok	0.065
14087	c23	ok	0.116
13225	c23	ok	0.608
14039	c23	ok	0.610
12941	c23	ok	0.072
10860	c23	ok	0.110
13544	c23	ok	0.068
13237	c23	ok	0.078
13352	c23	ok	0.076
14458	c23	ok	0.009
14533	c23	ok	0.010
10220	c23	ok	0.010
12927	c23	ok	0.000
14136	c23	ok	0.009
11178	c23	ok	0.050
11550	c23	ok	0.088
11370	c23	ok	0.036
10995	c23	ok	0.009
14046	c23	ok	0.257
11578	c23	ok	0.046
14569	c23	ok	0.001
14938	c23	ok	0.000
12915	c23	ok	0.000
10551	c23	ok	0.022
13943	c23	ok	0.014
19984	c23	ok	0.130
14830	c23	ok	0.167
11928	c23	ok	12.875
12816	c23	ok	0.010
12255	c23	ok	0.425
14050	c23	ok	0.435
15336	c23	ok	0.169
15590	c23	ok	0.167
10531	c23	ok	0.046
12547	c23	ok	0.045
14124	c23	ok	0.029
19783	c23	ok	0.171
12197	c23	ok	14.782
14584	c23	ok	14.704
10850	c23	ok	0.173
10948	c23	ok	0.133
11196	c23	ok	1.290
12304	c23	ok	0.092
13592	c23	ok	0.438
12112	c23	ok	0.071
13271	c23	ok	0.083
13792	c23	ok	0.167
11409	c23	ok	0.046
14659	c23	ok	0.007
13848	c23	ok	0.009
12531	c23	ok	0.010
11622	c23	ok	0.060
11144	c23	ok	0.535
18626	c23	ok	0.082
13328	c23	ok	0.069
14415	c23	ok	0.003
10694	c23	ok	0.003
11059	c23	ok	0.144
12984	c23	ok	0.001
10514	c23	ok	0.000
14787	c23	ok	0.001
10641	c23	ok	0.000
10261	c23	ok	0.010
10306	c23	ok	0.172
11998	c23	ok	0.032
19344	c23	ok	0.120
14908	c23	ok	0.118
14274	c23	ok	0.042
10662	c23	ok	0.101
12248	c23	ok	0.228
13473	c23	ok	0.152
14749	c23	ok	0.138
13538	c23	ok	0.364
11735	c24	ok	0.012
10300	c24	ok	0.005
14153	c24	ok	0.385
12085	c24	ok	0.317
14267	c24	ok	0.145
10717	c24	ok	0.347
14551	c24	ok	0.037
13727	c24	ok	0.313
11636	c24	ok	1.334
11133	c24	ok	0.176
12010	c24	ok	0.045
11487	c24	ok	1.220
13053	c24	ok	0.397
14343	c24	ok	0.045
12235	c24	ok	0.313
12578	c24	ok	0.643
10573	c24	ok	0.455
13018	c24	ok	0.087
11227	c24	ok	0.951
11349	c24	ok	0.388
12312	c24	ok	0.689
14215	c24	ok	0.868
12963	c24	ok	0.178
13717	c24	ok	0.377
11383	c24	ok	0.185
14993	c24	ok	0.337
10530	c24	ok	0.386
12976	c24	ok	0.414
10076	c24	ok	0.059
11462	c24	ok	0.184
11516	c24	ok	0.050
13301	c24	ok	0.400
14951	c24	ok	0.044
11737	c24	ok	0.375
12445	c24	ok	0.066
13387	c24	ok	0.357
14045	c24	ok	0.321
10792	c24	ok	0.887
10008	c24	ok	0.051
13730	c24	ok	0.111
13941	c24	ok	0.149
12750	c24	ok	0.080
11252	c24	ok	0.034
13263	c24	ok	0.749
10422	c24	ok	0.024
14421	c24	ok	0.118
13315	c24	ok	0.072
14400	c24	ok	0.166
11362	c24	ok	0.259
10010	c24	ok	0.040
12853	c24	ok	0.170
12328	c24	ok	0.000
13017	c24	ok	0.006
13485	c24	ok	0.000
13734	c24	ok	0.001
11330	c25	ok	0.398
14510	c25	ok	0.345
14261	c25	ok	0.362
11105	c25	ok	0.459
12486	c25	ok	0.932
10169	c25	ok	0.071
11269	c25	ok	0.364
11070	c25	ok	0.045
11794	c25	ok	0.091
14061	c25	ok	0.394
13441	c25	ok	1.371
14599	c25	ok	0.046
14588	c25	ok	0.058
10936	c25	ok	0.148
14003	c25	ok	0.109
10612	c25	ok	0.980
13813	c25	ok	1.244
12783	c25	ok	0.051
12589	c25	ok	0.316
12264	c25	ok	0.245
12478	c25	ok	0.065
13126	c25	ok	0.129
13163	c25	ok	0.001
11444	c25	ok	0.000
12303	c25	ok	0.052
10937	c25	ok	0.054
11929	c25	ok	0.047
14512	c25	ok	0.097
11200	c25	ok	0.024
12620	c25	ok	0.027
10581	c25	ok	0.038
14815	c25	ok	0.040
12134	c25	ok	0.042
10668	c25	ok	0.048
14598	c25	ok	0.021
12168	c25	ok	0.024
14753	c25	ok	0.033
11974	c25	ok	0.004
12451	c25	ok	0.051
12061	c25	ok	0.032
10189	c25	ok	0.005
14308	c25	ok	0.014
10771	c25	ok	0.006
12946	c25	ok	0.011
14973	c25	ok	0.000
19028	c25	ok	0.063
18157	c25	ok	0.081
17825	c25	ok	0.073
10342	c25	ok	0.022
15726	c25	ok	0.044
15994	c25	ok	0.119
17599	c25	ok	0.043
11212	c25	ok	0.135
14926	c25	ok	0.016
19301	c25	ok	0.004
13325	c26	ok	0.051
10737	c26	ok	0.087
11251	c26	ok	0.211
14420	c26	ok	0.004
10872	c26	ok	0.045
14943	c26	ok	0.066
10435	c26	ok	0.004
11266	c26	ok	0.010
10130	c26	ok	0.010
11479	c26	ok	0.004
13826	c26	ok	0.024
14999	c26	ok	0.004
10909	c26	ok	0.082
13114	c26	ok	0.026
12194	c26	ok	0.026
11702	c26	ok	0.020
11792	c26	ok	0.071
13992	c26	ok	0.067
11778	c26	ok	0.412
10356	c26	ok	0.077
14942	c26	ok	0.114
13410	c26	ok	0.112
13143	c26	ok	0.002
14567	c26	ok	0.148
13314	c26	ok	0.236
11600	c26	ok	0.039
16076	c26	ok	0.408
15390	c26	ok	0.239
11235	c26	ok	0.469
11944	c26	ok	0.053
14853	c26	ok	0.418
14673	c26	ok	0.283
11493	c26	ok	0.432
19011	c26	ok	0.177
14752	c26	ok	0.193
14794	c26	ok	0.027
19911	c26	ok	0.116
13020	c26	ok	0.094
14271	c26	ok	0.148
12831	c26	ok	0.147
13151	c26	ok	0.069
10371	c26	ok	0.026
10907	c26	ok	0.043
18229	c26	ok	0.094
14008	c26	ok	0.177
14160	c26	ok	0.253
11006	c26	ok	0.044
10898	c26	ok	1.163
14324	c26	ok	0.448
13175	c26	ok	0.265
10900	c26	ok	0.060
13816	c26	ok	0.006
10026	c27	ok	0.626
11119	c27	ok	0.147
12435	c27	ok	5.340
11774	c27	ok	0.616
13217	c27	ok	2.926
12042	c27	ok	0.432
13900	c27	ok	5.357
10255	c27	ok	0.510
10752	c27	ok	0.733
10448	c27	ok	0.506
11173	c27	ok	0.585
11971	c27	ok	0.537
13489	c27	ok	0.096
10873	c27	ok	0.035
13149	c27	ok	2.803
13967	c27	ok	0.432
13958	c27	ok	0.065
11272	c27	ok	0.093
10271	c27	ok	0.038
11535	c27	ok	0.277
12074	c27	ok	0.389
11461	c27	ok	0.075
12129	c27	ok	0.648
14875	c27	ok	0.437
12628	c27	ok	0.314
12226	c27	ok	0.032
10568	c27	ok	1.430
14762	c27	ok	0.051
11450	c27	ok	0.571
10447	c27	ok	13.689
12116	c27	ok	0.094
12119	c27	ok	0.935
13705	c27	ok	1.561
10982	c27	ok	0.032
12258	c27	ok	0.231
13965	c27	ok	18.211
13896	c27	ok	0.334
10606	c27	ok	0.297
14281	c27	ok	0.452
13506	c27	ok	0.180
11666	c27	ok	0.179
14792	c27	ok	0.184
12636	c27	ok	0.032
7551	c27	ok	0.053
12349	c27	ok	0.006
13375	c27	ok	0.011
13307	c27	ok	0.540
11834	c27	ok	0.009
12471	c27	ok	0.023
13133	c27	ok	0.003
14596	c27	ok	0.093
10604	c27	ok	0.002
13674	c28	ok	0.396
11489	c28	ok	0.046
10150	c28	ok	0.523
10899	c28	ok	0.037
11649	c28	ok	0.038
10846	c28	ok	0.037
14952	c28	ok	0.676
11892	c28	ok	0.541
10351	c28	ok	0.203
11712	c28	ok	0.363
13124	c28	ok	0.454
12617	c28	ok	0.075
10193	c28	ok	0.065
14785	c28	ok	0.037
10427	c28	ok	0.036
14931	c28	ok	0.063
10539	c28	ok	0.038
10288	c28	ok	0.033
12261	c28	ok	0.034
13426	c28	ok	0.401
10747	c28	ok	0.541
13629	c28	ok	0.677
14378	c28	ok	1.158
11765	c28	ok	0.058
14687	c28	ok	0.039
12919	c28	ok	0.268
14423	c28	ok	0.003
14935	c28	ok	0.010
12811	c28	ok	0.005
10380	c28	ok	0.001
13720	c28	ok	12.533
10618	c28	ok	1.995
14409	c28	ok	0.528
13182	c28	ok	0.054
13834	c28	ok	0.493
13736	c28	ok	0.501
11325	c28	ok	1.581
13988	c28	ok	0.390
11180	c28	ok	0.244
14729	c28	ok	0.571
14113	c28	ok	2.036
13204	c28	ok	0.298
13257	c28	ok	0.384
11427	c28	ok	0.754
11969	c28	ok	0.848
14079	c28	ok	0.096
10962	c28	ok	44.681
13978	c28	ok	0.615
14520	c28	ok	0.546
11434	c28	ok	45.565
14779	c28	ok	0.257
12603	c28	ok	0.243
14381	c28	ok	0.119
12058	c28	ok	0.024
15146	c29	ok	0.013
18658	c29	ok	0.013
17889	c29	ok	0.013
19579	c29	ok	0.013
15810	c29	ok	0.013
19670	c29	ok	0.009
15171	c29	ok	0.013
15384	c29	ok	0.013
15480	c29	ok	0.013
15598	c29	ok	0.013
15861	c29	ok	0.013
16345	c29	ok	0.014
16727	c29	ok	0.013
19397	c29	ok	0.013
17928	c29	ok	0.009
19254	c29	ok	0.013
15114	c29	ok	0.013
17045	c29	ok	0.013
17604	c29	ok	0.013
15363	c29	ok	0.013
16192	c29	ok	0.024
14375	c29	ok	0.013
10099	c29	ok	0.013
10347	c29	ok	0.013
12872	c29	ok	0.013
11014	c29	ok	0.018
13836	c29	ok	0.018
14455	c29	ok	0.041
13241	c29	ok	0.003
10869	c29	ok	0.215
11719	c29	ok	0.301
10171	c29	ok	0.029
13282	c29	ok	1.366
12548	c29	ok	1.155
10386	c29	ok	0.339
13906	c29	ok	0.122
10078	c29	ok	0.072
13192	c29	ok	12.487
11872	c29	ok	0.568
12953	c29	ok	0.254
11545	c29	ok	0.078
14185	c29	ok	0.229
11563	c29	ok	0.095
12821	c29	ok	44.122
12335	c29	ok	0.113
6050	c29	ok	0.174
12174	c29	ok	0.199
14233	c29	ok	0.064
10786	c29	ok	0.089
12975	c29	ok	0.061
13369	c29	ok	1.114
10589	c29	ok	0.947
12670	c29	ok	0.031
11308	c29	ok	0.083
14901	c29	ok	0.129
19370	c30	ok	0.015
16609	c30	ok	0.029
17332	c30	ok	0.029
19841	c30	ok	0.017
15016	c30	ok	0.021
17078	c30	ok	0.021
17475	c30	ok	0.020
17715	c30	ok	0.019
17849	c30	ok	0.019
11010	c30	ok	0.020
15601	c30	ok	0.019
17648	c30	ok	0.265
12541	c30	ok	0.011
12936	c30	ok	0.167
12410	c30	ok	0.047
10895	c30	ok	0.119
14907	c30	ok	0.584
11255	c30	ok	12.599
12665	c30	ok	0.046
10377	c30	ok	2.845
14517	c30	ok	2.844
14645	c30	ok	2.779
12492	c30	ok	0.233
11256	c30	ok	0.239
10415	c30	ok	0.329
14782	c30	ok	0.395
13155	c30	ok	0.472
11197	c30	ok	0.097
13386	c30	ok	0.461
11374	c30	ok	0.083
11648	c30	ok	0.145
13557	c30	ok	0.154
11353	c30	ok	0.146
14112	c30	ok	0.007
11264	c30	ok	0.009
10252	c30	ok	0.022
14460	c30	ok	0.010
14561	c30	ok	0.030
12234	c30	ok	0.010
10535	c30	ok	0.001
13486	c30	ok	0.039
10657	c30	ok	0.053
11210	c30	ok	0.058
14709	c30	ok	0.053
11860	c30	ok	0.054
10888	c30	ok	0.010
12222	c30	ok	0.078
10346	c30	ok	0.010
12648	c30	ok	0.032
12879	c30	ok	0.026
11858	c30	ok	0.013
12858	c30	ok	0.000
13785	c30	ok	0.000
13758	c30	ok	0.001
13741	c30	ok	0.001
14121	c30	ok	0.007
10966	c30	ok	0.042
14821	c30	ok	0.016
13068	c30	ok	0.010
12382	c30	ok	0.011
13479	c31	ok	0.668
14183	c31	ok	0.082
12245	c31	ok	5.590
11689	c31	ok	0.650
13887	c31	ok	0.326
12205	c31	ok	0.325
10395	c31	ok	0.361
11065	c31	ok	0.134
11821	c31	ok	0.269
10417	c31	ok	0.338
10718	c31	ok	0.277
14874	c31	ok	0.111
14286	c31	ok	5.327
13603	c31	ok	43.624
12149	c31	ok	43.755
14991	c31	ok	0.274
13098	c31	ok	5.750
10023	c31	ok	0.333
13043	c31	ok	0.046
10994	c31	ok	0.160
19314	c31	ok	0.167
11784	c31	ok	0.311
12503	c31	ok	0.443
13659	c31	ok	0.230
11869	c31	ok	0.059
12111	c31	ok	0.457
13366	c31	ok	0.177
13632	c31	ok	0.091
14065	c31	ok	0.090
13365	c31	ok	0.072
13232	c31	ok	0.363
12515	c31	ok	0.106
14328	c31	ok	0.345
13174	c31	ok	0.408
14319	c31	ok	0.064
11011	c31	ok	0.336
11253	c31	ok	0.110
12685	c31	ok	0.395
12366	c31	ok	0.867
12480	c31	ok	0.041
11732	c31	ok	0.458
14066	c31	ok	0.053
10824	c31	ok	0.167
14930	c31	ok	0.035
14543	c31	ok	0.022
11935	c31	ok	0.005
11990	c31	ok	0.004
12870	c31	ok	0.004
12461	c31	ok	0.004
12999	c31	ok	0.004
13026	c31	ok	0.000
13462	c31	ok	0.111
14619	c31	ok	0.001
14223	c31	ok	0.071
14511	c31	ok	0.034
9214	c31	ok	0.082
14226	c31	ok	0.056
11058	c31	ok	0.130
11045	c31	ok	0.032
11608	c32	ok	0.064
13278	c32	ok	0.681
14358	c32	ok	0.106
10961	c32	ok	0.045
11832	c32	ok	0.048
13531	c32	ok	0.081
13500	c32	ok	0.069
13788	c32	ok	0.069
11703	c32	ok	0.171
10125	c32	ok	0.049
10403	c32	ok	0.060
10574	c32	ok	0.462
11630	c32	ok	4.099
11138	c32	ok	0.563
10861	c32	ok	0.122
10307	c32	ok	0.048
12520	c32	ok	0.053
14563	c32	ok	0.372
14228	c32	ok	0.029
13138	c32	ok	0.137
10480	c32	ok	0.309
14161	c32	ok	0.365
13362	c32	ok	0.402
12489	c32	ok	0.032
8272	c32	ok	0.644
13051	c32	ok	0.439
11938	c32	ok	0.010
10572	c32	ok	0.676
12833	c32	ok	0.213
12706	c32	ok	0.043
10809	c32	ok	0.282
10645	c32	ok	0.058
14984	c32	ok	0.619
10602	c32	ok	5.415
12904	c32	ok	44.019
13740	c32	ok	45.440
14402	c32	ok	0.251
12120	c32	ok	0.199
13055	c32	ok	1.805
10217	c32	ok	0.543
10865	c32	ok	0.480
12029	c32	ok	0.233
13766	c32	ok	0.302
10723	c32	ok	0.368
14851	c32	ok	0.112
12218	c32	ok	0.001
12639	c32	ok	0.138
11314	c32	ok	0.009
14278	c32	ok	0.004
10868	c32	ok	0.008
12060	c32	ok	0.016
12095	c32	ok	0.004
12862	c32	ok	0.023
14609	c32	ok	0.069
12985	c32	ok	0.109
10414	c33	ok	0.055
12587	c33	ok	2.290
14604	c33	ok	0.052
12581	c33	ok	0.167
12447	c33	ok	0.220
12402	c33	ok	0.670
12464	c33	ok	0.387
12184	c33	ok	0.298
14927	c33	ok	0.082
11962	c33	ok	0.075
14394	c33	ok	0.028
12030	c33	ok	0.293
10017	c33	ok	0.115
10031	c33	ok	4.866
10060	c33	ok	0.113
10061	c33	ok	0.028
10063	c33	ok	0.004
10064	c33	ok	0.084
10068	c33	ok	0.041
10111	c33	ok	0.029
10115	c33	ok	1.283
10116	c33	ok	0.042
10107	c33	ok	0.052
10108	c33	ok	3.442
10140	c33	ok	0.027
10157	c33	ok	0.029
10161	c33	ok	0.151
10177	c33	ok	0.174
10181	c33	ok	0.375
10191	c33	ok	0.557
10214	c33	ok	0.451
13253	c33	ok	0.621
13188	c33	ok	0.293
10021	c33	ok	0.233
10053	c33	ok	0.393
10092	c33	ok	0.881
10096	c33	ok	0.027
10123	c33	ok	0.364
10129	c33	ok	0.266
10179	c33	ok	44.368
10207	c33	ok	0.025
10212	c33	ok	0.042
10213	c33	ok	0.164
10218	c33	ok	0.021
10221	c33	ok	0.466
10227	c33	ok	0.044
10185	c33	ok	0.291
10187	c33	ok	0.004
10202	c33	ok	0.003
10074	c33	ok	0.016
10083	c33	ok	0.010
10118	c33	ok	0.027
10141	c33	ok	0.014
10231	c34	ok	0.337
10246	c34	ok	3.015
10256	c34	ok	0.087
10258	c34	ok	0.118
10272	c34	ok	0.034
10276	c34	ok	2.563
10304	c34	ok	0.026
10308	c34	ok	0.117
10313	c34	ok	0.019
10315	c34	ok	0.701
10318	c34	ok	0.423
10334	c34	ok	0.009
10338	c34	ok	3.330
10364	c34	ok	0.385
10370	c34	ok	0.440
10378	c34	ok	0.346
10391	c34	ok	0.108
10406	c34	ok	1.219
10418	c34	ok	0.070
10428	c34	ok	0.099
10433	c34	ok	0.009
10437	c34	ok	2.770
10438	c34	ok	0.039
10440	c34	ok	0.084
10450	c34	ok	1.343
10467	c34	ok	0.023
10469	c34	ok	0.844
10470	c34	ok	0.020
10481	c34	ok	0.019
10490	c34	ok	2.769
10491	c34	ok	0.187
10493	c34	ok	0.176
10528	c34	ok	0.036
10254	c34	ok	0.001
10283	c34	ok	0.066
10297	c34	ok	0.345
10301	c34	ok	1.049
10303	c34	ok	0.161
10314	c34	ok	0.336
10325	c34	ok	0.291
10372	c34	ok	0.718
10398	c34	ok	0.009
10408	c34	ok	0.283
10423	c34	ok	0.330
10432	c34	ok	0.576
10443	c34	ok	0.030
10496	c34	ok	44.570
10497	c34	ok	0.175
10501	c34	ok	0.501
10509	c34	ok	0.154
10478	c34	ok	0.012
10543	c35	ok	0.127
10547	c35	ok	0.237
10549	c35	ok	0.000
10550	c35	ok	0.017
10552	c35	ok	0.076
10553	c35	ok	0.005
10563	c35	ok	0.020
10566	c35	ok	0.829
10569	c35	ok	0.031
10583	c35	ok	0.063
10591	c35	ok	2.929
10592	c35	ok	0.003
10597	c35	ok	0.178
10600	c35	ok	0.025
10605	c35	ok	0.410
10610	c35	ok	3.104
10611	c35	ok	0.064
10621	c35	ok	0.024
10631	c35	ok	0.043
10635	c35	ok	0.001
10640	c35	ok	0.010
10643	c35	ok	0.004
10646	c35	ok	0.052
10649	c35	ok	0.007
10652	c35	ok	0.278
10653	c35	ok	0.007
10654	c35	ok	0.013
10660	c35	ok	0.448
10661	c35	ok	0.344
10667	c35	ok	0.058
10675	c35	ok	0.006
10679	c35	ok	0.191
10705	c35	ok	0.024
10707	c35	ok	0.437
10710	c35	ok	0.032
10714	c35	ok	0.001
10715	c35	ok	0.003
10716	c35	ok	0.075
10724	c35	ok	0.091
10725	c35	ok	0.071
10729	c35	ok	0.100
10734	c35	ok	0.030
10735	c35	ok	0.018
10743	c35	ok	0.018
10748	c35	ok	4.924
10751	c35	ok	0.170
10756	c35	ok	0.045
10757	c35	ok	0.048
10768	c35	ok	0.142
10785	c35	ok	0.059
10791	c35	ok	0.064
10794	c35	ok	0.017
10796	c36	ok	0.221
10798	c36	ok	0.004
10799	c36	ok	0.012
10803	c36	ok	0.001
10847	c36	ok	0.026
10848	c36	ok	0.004
10852	c36	ok	0.004
10863	c36	ok	0.097
10867	c36	ok	0.342
10875	c36	ok	0.196
10886	c36	ok	0.257
10903	c36	ok	0.034
10910	c36	ok	0.441
10912	c36	ok	0.388
10916	c36	ok	0.067
10924	c36	ok	0.038
10934	c36	ok	0.415
10950	c36	ok	6.745
10952	c36	ok	0.874
10955	c36	ok	0.405
10960	c36	ok	0.124
10969	c36	ok	18.832
10971	c36	ok	0.225
10973	c36	ok	0.047
10974	c36	ok	0.631
10978	c36	ok	0.071
10993	c36	ok	0.048
11002	c36	ok	0.019
11008	c36	ok	0.009
11012	c36	ok	0.003
11024	c36	ok	0.093
11026	c36	ok	0.022
11029	c36	ok	0.131
11034	c36	ok	0.004
11040	c36	ok	0.004
11053	c36	ok	0.067
11068	c36	ok	0.086
11074	c36	ok	0.869
11075	c36	ok	0.494
11082	c36	ok	0.164
11090	c36	ok	0.282
11091	c36	ok	0.278
11092	c36	ok	0.040
11096	c36	ok	0.253
11113	c37	ok	0.072
11115	c37	ok	0.243
11118	c37	ok	0.187
11122	c37	ok	0.012
11131	c37	ok	0.025
11135	c37	ok	0.067
11148	c37	ok	0.045
11150	c37	ok	0.218
11152	c37	ok	0.003
11153	c37	ok	0.057
11154	c37	ok	0.889
11165	c37	ok	0.034
11181	c37	ok	0.118
11187	c37	ok	0.031
11190	c37	ok	0.016
11205	c37	ok	0.058
11207	c37	ok	0.078
11215	c37	ok	0.071
11218	c37	ok	0.029
11220	c37	ok	0.035
11221	c37	ok	0.037
11224	c37	ok	3.088
11225	c37	ok	2.802
11226	c37	ok	0.105
11240	c37	ok	0.029
11242	c37	ok	0.032
11243	c37	ok	0.067
11245	c37	ok	0.261
11246	c37	ok	0.006
11267	c37	ok	0.005
11268	c37	ok	0.045
11270	c37	ok	0.281
11274	c37	ok	0.071
11280	c37	ok	0.005
11282	c37	ok	0.033
11284	c37	ok	0.322
11285	c37	ok	0.175
11315	c37	ok	0.049
11322	c37	ok	0.048
11326	c37	ok	0.385
11333	c37	ok	0.008
11342	c37	ok	0.044
11346	c37	ok	4.977
11351	c37	ok	0.033
11352	c37	ok	0.285
11357	c37	ok	0.002
11358	c37	ok	0.024
11363	c37	ok	0.420
11366	c37	ok	0.005
11373	c37	ok	0.030
11376	c37	ok	0.221
11384	c37	ok	0.272
11392	c37	ok	0.007
11393	c37	ok	0.497
11395	c38	ok	0.017
11404	c38	ok	0.091
11406	c38	ok	0.040
11422	c38	ok	2.837
11423	c38	ok	0.312
11425	c38	ok	0.015
11430	c38	ok	0.224
11449	c38	ok	0.288
11465	c38	ok	0.018
11466	c38	ok	0.066
11468	c38	ok	0.033
11494	c38	ok	0.032
11495	c38	ok	0.140
11504	c38	ok	0.010
11508	c38	ok	0.120
11520	c38	ok	0.415
11524	c38	ok	0.078
11530	c38	ok	0.110
11532	c38	ok	0.548
11539	c38	ok	0.110
11551	c38	ok	0.037
11556	c38	ok	0.145
11561	c38	ok	0.032
11564	c38	ok	0.390
11566	c38	ok	0.055
11567	c38	ok	0.022
11571	c38	ok	0.049
11593	c38	ok	0.167
11610	c38	ok	0.026
11623	c38	ok	0.168
11626	c38	ok	0.419
11635	c38	ok	0.097
11640	c38	ok	2.752
11647	c38	ok	1.311
11654	c38	ok	0.274
11655	c38	ok	0.530
11676	c38	ok	0.010
11677	c38	ok	0.208
11678	c38	ok	0.115
11687	c38	ok	0.335
11693	c38	ok	0.403
11701	c38	ok	0.092
11706	c38	ok	0.067
11714	c38	ok	0.008
11720	c38	ok	0.237
11724	c38	ok	18.849
11727	c38	ok	0.320
11730	c38	ok	0.387
11743	c38	ok	0.017
11744	c39	ok	0.034
11760	c39	ok	0.031
11771	c39	ok	0.120
11787	c39	ok	0.575
11802	c39	ok	0.398
11815	c39	ok	0.025
11819	c39	ok	0.023
11826	c39	ok	0.190
11837	c39	ok	0.072
11845	c39	ok	0.001
11851	c39	ok	0.064
11875	c39	ok	0.165
11883	c39	ok	0.412
11887	c39	ok	0.119
11894	c39	ok	0.307
11905	c39	ok	0.275
11909	c39	ok	2.930
11913	c39	ok	0.047
11922	c39	ok	0.021
11926	c39	ok	0.002
11937	c39	ok	0.794
11940	c39	ok	0.041
11946	c39	ok	0.183
11948	c39	ok	0.418
11959	c39	ok	0.038
11961	c39	ok	0.023
11964	c39	ok	0.067
11977	c39	ok	0.021
11985	c39	ok	0.012
11995	c39	ok	0.292
12000	c39	ok	0.055
12001	c39	ok	0.311
12006	c39	ok	0.158
12012	c39	ok	0.002
12014	c39	ok	0.089
12021	c39	ok	0.306
12023	c39	ok	0.481
12031	c39	ok	0.015
12033	c39	ok	0.170
12056	c39	ok	3.453
12059	c39	ok	0.034
12064	c39	ok	0.581
12070	c39	ok	0.464
12073	c39	ok	0.063
12076	c39	ok	0.006
12081	c39	ok	3.193
12082	c39	ok	0.021
12084	c39	ok	0.035
12089	c39	ok	0.445
12110	c39	ok	0.255
12115	c39	ok	0.080
12117	c39	ok	0.127
12123	c39	ok	0.074
12128	c39	ok	0.420
12130	c39	ok	0.037
12132	c39	ok	0.043
12136	c39	ok	0.281
12142	c40	ok	0.360
12143	c40	ok	0.034
12144	c40	ok	0.451
12145	c40	ok	0.280
12161	c40	ok	0.387
12163	c40	ok	0.179
12178	c40	ok	0.169
12180	c40	ok	0.033
12189	c40	ok	0.434
12206	c40	ok	0.297
12210	c40	ok	0.022
12216	c40	ok	0.050
12220	c40	ok	0.039
12225	c40	ok	0.018
12249	c40	ok	0.076
12250	c40	ok	3.397
12257	c40	ok	0.004
12260	c40	ok	0.157
12269	c40	ok	0.006
12270	c40	ok	0.436
12278	c40	ok	0.570
12280	c40	ok	0.043
12292	c40	ok	14.141
12298	c40	ok	0.145
12313	c40	ok	0.892
12323	c40	ok	18.872
12329	c40	ok	0.020
12330	c40	ok	0.423
12331	c40	ok	0.002
12332	c40	ok	0.204
12337	c40	ok	0.059
12339	c40	ok	0.150
12350	c40	ok	8.407
12358	c40	ok	0.037
12363	c40	ok	0.224
12370	c40	ok	0.197
12381	c40	ok	0.361
12389	c40	ok	0.434
12393	c40	ok	0.410
12396	c40	ok	0.007
12411	c40	ok	0.052
12414	c40	ok	0.108
12436	c40	ok	0.454
12440	c40	ok	0.073
12441	c40	ok	0.004
12455	c40	ok	0.769
12470	c40	ok	0.044
12477	c40	ok	0.505
12482	c40	ok	0.001
12491	c40	ok	1.806
12500	c40	ok	0.007
12506	c40	ok	19.223
12509	c41	ok	0.111
12523	c41	ok	0.283
12525	c41	ok	0.044
12529	c41	ok	0.178
12533	c41	ok	0.041
12546	c41	ok	0.025
12555	c41	ok	0.120
12556	c41	ok	2.567
12557	c41	ok	0.187
12560	c41	ok	0.024
12575	c41	ok	0.039
12594	c41	ok	0.135
12595	c41	ok	0.089
12597	c41	ok	0.230
12600	c41	ok	0.239
12606	c41	ok	0.258
12613	c41	ok	0.003
12621	c41	ok	0.179
12638	c41	ok	0.033
12641	c41	ok	0.025
12643	c41	ok	0.031
12646	c41	ok	0.134
12647	c41	ok	0.054
12653	c41	ok	0.006
12659	c41	ok	3.275
12660	c41	ok	0.281
12668	c41	ok	0.005
12675	c41	ok	0.692
12678	c41	ok	3.219
12680	c41	ok	0.014
12688	c41	ok	0.164
12698	c41	ok	0.003
12704	c41	ok	0.029
12711	c41	ok	0.091
12717	c41	ok	0.095
12718	c41	ok	0.003
12719	c41	ok	0.199
12720	c41	ok	0.100
12724	c41	ok	0.149
12742	c41	ok	0.182
12754	c41	ok	0.181
12755	c41	ok	0.312
12761	c41	ok	0.033
12768	c41	ok	0.003
12769	c41	ok	0.012
12777	c41	ok	0.086
12780	c41	ok	2.985
12790	c41	ok	0.005
12794	c41	ok	0.029
12799	c41	ok	0.056
12807	c42	ok	0.004
12815	c42	ok	0.013
12818	c42	ok	0.501
12826	c42	ok	2.802
12827	c42	ok	0.028
12850	c42	ok	0.612
12875	c42	ok	0.050
12880	c42	ok	0.143
12881	c42	ok	0.456
12883	c42	ok	0.192
12885	c42	ok	0.022
12902	c42	ok	0.011
12906	c42	ok	0.031
12912	c42	ok	0.020
12920	c42	ok	0.076
12923	c42	ok	0.096
12926	c42	ok	0.003
12929	c42	ok	0.226
12957	c42	ok	0.047
12961	c42	ok	0.003
12965	c42	ok	0.367
12969	c42	ok	0.678
12972	c42	ok	0.034
12980	c42	ok	0.066
12983	c42	ok	0.242
12993	c42	ok	0.019
12994	c42	ok	0.000
13015	c42	ok	0.010
13016	c42	ok	0.166
13022	c42	ok	0.640
13023	c42	ok	0.082
13035	c42	ok	0.636
13061	c42	ok	0.281
13067	c42	ok	0.277
13074	c42	ok	0.544
13076	c42	ok	0.051
13079	c42	ok	0.470
13082	c42	ok	0.075
13096	c42	ok	0.179
13099	c42	ok	5.115
13106	c42	ok	0.119
13125	c42	ok	0.638
13136	c42	ok	0.183
13147	c42	ok	0.385
13150	c42	ok	0.032
13167	c42	ok	0.014
13176	c42	ok	0.510
13179	c42	ok	0.168
13180	c42	ok	0.253
13181	c42	ok	0.058
13185	c42	ok	0.249
13190	c42	ok	0.095
13197	c42	ok	0.003
13201	c42	ok	0.058
13203	c42	ok	0.007
13213	c43	ok	0.163
13216	c43	ok	0.014
13218	c43	ok	0.179
13219	c43	ok	0.162
13223	c43	ok	0.001
13244	c43	ok	0.019
13251	c43	ok	0.254
13259	c43	ok	1.327
13268	c43	ok	0.271
13272	c43	ok	0.467
13276	c43	ok	0.781
13283	c43	ok	0.036
13285	c43	ok	0.015
13286	c43	ok	0.092
13295	c43	ok	0.043
13296	c43	ok	0.491
13303	c43	ok	0.003
13308	c43	ok	0.211
13312	c43	ok	0.420
13321	c43	ok	0.036
13327	c43	ok	0.156
13334	c43	ok	0.000
13341	c43	ok	0.012
13346	c43	ok	0.056
13350	c43	ok	0.694
13351	c43	ok	0.036
13357	c43	ok	0.033
13358	c43	ok	0.172
13371	c43	ok	0.277
13390	c43	ok	0.536
13407	c43	ok	1.257
13412	c43	ok	0.003
13414	c43	ok	0.001
13415	c43	ok	0.010
13423	c43	ok	0.040
13424	c43	ok	0.167
13430	c43	ok	0.029
13433	c43	ok	0.068
13434	c43	ok	0.051
13437	c43	ok	0.330
13443	c43	ok	0.030
13445	c43	ok	0.104
13448	c43	ok	0.279
13461	c43	ok	0.174
13464	c43	ok	1.797
13466	c43	ok	0.014
13471	c43	ok	0.101
13475	c43	ok	0.055
13480	c43	ok	0.099
13481	c43	ok	0.004
13492	c43	ok	0.103
13494	c43	ok	0.232
13411	c44	ok	0.042
13496	c44	ok	0.012
13504	c44	ok	0.341
13508	c44	ok	0.178
13513	c44	ok	0.003
13517	c44	ok	0.376
13527	c44	ok	0.126
13536	c44	ok	0.045
13541	c44	ok	0.429
13542	c44	ok	0.022
13543	c44	ok	0.460
13561	c44	ok	0.180
13575	c44	ok	0.550
13579	c44	ok	0.153
13585	c44	ok	0.109
13593	c44	ok	0.197
13594	c44	ok	0.134
13604	c44	ok	0.670
13608	c44	ok	0.006
13613	c44	ok	0.164
13614	c44	ok	0.197
13625	c44	ok	0.226
13641	c44	ok	0.003
13643	c44	ok	0.225
13646	c44	ok	3.392
13653	c44	ok	0.302
13661	c44	ok	0.440
13662	c44	ok	1.513
13667	c44	ok	0.193
13683	c44	ok	0.538
13689	c44	ok	1.409
13694	c44	ok	0.122
13702	c44	ok	0.123
13714	c44	ok	0.026
13722	c44	ok	0.010
13731	c44	ok	0.453
13732	c44	ok	0.461
13733	c44	ok	0.030
13738	c44	ok	0.331
13743	c44	ok	0.122
13763	c44	ok	0.515
13764	c44	ok	0.019
13772	c44	ok	0.225
13773	c44	ok	0.006
13776	c44	ok	3.341
13778	c44	ok	0.059
13780	c44	ok	1.490
13784	c44	ok	0.298
13789	c44	ok	0.082
13794	c44	ok	0.004
13799	c44	ok	0.296
13801	c44	ok	0.006
13811	c44	ok	0.030
13832	c44	ok	0.565
13835	c44	ok	0.037
13850	c45	ok	0.021
13852	c45	ok	0.610
13858	c45	ok	0.188
13859	c45	ok	1.048
13861	c45	ok	5.566
13867	c45	ok	0.016
13869	c45	ok	0.193
13878	c45	ok	0.078
13892	c45	ok	0.354
13907	c45	ok	0.562
13911	c45	ok	0.065
13912	c45	ok	0.797
13913	c45	ok	0.233
13921	c45	ok	0.030
13923	c45	ok	0.305
13933	c45	ok	0.259
13938	c45	ok	0.023
13940	c45	ok	0.032
13945	c45	ok	0.299
13946	c45	ok	0.362
13955	c45	ok	0.016
13959	c45	ok	0.062
13964	c45	ok	0.172
13966	c45	ok	0.078
13970	c45	ok	0.048
13975	c45	ok	0.044
13977	c45	ok	0.277
13979	c45	ok	0.121
13984	c45	ok	0.032
13990	c45	ok	0.047
14000	c45	ok	0.260
14002	c45	ok	0.807
14004	c45	ok	0.056
14007	c45	ok	0.004
14015	c45	ok	0.386
14019	c45	ok	0.308
14021	c45	ok	0.749
14030	c45	ok	0.127
14057	c45	ok	0.040
14068	c45	ok	0.197
14072	c45	ok	0.695
14076	c45	ok	0.485
14095	c45	ok	0.569
14098	c45	ok	0.035
14101	c45	ok	0.045
14106	c45	ok	0.460
14109	c45	ok	0.034
14110	c45	ok	0.003
14118	c45	ok	0.044
14120	c45	ok	0.311
14130	c45	ok	0.073
14135	c45	ok	0.087
14137	c45	ok	0.007
14146	c45	ok	0.216
14156	c45	ok	0.128
14165	c45	ok	0.879
14168	c45	ok	0.065
14172	c46	ok	0.222
14173	c46	ok	0.016
14182	c46	ok	0.138
14184	c46	ok	0.021
14187	c46	ok	0.662
14191	c46	ok	0.072
14192	c46	ok	0.178
14193	c46	ok	3.318
14200	c46	ok	0.060
14208	c46	ok	0.130
14209	c46	ok	0.212
14211	c46	ok	0.445
14242	c46	ok	0.080
14250	c46	ok	0.171
14251	c46	ok	0.008
14256	c46	ok	0.007
14265	c46	ok	0.035
14266	c46	ok	0.064
14277	c46	ok	0.187
14279	c46	ok	0.017
14298	c46	ok	0.390
14299	c46	ok	0.037
14300	c46	ok	0.013
14303	c46	ok	0.027
14304	c46	ok	3.202
14305	c46	ok	0.054
14307	c46	ok	0.024
14309	c46	ok	0.203
14313	c46	ok	0.878
14316	c46	ok	0.009
14318	c46	ok	0.455
14321	c46	ok	0.444
14323	c46	ok	0.158
14327	c46	ok	0.541
14329	c46	ok	0.279
14331	c46	ok	0.265
14336	c46	ok	0.036
14337	c46	ok	0.473
14344	c46	ok	0.006
14346	c46	ok	0.056
14360	c46	ok	0.092
14372	c46	ok	0.005
14376	c46	ok	0.002
14386	c46	ok	0.014
14388	c46	ok	0.015
14401	c46	ok	0.655
14406	c46	ok	0.186
14407	c46	ok	0.201
14416	c46	ok	0.580
14418	c46	ok	0.126
14432	c46	ok	0.195
14443	c46	ok	0.027
14456	c46	ok	2.020
14465	c46	ok	0.010
14466	c47	ok	0.501
14469	c47	ok	0.195
14476	c47	ok	0.048
14479	c47	ok	0.018
14486	c47	ok	0.392
14493	c47	ok	0.199
14499	c47	ok	0.054
14513	c47	ok	0.250
14515	c47	ok	19.188
14527	c47	ok	0.029
14528	c47	ok	0.043
14529	c47	ok	0.027
14536	c47	ok	0.029
14552	c47	ok	0.603
14555	c47	ok	0.002
14560	c47	ok	0.068
14581	c47	ok	0.247
14595	c47	ok	0.030
14603	c47	ok	0.021
14606	c47	ok	0.003
14616	c47	ok	0.309
14620	c47	ok	0.328
14633	c47	ok	0.042
14634	c47	ok	0.555
14635	c47	ok	0.029
14653	c47	ok	0.031
14660	c47	ok	0.167
14661	c47	ok	0.215
14671	c47	ok	0.162
14674	c47	ok	0.034
14676	c47	ok	0.004
14682	c47	ok	0.150
14689	c47	ok	0.076
14692	c47	ok	0.340
14693	c47	ok	0.497
14694	c47	ok	0.089
14700	c47	ok	0.049
14713	c47	ok	0.629
14717	c47	ok	0.006
14735	c47	ok	0.332
14751	c47	ok	0.057
14757	c47	ok	0.102
14759	c47	ok	0.043
14770	c47	ok	0.749
14772	c47	ok	0.370
14776	c47	ok	0.008
14781	c47	ok	0.185
14784	c47	ok	0.062
14790	c47	ok	0.030
14793	c47	ok	0.006
14799	c47	ok	0.404
14807	c47	ok	0.002
14809	c47	ok	0.042
14814	c48	ok	0.476
14816	c48	ok	0.676
14819	c48	ok	0.350
14835	c48	ok	0.268
14850	c48	ok	0.049
14856	c48	ok	0.572
14860	c48	ok	0.039
14864	c48	ok	0.051
14867	c48	ok	0.266
14876	c48	ok	0.035
14885	c48	ok	0.035
14890	c48	ok	0.011
14903	c48	ok	0.005
14913	c48	ok	0.293
14920	c48	ok	0.006
14928	c48	ok	0.052
14932	c48	ok	0.635
14940	c48	ok	0.014
14944	c48	ok	0.012
14953	c48	ok	0.207
14964	c48	ok	0.264
14969	c48	ok	0.565
14990	c48	ok	0.022
14992	c48	ok	0.088
15276	c48	ok	0.008
15591	c48	ok	0.006
15896	c48	ok	0.012
17737	c48	ok	0.041
17913	c48	ok	0.040
18301	c48	ok	0.008
18638	c48	ok	0.073
18654	c48	ok	0.022
19611	c48	ok	0.005
2249	c48	ok	0.040
25231	c48	ok	0.012
25335	c48	ok	0.042
25396	c48	ok	0.386
25433	c48	ok	0.068
25554	c48	ok	0.028
25679	c48	ok	0.037
25812	c48	ok	0.084
25918	c48	ok	0.080
26182	c48	ok	0.012
26327	c48	ok	0.042
26388	c48	ok	0.036
26513	c49	ok	0.095
26637	c49	ok	0.053
27244	c49	ok	0.013
27339	c49	ok	0.008
27582	c49	ok	0.006
27651	c49	ok	0.097
27684	c49	ok	0.015
27709	c49	ok	0.093
27739	c49	ok	0.050
28007	c49	ok	0.019
28010	c49	ok	0.072
28165	c49	ok	0.050
28173	c49	ok	0.285
28604	c49	ok	0.015
28646	c49	ok	0.001
2885	c49	ok	0.063
28879	c49	ok	0.134
29086	c49	ok	0.035
29321	c49	ok	0.001
29487	c49	ok	0.010
29631	c49	ok	0.009
29726	c49	ok	0.042
29842	c49	ok	0.024
30841	c49	ok	0.031
31194	c49	ok	0.060
31614	c49	ok	0.003
33104	c49	ok	0.085
3335	c49	ok	0.352
33426	c49	ok	0.002
3453	c49	ok	0.008
3972	c49	ok	0.130
4625	c49	ok	0.012
4845	c49	ok	0.018
5004	c49	ok	0.046
5020	c49	ok	0.130
5032	c49	ok	0.002
5090	c49	ok	0.002
5112	c49	ok	0.017
5115	c49	ok	0.001
5130	c49	ok	0.020
5138	c49	ok	0.245
5157	c49	ok	0.015
5168	c49	ok	0.051
5201	c49	ok	0.038
5232	c49	ok	0.156
5262	c49	ok	0.377
5305	c49	ok	0.040
5390	c49	ok	0.012
5399	c49	ok	0.046
5407	c49	ok	0.002
5417	c49	ok	0.008
5421	c50	ok	0.022
5569	c50	ok	0.002
5572	c50	ok	0.010
5620	c50	ok	0.036
5686	c50	ok	0.024
5698	c50	ok	0.040
5719	c50	ok	0.092
5766	c50	ok	0.061
5817	c50	ok	0.015
5840	c50	ok	0.032
5843	c50	ok	0.049
5876	c50	ok	0.164
5931	c50	ok	0.112
6002	c50	ok	0.246
6055	c50	ok	0.041
6123	c50	ok	0.012
6125	c50	ok	0.026
6131	c50	ok	0.563
6154	c50	ok	0.011
6165	c50	ok	0.023
6166	c50	ok	0.010
6203	c50	ok	0.036
6259	c50	ok	0.010
6270	c50	ok	0.015
6349	c50	ok	0.022
6388	c50	ok	0.093
6394	c50	ok	0.027
6397	c50	ok	0.016
6425	c50	ok	0.045
6469	c50	ok	0.023
6470	c50	ok	0.006
6537	c50	ok	0.029
6655	c50	ok	0.208
6696	c50	ok	0.057
6698	c50	ok	0.058
6759	c50	ok	0.044
6787	c50	ok	0.168
6788	c50	ok	0.005
6804	c50	ok	0.007
6878	c50	ok	0.042
6889	c50	ok	0.031
6892	c50	ok	0.386
6930	c50	ok	0.103
6952	c50	ok	0.038
7000	c50	ok	0.019
7061	c50	ok	0.034
7074	c50	ok	0.037
7139	c50	ok	0.013
7141	c50	ok	0.027
7145	c50	ok	0.031
7169	c50	ok	0.036
7174	c50	ok	0.018
7184	c50	ok	0.007
7320	c50	ok	0.053
7365	c50	ok	0.002
7385	c51	ok	0.011
7389	c51	ok	0.043
7447	c51	ok	0.017
7524	c51	ok	0.026
757	c51	ok	0.036
7593	c51	ok	0.062
7613	c51	ok	0.045
7660	c51	ok	0.047
7688	c51	ok	2.866
7717	c51	ok	0.016
7827	c51	ok	0.001
7836	c51	ok	0.077
7877	c51	ok	0.034
7902	c51	ok	0.191
7903	c51	ok	0.011
7939	c51	ok	0.389
7940	c51	ok	0.062
7958	c51	ok	0.002
8011	c51	ok	0.040
8026	c51	ok	0.240
8067	c51	ok	0.206
8075	c51	ok	0.104
8079	c51	ok	0.028
8107	c51	ok	0.411
8130	c51	ok	0.031
8209	c51	ok	0.050
8261	c51	ok	0.048
8277	c51	ok	0.018
8281	c51	ok	0.069
8288	c51	ok	0.041
8408	c51	ok	0.037
8507	c51	ok	0.066
8623	c51	ok	0.029
8632	c51	ok	0.062
8700	c51	ok	0.136
8731	c51	ok	0.020
8739	c51	ok	0.194
8748	c51	ok	0.036
8878	c51	ok	0.019
8887	c51	ok	0.342
8933	c51	ok	0.071
8942	c51	ok	0.043
8955	c51	ok	0.206
8966	c51	ok	0.342
9025	c51	ok	0.024
9066	c51	ok	0.119
9100	c51	ok	0.032
9142	c51	ok	0.038
9149	c51	ok	0.073
9196	c51	ok	0.034
9241	c51	ok	0.132
9289	c51	ok	0.014
9318	c51	ok	0.044
9319	c51	ok	0.101
9329	c51	ok	0.008
9337	c51	ok	0.008
9353	c51	ok	1.358
9354	c51	ok	0.067
9356	c52	ok	0.043
9412	c52	ok	0.051
9428	c52	ok	0.095
9450	c52	ok	0.026
9575	c52	ok	0.019
9590	c52	ok	0.011
9675	c52	ok	0.029
9724	c52	ok	0.028
9743	c52	ok	0.008
9745	c52	ok	0.010
9877	c52	ok	0.011
9943	c52	ok	0.030
9998	c52	ok	0.005
14519	c52	ok	0.622
28321	c52	ok	0.021
6767	c52	ok	0.065
5637	c52	ok	0.091
12810	c52	ok	0.299
7560	c52	ok	0.091
10183	c52	ok	0.800
6478	c52	ok	0.204
7283	c52	ok	0.049
14398	c52	ok	0.035
8387	c52	ok	0.071
5231	c52	ok	0.210
14583	c52	ok	0.365
6305	c52	ok	0.384
10946	c52	ok	0.027
1468	c52	ok	0.073
6686	c52	ok	0.070
11675	c52	ok	0.036
6598	c52	ok	0.064
7264	c52	ok	0.051
489	c52	ok	0.056
5669	c52	ok	0.065
5961	c52	ok	0.017
5748	c52	ok	0.039
11166	c52	ok	1.112
9598	c52	ok	0.120
9611	c52	ok	1.128
5223	c52	ok	0.047
28027	c52	ok	0.317
3073	c52	ok	0.062
26245	c52	ok	0.130
11079	c52	ok	0.816
14270	c52	ok	0.305
9874	c52	ok	0.061
8310	c52	ok	0.044
12629	c52	ok	0.029
8345	c52	ok	0.046
6970	c52	ok	0.059
6757	c52	ok	0.379
1823	c52	ok	0.023
28091	c52	ok	0.149
9433	c52	ok	0.057
26257	c53	ok	0.086
25996	c53	ok	0.037
7535	c53	ok	0.023
8589	c53	ok	0.175
14102	c53	ok	0.355
8651	c53	ok	0.127
7612	c53	ok	0.060
11679	c53	ok	0.059
2940	c53	ok	0.057
14788	c53	ok	0.171
9528	c53	ok	0.021
318	c53	ok	0.022
5277	c53	ok	0.211
14613	c53	ok	0.042
1859	c53	ok	0.015
6845	c53	ok	0.027
9540	c53	ok	0.131
7429	c53	ok	0.070
9951	c53	ok	0.194
26670	c53	ok	0.034
8377	c53	ok	0.749
2551	c53	ok	0.071
8954	c53	ok	0.053
3273	c53	ok	0.050
13381	c53	ok	0.262
7274	c53	ok	0.078
919	c53	ok	0.041
29147	c53	ok	0.069
3691	c53	ok	0.054
9137	c53	ok	0.022
25579	c53	ok	0.031
26711	c53	ok	0.067
14624	c53	ok	0.667
27491	c53	ok	0.477
28598	c53	ok	0.058
34003	c53	ok	0.057
23214	c53	ok	0.068
10719	c53	ok	0.042
25661	c53	ok	0.047
9769	c53	ok	0.104
2661	c53	ok	0.272
28437	c53	ok	0.110
14062	c53	ok	0.043
28350	c53	ok	0.262
3609	c53	ok	0.018
27175	c53	ok	0.014
4004	c53	ok	0.052
8411	c53	ok	0.109
27713	c53	ok	0.392
25718	c53	ok	0.071
30824	c53	ok	0.033
6460	c53	ok	0.937
13336	c53	ok	0.334
13934	c54	ok	0.247
12588	c54	ok	0.007
14302	c54	ok	0.021
11695	c54	ok	0.193
12733	c54	ok	0.136
13845	c54	ok	0.015
11657	c54	ok	0.062
13355	c54	ok	0.044
6458	c54	ok	0.182
11259	c54	ok	0.081
14741	c54	ok	0.336
13873	c54	ok	0.020
4255	c54	ok	0.022
13245	c54	ok	0.422
10537	c54	ok	0.011
11396	c54	ok	0.168
10766	c54	ok	0.043
28744	c54	ok	0.158
10137	c54	ok	0.049
8901	c54	ok	0.004
14628	c54	ok	0.180
11848	c54	ok	0.376
10893	c54	ok	0.072
7653	c54	ok	0.579
13428	c54	ok	0.575
13865	c54	ok	0.033
14090	c54	ok	0.285
13247	c54	ok	0.105
10349	c54	ok	0.047
10266	c54	ok	0.562
11993	c54	ok	0.514
13191	c54	ok	0.163
10981	c54	ok	0.046
12306	c54	ok	0.060
10644	c54	ok	0.308
26918	c54	ok	0.023
11808	c54	ok	2.894
13095	c54	ok	0.110
8785	c54	ok	0.164
13200	c54	ok	0.044
11991	c54	ok	0.060
10030	c54	ok	0.310
10992	c54	ok	0.221
10788	c54	ok	0.088
6597	c54	ok	0.007
11318	c54	ok	0.168
11335	c54	ok	0.074
12567	c54	ok	0.046
11477	c54	ok	0.390
14011	c54	ok	0.472
13926	c54	ok	0.453
11736	c54	ok	0.164
8930	c54	ok	0.007
10519	c55	ok	0.034
14858	c55	ok	0.040
11809	c55	ok	0.067
14898	c55	ok	0.281
6119	c55	ok	0.082
13744	c55	ok	0.592
8888	c55	ok	0.206
13177	c55	ok	0.140
5621	c55	ok	0.191
11691	c55	ok	0.022
13402	c55	ok	0.206
13928	c55	ok	0.230
14055	c55	ok	0.409
13255	c55	ok	0.018
10849	c55	ok	0.304
14157	c55	ok	0.086
12610	c55	ok	0.520
12075	c55	ok	0.682
11310	c55	ok	0.440
5540	c55	ok	0.068
11304	c55	ok	0.142
10781	c55	ok	0.608
14892	c55	ok	0.519
7873	c55	ok	0.015
9829	c55	ok	0.007
11997	c55	ok	0.415
13725	c55	ok	0.115
5029	c55	ok	0.350
11391	c55	ok	0.002
11865	c55	ok	0.568
7915	c55	ok	0.002
11631	c55	ok	0.270
11661	c55	ok	0.140
11968	c55	ok	0.022
6785	c55	ok	0.141
12614	c55	ok	0.125
10114	c55	ok	0.145
3054	c55	ok	0.001
11498	c55	ok	14.656
8528	c55	ok	0.014
11157	c55	ok	0.491
6315	c55	ok	0.007
7833	c55	ok	0.108
11981	c55	ok	0.170
14405	c55	ok	0.008
8617	c55	ok	0.385
10348	c55	ok	0.413
11296	c55	ok	0.557
13567	c55	ok	0.526
7466	c55	ok	0.003
12484	c55	ok	0.336
12171	c55	ok	0.048
12840	c55	ok	0.439
5314	c55	ok	0.053
9124	c55	ok	1.288
6435	c55	ok	0.101
10226	c55	ok	0.146
6386	c55	ok	0.058
10972	c55	ok	0.408
11547	c55	ok	0.147
6139	c56	ok	0.002
12540	c56	ok	0.063
13252	c56	ok	0.045
8324	c56	ok	0.002
10285	c56	ok	0.062
11158	c56	ok	0.586
12386	c56	ok	0.030
10042	c56	ok	0.433
10540	c56	ok	0.428
12677	c56	ok	0.788
13658	c56	ok	0.015
14234	c56	ok	0.473
13478	c56	ok	0.106
10465	c56	ok	0.481
6683	c56	ok	0.040
12745	c56	ok	0.206
8020	c56	ok	0.045
14040	c56	ok	0.169
14258	c56	ok	0.717
6300	c56	ok	0.039
10814	c56	ok	0.046
12730	c56	ok	0.384
13586	c56	ok	0.558
13311	c56	ok	0.649
8397	c56	ok	0.002
14397	c56	ok	0.219
5191	c56	ok	0.046
13747	c56	ok	1.349
14594	c56	ok	0.195
925	c56	ok	0.023
13540	c56	ok	0.385
14282	c56	ok	0.307
12284	c56	ok	1.023
8936	c56	ok	0.015
9110	c56	ok	0.345
6113	c56	ok	0.002
14629	c56	ok	0.545
28876	c56	ok	0.056
10988	c56	ok	0.218
14501	c56	ok	0.365
9123	c56	ok	0.195
10676	c56	ok	0.454
14605	c56	ok	0.401
14916	c56	ok	0.174
12869	c56	ok	0.639
13533	c56	ok	0.695
9933	c56	ok	0.057
152	c56	ok	0.018
11772	c56	ok	0.190
14369	c56	ok	0.078
11104	c56	ok	0.462
13888	c56	ok	0.285
14795	c56	ok	0.158
13759	c56	ok	0.732
13165	c56	ok	0.170
5393	c56	ok	0.188
6815	c56	ok	0.034
10280	c56	ok	0.216
14100	c56	ok	0.226
12890	c56	ok	0.408
13457	c56	ok	0.048
14355	c56	ok	0.149
14880	c56	ok	0.042
9851	c57	ok	0.180
7894	c57	ok	0.322
14638	c57	ok	0.027
13194	c57	ok	0.242
14648	c57	ok	0.039
8220	c57	ok	0.046
10006	c57	ok	0.237
10025	c57	ok	18.582
10564	c57	ok	0.426
13030	c57	ok	18.748
14719	c57	ok	0.057
7928	c57	ok	1.395
10728	c57	ok	0.500
14018	c57	ok	0.192
10762	c57	ok	0.018
8088	c57	ok	0.023
14017	c57	ok	0.522
5998	c57	ok	0.366
13168	c57	ok	0.134
13361	c57	ok	0.086
12712	c57	ok	0.457
8764	c57	ok	0.057
8050	c57	ok	0.408
9584	c57	ok	0.028
6704	c57	ok	0.426
5267	c57	ok	0.033
12167	c57	ok	0.929
9074	c57	ok	0.060
12518	c57	ok	0.064
1921	c57	ok	0.071
7998	c57	ok	0.207
10043	c57	ok	0.575
6364	c57	ok	0.049
9958	c57	ok	0.038
14009	c57	ok	0.724
4760	c57	ok	0.060
7725	c57	ok	0.027
6543	c57	ok	0.039
9402	c57	ok	0.004
14038	c57	ok	0.729
5985	c57	ok	0.161
9632	c57	ok	0.041
13250	c57	ok	0.150
14827	c57	ok	0.183
9491	c57	ok	0.045
12311	c57	ok	0.056
6563	c57	ok	0.048
5178	c57	ok	0.189
11632	c57	ok	0.278
14531	c57	ok	0.306
10360	c57	ok	0.067
13948	c57	ok	0.033
4531	c57	ok	0.015
14483	c57	ok	0.375
14834	c57	ok	0.486
1703	c57	ok	0.018
7747	c57	ok	0.176
9744	c57	ok	0.102
9526	c57	ok	0.042
12737	c57	ok	0.875
7609	c57	ok	0.054
6780	c57	ok	0.007
7130	c57	ok	0.048
9151	c57	ok	42.816
33531	c57	ok	0.005
26725	c58	ok	0.156
11836	c58	ok	0.004
8626	c58	ok	0.014
6263	c58	ok	0.046
7562	c58	ok	0.062
3290	c58	ok	0.075
5134	c58	ok	0.087
7475	c58	ok	0.179
1246	c58	ok	0.018
7673	c58	ok	0.087
12379	c58	ok	0.861
14644	c58	ok	0.149
8761	c58	ok	0.031
12854	c58	ok	0.556
4590	c58	ok	0.548
9903	c58	ok	0.061
25002	c58	ok	0.185
3922	c58	ok	0.010
5166	c58	ok	0.030
6987	c58	ok	0.037
10665	c58	ok	0.653
12320	c58	ok	0.239
5379	c58	ok	0.015
3067	c58	ok	0.021
7830	c58	ok	0.018
12841	c58	ok	0.133
140	c58	ok	0.029
2421	c58	ok	0.005
10702	c58	ok	0.234
5638	c58	ok	0.064
10730	c58	ok	0.457
1276	c58	ok	0.358
10663	c58	ok	0.101
10529	c58	ok	0.880
7523	c58	ok	0.412
9396	c58	ok	0.169
9432	c58	ok	0.038
6256	c58	ok	0.321
6448	c58	ok	0.051
2074	c58	ok	0.010
7218	c58	ok	0.165
18	c58	ok	0.010
9574	c58	ok	0.083
6337	c58	ok	0.018
7798	c58	ok	0.130
25805	c58	ok	0.020
8112	c58	ok	0.169
10842	c58	ok	0.931
11032	c58	ok	0.175
6663	c58	ok	0.180
7954	c58	ok	0.745
9469	c58	ok	0.016
5037	c58	ok	0.163
8140	c58	ok	0.035
12044	c58	ok	0.878
26984	c58	ok	0.099
5163	c58	ok	0.055
11581	c58	ok	0.164
13186	c58	ok	0.335
11756	c58	ok	0.063
9841	c58	ok	0.568
10359	c58	ok	0.112
1287	c58	ok	0.012
3973	c59	ok	0.046
6464	c59	ok	0.034
14662	c59	ok	0.705
9380	c59	ok	0.099
14666	c59	ok	0.647
6468	c59	ok	0.037
4716	c59	ok	0.072
7510	c59	ok	18.161
12561	c59	ok	0.027
8340	c59	ok	0.048
7565	c59	ok	0.185
20706	c59	ok	0.230
10890	c59	ok	0.177
14945	c59	ok	0.162
7413	c59	ok	0.063
5861	c59	ok	0.023
8735	c59	ok	0.075
8084	c59	ok	0.039
6963	c59	ok	0.171
32601	c59	ok	0.017
26783	c59	ok	0.070
7944	c59	ok	1.178
6931	c59	ok	0.299
2880	c59	ok	0.043
28584	c59	ok	0.132
6934	c59	ok	0.235
9245	c59	ok	0.041
5869	c59	ok	0.081
6949	c59	ok	0.451
4768	c59	ok	0.098
6212	c59	ok	0.080
8237	c59	ok	0.410
3381	c59	ok	0.016
228	c59	ok	0.046
32554	c59	ok	0.016
11276	c59	ok	1.081
293	c59	ok	0.032
5684	c59	ok	0.033
7669	c59	ok	0.179
7479	c59	ok	0.508
4072	c59	ok	0.021
9627	c59	ok	0.047
6080	c59	ok	0.127
6881	c59	ok	0.222
6030	c59	ok	0.180
25967	c59	ok	0.057
20618	c59	ok	0.006
1877	c59	ok	0.012
11591	c59	ok	0.368
4532	c59	ok	0.011
3679	c59	ok	0.356
29215	c59	ok	0.129
29353	c59	ok	0.054
3417	c59	ok	0.089
6422	c59	ok	0.022
25760	c59	ok	0.175
7694	c59	ok	0.568
9133	c59	ok	18.555
24824	c59	ok	0.020
3071	c59	ok	0.376
9878	c59	ok	0.051
7876	c59	ok	0.182
20652	c60	ok	0.044
9141	c60	ok	0.259
20370	c60	ok	0.038
24499	c60	ok	0.061
30104	c60	ok	0.029
1673	c60	ok	0.031
11874	c60	ok	0.403
22390	c60	ok	0.026
31268	c60	ok	0.050
7651	c60	ok	0.054
21533	c60	ok	0.103
5786	c60	ok	0.298
20237	c60	ok	0.131
6652	c60	ok	0.197
24954	c60	ok	0.140
11718	c60	ok	0.015
14530	c60	ok	0.118
10495	c60	ok	0.034
11846	c60	ok	0.274
10472	c60	ok	0.119
10885	c60	ok	0.020
11930	c60	ok	0.156
14854	c60	ok	0.063
14571	c60	ok	0.314
13160	c60	ok	0.408
13809	c60	ok	0.503
11482	c60	ok	0.610
12343	c60	ok	0.216
14371	c60	ok	0.153
11435	c60	ok	0.571
3160	c60	ok	0.048
12871	c60	ok	0.253
14642	c60	ok	0.111
9655	c60	ok	0.016
11950	c60	ok	0.141
13765	c60	ok	0.188
6314	c60	ok	18.552
7906	c60	ok	0.019
11871	c60	ok	0.032
13094	c60	ok	0.032
13626	c60	ok	0.518
9530	c60	ok	0.146
6903	c60	ok	0.072
6275	c60	ok	0.145
5518	c60	ok	0.013
9175	c60	ok	0.079
13535	c60	ok	0.159
14257	c60	ok	0.191
8239	c60	ok	0.022
11400	c60	ok	0.487
1056	c60	ok	0.370
5474	c60	ok	0.421
25142	c60	ok	0.103
9963	c60	ok	0.018
7667	c60	ok	0.078
12552	c60	ok	0.088
10687	c60	ok	0.041
1299	c60	ok	0.002
7946	c60	ok	0.097
3112	c60	ok	0.053
5914	c60	ok	0.084
25144	c60	ok	0.003
5180	c61	ok	0.046
4230	c61	ok	0.127
6991	c61	ok	0.082
9972	c61	ok	19.382
11073	c61	ok	0.055
5114	c61	ok	0.062
26	c61	ok	0.034
5315	c61	ok	0.142
12160	c61	ok	0.085
8199	c61	ok	0.066
11103	c61	ok	0.366
11231	c61	ok	0.206
3860	c61	ok	0.037
2684	c61	ok	0.034
8145	c61	ok	0.372
7861	c61	ok	0.043
6446	c61	ok	0.046
6821	c61	ok	0.108
6835	c61	ok	0.066
5241	c61	ok	0.188
23975	c61	ok	0.019
28615	c61	ok	0.212
9275	c61	ok	0.055
8910	c61	ok	0.075
14766	c61	ok	0.042
5657	c61	ok	0.049
5798	c61	ok	0.032
8546	c61	ok	0.047
6605	c61	ok	0.192
29019	c61	ok	0.174
23241	c61	ok	0.073
7840	c61	ok	0.061
3047	c61	ok	0.048
8049	c61	ok	0.169
5737	c61	ok	0.015
1345	c61	ok	0.013
1974	c61	ok	0.020
6733	c61	ok	0.055
7611	c61	ok	0.161
967	c61	ok	0.056
7281	c61	ok	0.015
14507	c61	ok	0.700
7580	c61	ok	0.109
3697	c61	ok	0.362
24889	c61	ok	0.858
4682	c61	ok	0.045
6678	c61	ok	0.030
6440	c61	ok	0.061
8002	c61	ok	0.102
8635	c61	ok	18.761
13449	c61	ok	0.582
14838	c61	ok	0.158
2360	c61	ok	0.121
7629	c61	ok	0.051
14979	c61	ok	0.008
11485	c61	ok	0.008
13476	c61	ok	0.013
11785	c61	ok	0.016
14747	c61	ok	0.007
10056	c61	ok	0.757
10239	c61	ok	0.050
10384	c61	ok	0.110
10393	c61	ok	0.674
10441	c61	ok	0.009
12687	c61	ok	0.087
12537	c61	ok	0.038
14231	c61	ok	0.012
14922	c61	ok	0.015
11688	c61	ok	0.048
11364	c61	ok	0.053
12583	c61	ok	0.044
12246	c61	ok	0.239
13570	c61	ok	0.604
10584	c61	ok	0.021
14612	c61	ok	0.066
11134	c61	ok	0.021
14810	c61	ok	0.493
13038	c61	ok	0.257
11544	c61	ok	0.126
11510	c61	ok	0.057
11488	c61	ok	0.011
13344	c61	ok	0.013
14547	c61	ok	0.020
11388	c61	ok	0.007
10879	c61	ok	0.186
13670	c61	ok	0.050
12374	c61	ok	0.211
13467	c61	ok	0.010
14934	c61	ok	0.512
11681	c61	ok	0.795
13115	c61	ok	0.281
14777	c61	ok	0.027
13234	c61	ok	0.850
12391	c61	ok	0.265
13800	c61	ok	0.537
14904	c61	ok	0.135
11336	c61	ok	0.634
11182	c61	ok	0.297
13405	c62	ok	0.388
11680	c62	ok	0.046
10579	c62	ok	0.992
25217	c62	ok	0.083
12369	c62	ok	0.054
25883	c62	ok	0.172
12637	c62	ok	0.073
12758	c62	ok	1.077
6303	c62	ok	0.104
11089	c62	ok	0.864
12773	c62	ok	0.711
11531	c62	ok	0.113
28894	c62	ok	0.233
9861	c62	ok	0.262
26066	c62	ok	0.028
29930	c62	ok	0.040
16303	c62	ok	0.011
12968	c62	ok	0.054
14471	c62	ok	0.194
13649	c62	ok	0.026
14739	c62	ok	0.136
13397	c62	ok	0.844
12011	c62	ok	0.769
11055	c62	ok	0.337
12584	c62	ok	0.157
14201	c62	ok	0.758
14396	c62	ok	0.039
10830	c62	ok	0.176
25602	c62	ok	0.896
14230	c62	ok	1.712
14873	c62	ok	0.022
12528	c62	ok	0.047
10945	c62	ok	0.039
11761	c62	ok	0.001
14906	c62	ok	0.272
14958	c62	ok	0.234
11471	c62	ok	0.545
13843	c62	ok	0.197
14905	c62	ok	0.773
13469	c62	ok	0.377
14422	c62	ok	0.652
14802	c62	ok	0.031
12401	c62	ok	0.341
13849	c62	ok	0.135
12465	c62	ok	0.896
13477	c62	ok	1.160
12026	c62	ok	0.043
11664	c62	ok	0.821
12781	c62	ok	0.026
12635	c62	ok	0.031
10989	c62	ok	1.209
14894	c62	ok	0.250
11299	c62	ok	0.745
12146	c62	ok	0.307
27823	c62	ok	2.085
10998	c62	ok	1.409
14895	c62	ok	0.599
29284	c62	ok	0.045
14171	c62	ok	0.204
10949	c62	ok	0.130
13075	c62	ok	0.291
10533	c62	ok	0.038
5339	c62	ok	0.018
14611	c62	ok	0.038
10928	c62	ok	0.059
14393	c62	ok	0.128
5785	c62	ok	0.220
11080	c62	ok	0.601
12697	c62	ok	0.169
9648	c62	ok	0.031
11446	c62	ok	0.160
11621	c62	ok	1.125
12276	c62	ok	0.353
12939	c62	ok	0.111
9178	c62	ok	0.175
7217	c62	ok	0.090
28696	c62	ok	0.315
28469	c62	ok	1.908
6006	c62	ok	0.024
8342	c62	ok	0.038
5844	c62	ok	0.189
32144	c62	ok	0.008
27925	c62	ok	0.271
11001	c62	ok	1.101
26400	c62	ok	0.153
26210	c62	ok	0.019
29437	c62	ok	0.195
27620	c62	ok	0.012
29608	c62	ok	0.128
26346	c62	ok	5.851
12634	c62	ok	0.011
14848	c62	ok	0.149
12956	c62	ok	0.205
14888	c62	ok	0.028
10209	c62	ok	0.331
14034	c62	ok	0.132
14175	c62	ok	0.123
13404	c62	ok	0.167
12241	c62	ok	0.031
14540	c62	ok	0.021
12820	c63	ok	0.088
13277	c63	ok	0.231
13698	c63	ok	1.035
13872	c63	ok	0.333
13041	c63	ok	0.302
13130	c63	ok	0.726
14408	c63	ok	0.719
11151	c63	ok	0.497
10607	c63	ok	0.262
12942	c63	ok	1.031
13305	c63	ok	0.976
11167	c63	ok	0.054
8459	c63	ok	0.022
12495	c63	ok	2.204
9251	c63	ok	0.207
26254	c63	ok	0.290
7346	c63	ok	0.053
8487	c63	ok	0.089
10859	c63	ok	0.405
9834	c63	ok	0.099
10964	c63	ok	0.021
26232	c63	ok	0.086
12662	c63	ok	0.104
3658	c63	ok	0.057
26548	c63	ok	0.095
12020	c63	ok	0.065
27106	c63	ok	0.192
25034	c63	ok	0.106
8746	c63	ok	0.763
6607	c63	ok	0.090
5008	c63	ok	0.045
9419	c63	ok	0.049
4040	c63	ok	0.019
11583	c63	ok	0.287
26355	c63	ok	0.057
6721	c63	ok	0.113
3109	c63	ok	0.070
28306	c63	ok	3.515
32127	c63	ok	1.309
14509	c63	ok	1.234
4710	c63	ok	0.110
27717	c63	ok	0.134
4738	c63	ok	0.194
27183	c63	ok	0.140
28839	c63	ok	0.351
11598	c63	ok	0.877
25573	c63	ok	0.262
13960	c63	ok	0.834
10806	c63	ok	0.046
27757	c63	ok	0.062
13927	c63	ok	0.074
29656	c63	ok	0.108
12864	c63	ok	0.871
5140	c63	ok	0.949
29115	c63	ok	0.027
5448	c63	ok	0.148
5016	c63	ok	0.197
4568	c63	ok	0.148
3076	c63	ok	0.021
9775	c63	ok	0.055
6890	c63	ok	0.632
6599	c63	ok	0.149
27806	c63	ok	0.121
3760	c63	ok	0.020
9812	c63	ok	0.175
24493	c63	ok	0.013
3339	c63	ok	0.077
6707	c63	ok	0.054
8762	c63	ok	0.085
20028	c63	ok	0.109
20141	c63	ok	0.078
9976	c63	ok	0.083
29558	c63	ok	0.135
6966	c63	ok	0.063
31859	c63	ok	0.045
3245	c63	ok	0.090
1987	c63	ok	0.078
9388	c63	ok	0.095
1415	c63	ok	0.181
22203	c63	ok	0.019
24305	c63	ok	0.034
29294	c63	ok	0.218
23758	c63	ok	0.025
22414	c63	ok	0.091
20967	c63	ok	0.276
21342	c63	ok	0.087
20925	c63	ok	0.017
30355	c63	ok	0.066
21552	c63	ok	0.049
20789	c63	ok	0.029
21586	c63	ok	0.236
12273	c63	ok	0.342
14996	c63	ok	0.055
11327	c63	ok	0.359
27660	c63	ok	0.017
14828	c63	ok	0.104
11708	c63	ok	0.065
28292	c63	ok	0.187
34957	c64	ok	0.368
11476	c64	ok	0.108
7762	c64	ok	0.018
33552	c64	ok	0.082
9497	c64	ok	0.138
30398	c64	ok	0.007
8242	c64	ok	0.023
26657	c64	ok	2.921
2232	c64	ok	0.082
32194	c64	ok	0.077
8433	c64	ok	0.092
8625	c64	ok	0.111
21570	c64	ok	0.050
31841	c64	ok	0.066
30968	c64	ok	0.088
5990	c64	ok	0.067
22641	c64	ok	0.056
14489	c64	ok	0.035
10382	c64	ok	0.045
10453	c64	ok	0.049
13159	c64	ok	0.047
12693	c64	ok	0.036
13673	c64	ok	0.044
10336	c64	ok	0.042
13368	c64	ok	0.030
14842	c64	ok	0.045
11020	c64	ok	0.096
10815	c64	ok	0.044
13601	c64	ok	0.032
14550	c64	ok	0.043
6480	c64	ok	0.008
12077	c64	ok	0.036
12200	c64	ok	0.033
9184	c64	ok	0.031
14294	c64	ok	0.022
14976	c64	ok	0.087
10770	c64	ok	0.062
11348	c64	ok	0.070
14685	c64	ok	0.046
11095	c64	ok	0.024
9856	c64	ok	0.028
11629	c64	ok	0.050
10835	c64	ok	0.068
13883	c64	ok	0.072
28410	c64	ok	0.075
10585	c64	ok	0.036
11036	c64	ok	0.060
7583	c64	ok	0.015
13484	c64	ok	0.048
14133	c64	ok	0.032
11230	c64	ok	0.043
14205	c64	ok	0.009
14310	c64	ok	0.231
11043	c64	ok	0.065
7248	c64	ok	0.042
12314	c64	ok	0.096
13064	c64	ok	0.070
12521	c64	ok	0.036
9759	c64	ok	0.113
10939	c64	ok	0.058
12286	c64	ok	0.027
14703	c64	ok	0.035
10636	c64	ok	0.071
9246	c64	ok	0.061
8021	c64	ok	0.108
10526	c64	ok	0.044
14556	c64	ok	0.630
13032	c64	ok	0.044
9700	c64	ok	0.014
8207	c64	ok	0.050
9677	c64	ok	0.041
13161	c64	ok	0.056
14760	c64	ok	0.059
11987	c64	ok	0.038
29870	c64	ok	0.157
13949	c64	ok	0.034
12385	c64	ok	0.058
11405	c64	ok	0.064
14651	c64	ok	0.063
10608	c64	ok	0.063
9103	c64	ok	0.091
7247	c64	ok	0.033
8413	c64	ok	0.043
12024	c64	ok	0.024
14143	c64	ok	0.035
12682	c64	ok	0.083
9129	c64	ok	0.087
9265	c64	ok	0.051
7504	c64	ok	0.082
12876	c64	ok	0.080
13932	c64	ok	0.070
8701	c64	ok	0.024
5372	c64	ok	0.056
26237	c64	ok	0.063
11686	c64	ok	0.349
6653	c64	ok	0.031
8526	c65	ok	0.145
9562	c65	ok	0.035
10144	c65	ok	0.020
7007	c65	ok	0.039
6180	c65	ok	0.046
12444	c65	ok	0.060
11552	c65	ok	0.029
13348	c65	ok	0.032
11265	c65	ok	0.076
12658	c65	ok	0.059
13171	c65	ok	0.045
11147	c65	ok	0.049
27293	c65	ok	0.082
2739	c65	ok	0.050
6360	c65	ok	0.102
9398	c65	ok	0.059
26429	c65	ok	0.043
12787	c65	ok	0.193
6957	c65	ok	0.064
13503	c65	ok	0.019
6885	c65	ok	0.033
7109	c65	ok	0.024
12806	c65	ok	0.072
6219	c65	ok	0.046
6241	c65	ok	0.051
13044	c65	ok	0.031
11734	c65	ok	0.077
5203	c65	ok	0.025
26487	c65	ok	0.059
11749	c65	ok	0.038
9593	c65	ok	0.008
9004	c65	ok	0.112
14576	c65	ok	0.265
9738	c65	ok	0.024
13452	c65	ok	0.035
30944	c65	ok	0.092
5834	c65	ok	0.066
2254	c65	ok	0.032
9904	c65	ok	0.068
9400	c65	ok	0.081
13474	c65	ok	0.059
4372	c65	ok	0.013
5345	c65	ok	0.024
6752	c65	ok	0.043
13238	c65	ok	0.081
8541	c65	ok	0.036
5589	c65	ok	0.047
28896	c65	ok	0.077
11936	c65	ok	0.077
14139	c65	ok	0.032
33451	c65	ok	0.066
6279	c65	ok	0.031
9512	c65	ok	0.661
5666	c65	ok	0.008
6743	c65	ok	0.025
5028	c65	ok	0.086
7372	c65	ok	0.046
9753	c65	ok	0.007
28326	c65	ok	0.019
1495	c65	ok	0.068
7259	c65	ok	0.027
6330	c65	ok	0.057
14213	c65	ok	0.032
9876	c65	ok	0.166
7180	c65	ok	0.028
5808	c65	ok	0.085
2001	c65	ok	0.015
6531	c65	ok	0.032
9814	c65	ok	0.040
6248	c65	ok	0.051
28562	c65	ok	0.193
5738	c65	ok	0.052
7367	c65	ok	0.043
5958	c65	ok	0.072
7823	c65	ok	0.037
7192	c65	ok	0.027
7258	c65	ok	0.037
25766	c65	ok	0.055
8800	c65	ok	0.034
7623	c65	ok	0.026
27796	c65	ok	0.198
29610	c65	ok	0.120
798	c65	ok	0.369
9923	c65	ok	0.032
5145	c65	ok	0.044
7970	c65	ok	0.097
7498	c65	ok	0.052
4986	c65	ok	0.038
8743	c65	ok	0.020
9529	c65	ok	0.036
9473	c65	ok	0.139
29442	c65	ok	0.048
9452	c65	ok	0.034
9845	c65	ok	0.010
3667	c65	ok	0.015
6276	c66	ok	0.007
26574	c66	ok	0.139
28577	c66	ok	0.068
9045	c66	ok	0.073
6395	c66	ok	0.077
9194	c66	ok	0.007
9913	c66	ok	0.021
6547	c66	ok	0.051
8087	c66	ok	0.032
5590	c66	ok	0.023
7516	c66	ok	0.090
8804	c66	ok	0.031
9078	c66	ok	0.166
13019	c66	ok	0.044
5690	c66	ok	0.039
8616	c66	ok	0.046
8857	c66	ok	0.021
8652	c66	ok	0.081
9717	c66	ok	0.038
5171	c66	ok	0.011
31702	c66	ok	0.049
9011	c66	ok	0.033
9087	c66	ok	0.042
27811	c66	ok	0.055
8880	c66	ok	0.080
7826	c66	ok	0.030
7118	c66	ok	0.038
6328	c66	ok	0.038
6164	c66	ok	0.015
8894	c66	ok	0.072
9458	c66	ok	0.031
8946	c66	ok	0.033
29893	c66	ok	0.144
8567	c66	ok	0.038
29138	c66	ok	0.197
9332	c66	ok	0.147
29190	c66	ok	0.035
7011	c66	ok	0.086
5342	c66	ok	0.065
8154	c66	ok	0.066
8395	c66	ok	0.010
13206	c66	ok	0.735
29091	c66	ok	0.076
8124	c66	ok	0.030
5463	c66	ok	0.071
8682	c66	ok	0.010
29569	c66	ok	0.122
5529	c66	ok	0.045
34931	c66	ok	0.020
9591	c66	ok	0.059
9451	c66	ok	0.040
9797	c66	ok	0.119
3446	c66	ok	0.051
1595	c66	ok	0.037
1755	c66	ok	0.080
8865	c66	ok	0.014
8120	c66	ok	0.156
8720	c66	ok	0.078
10523	c66	ok	0.001
5966	c66	ok	0.007
7951	c66	ok	0.055
8717	c66	ok	0.036
31447	c66	ok	0.011
7866	c66	ok	0.026
13665	c66	ok	0.065
5953	c66	ok	0.067
27176	c66	ok	0.100
5276	c66	ok	0.010
29374	c66	ok	0.816
29018	c66	ok	0.023
11389	c66	ok	0.044
26672	c66	ok	0.011
8708	c66	ok	0.065
9499	c66	ok	0.393
5154	c66	ok	0.030
29315	c66	ok	0.179
5074	c66	ok	0.053
5136	c66	ok	0.055
8042	c66	ok	0.056
7525	c66	ok	0.007
5381	c66	ok	0.066
8702	c66	ok	0.049
9040	c66	ok	0.070
27732	c66	ok	0.148
29895	c66	ok	0.036
6171	c66	ok	0.238
29293	c66	ok	0.088
9392	c66	ok	0.066
5375	c66	ok	0.039
1805	c66	ok	0.039
8662	c66	ok	0.043
9205	c66	ok	0.092
7545	c67	ok	0.054
26887	c67	ok	0.024
6153	c67	ok	0.021
3565	c67	ok	0.032
9179	c67	ok	0.009
9088	c67	ok	0.091
5973	c67	ok	0.111
5382	c67	ok	0.005
1128	c67	ok	0.060
3684	c67	ok	0.062
5553	c67	ok	0.229
27312	c67	ok	0.235
30080	c67	ok	0.042
8442	c67	ok	0.090
9520	c67	ok	0.064
194	c67	ok	0.081
3074	c67	ok	0.031
9075	c67	ok	0.073
8529	c67	ok	0.019
5516	c67	ok	0.010
2442	c67	ok	0.013
7384	c67	ok	0.049
8371	c67	ok	0.042
8086	c67	ok	0.160
8675	c67	ok	0.009
7086	c67	ok	0.298
29683	c67	ok	0.002
25254	c67	ok	0.049
34168	c67	ok	0.025
28980	c67	ok	0.378
5481	c67	ok	0.022
6142	c67	ok	0.078
7236	c67	ok	0.115
526	c67	ok	0.064
5671	c67	ok	0.034
8424	c67	ok	0.174
6501	c67	ok	0.038
7923	c67	ok	0.095
7588	c67	ok	0.035
29686	c67	ok	0.055
7354	c67	ok	0.042
8643	c67	ok	0.009
27928	c67	ok	0.048
6038	c67	ok	0.255
5279	c67	ok	0.410
5749	c67	ok	0.024
3144	c67	ok	0.039
33353	c67	ok	0.067
4265	c67	ok	0.027
29559	c67	ok	0.067
9238	c67	ok	0.692
27619	c67	ok	0.097
32582	c67	ok	0.035
27195	c67	ok	0.058
7845	c67	ok	0.015
26361	c67	ok	0.021
26806	c67	ok	0.154
9377	c67	ok	0.003
8922	c67	ok	0.045
28597	c67	ok	0.218
7890	c67	ok	0.108
6695	c67	ok	0.038
27030	c67	ok	0.016
5018	c67	ok	0.055
962	c67	ok	0.111
28529	c67	ok	0.102
28516	c67	ok	0.108
6820	c67	ok	0.071
28664	c67	ok	0.384
9024	c67	ok	0.062
6684	c67	ok	0.090
25352	c67	ok	0.021
27437	c67	ok	0.291
25847	c67	ok	0.019
29080	c67	ok	0.044
1677	c67	ok	0.094
28039	c68	ok	0.030
6524	c68	ok	0.040
7875	c68	ok	0.001
33414	c68	ok	0.094
2919	c68	ok	0.084
6732	c68	ok	0.056
3584	c68	ok	0.041
28654	c68	ok	0.113
7211	c68	ok	0.075
8758	c68	ok	0.020
7930	c68	ok	0.032
2080	c68	ok	0.074
29819	c68	ok	0.072
30151	c68	ok	0.184
30419	c68	ok	0.043
26341	c68	ok	9.527
7222	c68	ok	0.056
27786	c68	ok	0.207
9690	c68	ok	0.055
6147	c68	ok	0.061
28878	c68	ok	0.065
9683	c68	ok	0.033
27949	c68	ok	0.082
2161	c68	ok	0.014
34265	c68	ok	0.026
28032	c68	ok	0.203
26175	c68	ok	0.404
27950	c68	ok	0.120
20338	c68	ok	0.048
30714	c68	ok	0.062
29036	c68	ok	0.105
1119	c68	ok	0.078
32636	c68	ok	0.048
21931	c68	ok	0.040
9136	c68	ok	0.119
26219	c68	ok	0.008
26539	c68	ok	0.073
27966	c68	ok	0.075
21013	c68	ok	0.270
24700	c68	ok	0.032
30692	c68	ok	0.027
29791	c68	ok	0.042
25940	c68	ok	1.747
32815	c68	ok	0.031
13447	c68	ok	0.070
12725	c68	ok	0.034
11951	c68	ok	0.050
27530	c68	ok	0.223
11233	c68	ok	0.079
11228	c68	ok	0.029
12709	c68	ok	0.039
12504	c68	ok	0.052
10789	c68	ok	0.074
12817	c68	ok	0.053
12664	c68	ok	0.134
12714	c68	ok	0.052
12705	c68	ok	0.050
13153	c68	ok	0.050
12728	c68	ok	0.012
6527	c68	ok	0.032
10464	c68	ok	0.050
13760	c68	ok	0.022
11612	c68	ok	0.036
13056	c68	ok	0.055
13739	c68	ok	0.052
14672	c68	ok	0.242
11345	c68	ok	0.049
10197	c68	ok	0.102
10851	c68	ok	0.051
11386	c68	ok	0.047
12847	c68	ok	0.043
10102	c68	ok	0.051
13086	c68	ok	0.080
12322	c68	ok	0.239
14801	c68	ok	0.343
14370	c68	ok	0.065
10098	c68	ok	0.049
14352	c68	ok	0.052
7720	c68	ok	0.032
11120	c68	ok	0.046
12844	c68	ok	0.050
10882	c68	ok	0.041
12169	c68	ok	0.041
12757	c68	ok	0.046
12479	c68	ok	0.102
10926	c68	ok	0.053
14521	c68	ok	0.052
29008	c68	ok	0.120
14623	c68	ok	0.053
14966	c68	ok	0.053
13495	c68	ok	0.032
10979	c68	ok	0.058
9557	c68	ok	0.038
13170	c68	ok	0.029
14608	c68	ok	0.046
10216	c69	ok	0.055
1288	c69	ok	0.052
12071	c69	ok	0.085
11222	c69	ok	0.093
12013	c69	ok	0.061
13444	c69	ok	0.229
8133	c69	ok	0.009
10155	c69	ok	0.071
10238	c69	ok	0.046
10619	c69	ok	0.049
10911	c69	ok	0.259
9208	c69	ok	0.033
13195	c69	ok	0.094
12574	c69	ok	0.052
10586	c69	ok	0.036
13828	c69	ok	0.096
10923	c69	ok	0.051
6553	c69	ok	1.299
691	c69	ok	0.016
9971	c69	ok	0.037
10057	c69	ok	0.089
6691	c69	ok	0.077
6755	c69	ok	0.040
7786	c69	ok	0.043
10457	c69	ok	0.163
10837	c69	ok	0.116
14119	c69	ok	0.065
3131	c69	ok	0.785
11309	c69	ok	0.036
11441	c69	ok	0.074
10381	c69	ok	0.042
13982	c69	ok	0.068
10777	c69	ok	0.035
8514	c69	ok	0.009
8370	c69	ok	0.043
7434	c69	ok	0.007
9950	c69	ok	0.102
9154	c69	ok	0.031
26476	c69	ok	0.032
9138	c69	ok	0.009
14950	c69	ok	0.055
14775	c69	ok	0.089
6326	c69	ok	0.031
7472	c69	ok	0.011
5150	c69	ok	0.071
6245	c69	ok	0.069
11464	c69	ok	0.098
27972	c69	ok	0.075
6649	c69	ok	0.062
7815	c69	ok	0.053
13363	c69	ok	0.037
26838	c69	ok	0.043
472	c69	ok	0.141
8565	c69	ok	0.033
11263	c69	ok	0.084
5788	c69	ok	0.030
6773	c69	ok	0.001
10944	c69	ok	0.696
5388	c69	ok	0.032
79	c69	ok	0.027
25284	c69	ok	0.008
9369	c69	ok	0.055
10170	c69	ok	0.035
10753	c69	ok	0.022
12510	c69	ok	0.081
5467	c69	ok	0.031
5228	c69	ok	0.032
9505	c69	ok	0.023
8111	c69	ok	0.040
5313	c69	ok	0.027
13395	c69	ok	0.097
6913	c69	ok	0.271
2028	c69	ok	0.013
6220	c69	ok	0.031
7069	c69	ok	0.035
13803	c69	ok	0.046
26483	c69	ok	0.101
4299	c69	ok	0.027
5410	c69	ok	0.087
8620	c69	ok	0.087
5450	c69	ok	0.031
11786	c69	ok	0.121
9848	c69	ok	0.041
5704	c69	ok	0.010
8306	c69	ok	0.013
10274	c69	ok	0.035
6608	c69	ok	0.094
25541	c69	ok	0.017
1513	c69	ok	0.435
6288	c69	ok	0.065
12550	c69	ok	0.071
29517	c69	ok	0.122
5908	c69	ok	0.051
14433	c69	ok	0.503
6530	c69	ok	0.042
5763	c69	ok	0.140
9411	c69	ok	0.261
14981	c69	ok	0.068
31678	c69	ok	0.140
11050	c69	ok	0.096
2658	c69	ok	0.044
14726	c69	ok	0.066
5056	c69	ok	0.172
6840	c69	ok	1.672
13439	c70	ok	0.041
8069	c70	ok	0.023
6429	c70	ok	0.033
28468	c70	ok	0.025
8382	c70	ok	0.022
14925	c70	ok	0.092
9588	c70	ok	0.045
6922	c70	ok	0.042
9326	c70	ok	0.026
8552	c70	ok	0.036
6213	c70	ok	0.042
6074	c70	ok	0.182
8868	c70	ok	0.052
13009	c70	ok	0.667
5750	c70	ok	0.378
10069	c70	ok	0.050
6503	c70	ok	0.037
5332	c70	ok	0.015
6102	c70	ok	0.373
8056	c70	ok	0.042
11127	c70	ok	0.064
8299	c70	ok	0.041
1443	c70	ok	0.036
9037	c70	ok	0.034
9764	c70	ok	0.010
7111	c70	ok	0.036
5244	c70	ok	0.033
14983	c70	ok	0.012
7183	c70	ok	0.033
9815	c70	ok	0.064
11992	c70	ok	0.054
6729	c70	ok	0.024
8856	c70	ok	0.035
5740	c70	ok	0.031
5934	c70	ok	0.024
5214	c70	ok	0.033
5527	c70	ok	0.007
8164	c70	ok	0.008
1545	c70	ok	0.017
6026	c70	ok	0.045
7864	c70	ok	0.051
26340	c70	ok	0.680
6734	c70	ok	0.031
10555	c70	ok	0.057
13239	c70	ok	0.016
608	c70	ok	0.036
9663	c70	ok	0.099
5512	c70	ok	0.032
9312	c70	ok	0.031
6023	c70	ok	0.014
6962	c70	ok	0.652
9199	c70	ok	0.040
5292	c70	ok	0.113
29228	c70	ok	0.103
4171	c70	ok	0.042
7969	c70	ok	0.092
7193	c70	ok	0.032
12802	c70	ok	0.102
1968	c70	ok	0.084
4970	c70	ok	0.040
7979	c70	ok	0.032
9414	c70	ok	0.049
825	c70	ok	0.064
809	c70	ok	0.044
5411	c70	ok	0.054
9233	c70	ok	0.036
9536	c70	ok	0.116
3525	c70	ok	0.042
26968	c70	ok	0.072
7570	c70	ok	0.032
10880	c70	ok	0.043
8937	c70	ok	0.030
320	c70	ok	0.059
177	c70	ok	0.026
1669	c70	ok	0.038
6964	c70	ok	0.034
7869	c70	ok	0.038
28405	c70	ok	0.098
6918	c70	ok	0.036
11262	c70	ok	0.045
11931	c70	ok	0.353
7744	c70	ok	0.033
5548	c70	ok	0.043
6940	c70	ok	0.031
9830	c70	ok	0.272
4368	c70	ok	0.093
5324	c70	ok	0.034
27361	c70	ok	0.251
7985	c70	ok	0.032
3299	c70	ok	0.035
12950	c70	ok	0.062
8235	c70	ok	0.019
26186	c70	ok	0.031
6071	c70	ok	0.082
8914	c70	ok	0.147
5377	c71	ok	0.045
7599	c71	ok	0.036
6637	c71	ok	0.041
9471	c71	ok	0.146
6268	c71	ok	0.024
9831	c71	ok	0.069
26163	c71	ok	0.104
5296	c71	ok	0.040
5778	c71	ok	0.025
6358	c71	ok	0.034
8636	c71	ok	0.117
8819	c71	ok	0.033
5677	c71	ok	0.057
6499	c71	ok	0.020
5941	c71	ok	0.032
6295	c71	ok	0.071
4751	c71	ok	0.033
7926	c71	ok	0.044
6701	c71	ok	0.018
9410	c71	ok	0.240
4263	c71	ok	0.010
9371	c71	ok	0.041
4910	c71	ok	0.066
6869	c71	ok	0.024
8245	c71	ok	1.166
9668	c71	ok	0.034
1508	c71	ok	0.013
7415	c71	ok	0.115
8353	c71	ok	0.014
8877	c71	ok	0.027
28482	c71	ok	0.108
14473	c71	ok	0.049
8225	c71	ok	0.082
9678	c71	ok	0.042
26652	c71	ok	0.052
1473	c71	ok	0.034
6172	c71	ok	0.070
6365	c71	ok	0.024
8750	c71	ok	0.033
5507	c71	ok	0.051
6283	c71	ok	0.050
7410	c71	ok	0.146
34677	c71	ok	1.511
1572	c71	ok	0.008
6103	c71	ok	0.071
27985	c71	ok	0.013
7542	c71	ok	0.080
5302	c71	ok	0.010
7282	c71	ok	0.070
8384	c71	ok	0.023
8884	c71	ok	0.017
5681	c71	ok	0.079
4324	c71	ok	0.033
6302	c71	ok	0.037
7450	c71	ok	0.038
30639	c71	ok	0.007
3322	c71	ok	0.100
6228	c71	ok	0.030
6291	c71	ok	0.033
11683	c71	ok	0.314
5701	c71	ok	0.024
29552	c71	ok	0.010
9964	c71	ok	0.033
4812	c71	ok	0.010
730	c71	ok	0.032
9144	c71	ok	0.065
5420	c71	ok	0.024
2557	c71	ok	0.052
13682	c71	ok	0.208
28282	c71	ok	2.768
3293	c71	ok	0.037
9767	c71	ok	0.032
9192	c71	ok	0.033
4998	c71	ok	0.062
803	c71	ok	0.016
5179	c71	ok	0.053
5566	c71	ok	0.012
9670	c71	ok	0.042
7605	c71	ok	0.065
9307	c71	ok	0.031
9824	c71	ok	0.002
3005	c71	ok	0.041
7921	c71	ok	0.024
5967	c71	ok	0.219
5209	c71	ok	0.123
8576	c71	ok	0.255
33013	c71	ok	0.026
6594	c71	ok	0.104
174	c71	ok	0.054
5742	c71	ok	0.025
8256	c72	ok	0.036
27973	c72	ok	0.050
9561	c72	ok	0.043
5728	c72	ok	0.086
8161	c72	ok	0.075
9152	c72	ok	0.061
6573	c72	ok	0.014
8160	c72	ok	0.022
136	c72	ok	0.029
7639	c72	ok	0.071
7824	c72	ok	0.066
29991	c72	ok	0.117
8824	c72	ok	0.040
1041	c72	ok	0.069
7206	c72	ok	0.818
27120	c72	ok	0.034
1379	c72	ok	0.030
6818	c72	ok	0.048
8176	c72	ok	0.068
6912	c72	ok	0.040
7766	c72	ok	0.031
5498	c72	ok	0.889
4080	c72	ok	0.059
14722	c72	ok	0.071
3606	c72	ok	0.061
4650	c72	ok	0.075
7863	c72	ok	0.031
9035	c72	ok	0.014
9322	c72	ok	0.049
12990	c72	ok	0.034
42	c72	ok	0.034
2741	c72	ok	0.064
14054	c72	ok	0.368
8749	c72	ok	0.091
8830	c72	ok	0.033
28777	c72	ok	0.019
7977	c72	ok	0.073
9461	c72	ok	0.031
9736	c72	ok	0.707
932	c72	ok	0.043
9581	c72	ok	0.036
6266	c72	ok	0.961
7499	c72	ok	0.030
8409	c72	ok	0.056
9691	c72	ok	0.850
7322	c72	ok	0.043
7884	c72	ok	0.031
25667	c72	ok	0.044
5502	c72	ok	0.020
7693	c72	ok	0.042
9708	c72	ok	0.123
9058	c72	ok	0.060
8076	c72	ok	0.007
28254	c72	ok	0.102
5009	c72	ok	0.031
5894	c72	ok	0.032
7404	c72	ok	0.034
27505	c72	ok	0.038
5290	c72	ok	0.032
8961	c72	ok	0.012
14241	c72	ok	0.030
883	c72	ok	0.019
5533	c72	ok	0.129
9248	c72	ok	0.070
9779	c72	ok	0.031
14546	c72	ok	0.032
9826	c72	ok	0.019
3666	c72	ok	0.020
6066	c72	ok	0.008
191	c72	ok	0.057
7401	c72	ok	0.023
21	c72	ok	0.038
6054	c72	ok	0.018
6390	c72	ok	0.030
9565	c72	ok	0.174
26905	c72	ok	0.073
5630	c72	ok	0.031
6294	c72	ok	0.031
6111	c72	ok	0.031
6289	c72	ok	0.144
7302	c72	ok	0.070
25164	c72	ok	0.166
3720	c72	ok	0.065
4503	c72	ok	0.017
8962	c72	ok	0.009
102	c72	ok	0.036
1665	c72	ok	0.034
7335	c72	ok	0.024
9809	c72	ok	0.024
6084	c72	ok	0.036
8123	c72	ok	0.032
8475	c72	ok	0.024
33056	c72	ok	0.013
29	c72	ok	0.031
2999	c73	ok	0.073
7642	c73	ok	0.056
8706	c73	ok	0.075
9542	c73	ok	0.031
6566	c73	ok	0.149
6624	c73	ok	0.033
28651	c73	ok	0.036
5251	c73	ok	0.074
25029	c73	ok	0.095
7750	c73	ok	0.032
6087	c73	ok	0.026
6389	c73	ok	0.037
8543	c73	ok	0.152
6204	c73	ok	0.043
6407	c73	ok	0.025
6852	c73	ok	0.140
7097	c73	ok	0.072
1602	c73	ok	0.041
8602	c73	ok	0.032
463	c73	ok	0.134
26277	c73	ok	0.008
3603	c73	ok	0.061
5457	c73	ok	0.058
9342	c73	ok	0.037
9641	c73	ok	0.046
2460	c73	ok	0.076
6643	c73	ok	0.032
115	c73	ok	0.035
1376	c73	ok	0.041
7185	c73	ok	0.020
7758	c73	ok	0.032
7808	c73	ok	0.011
9912	c73	ok	0.032
25458	c73	ok	0.100
969	c73	ok	0.029
8449	c73	ok	0.032
27685	c73	ok	0.050
7592	c73	ok	0.056
6262	c73	ok	0.068
6728	c73	ok	0.055
3624	c73	ok	0.085
7769	c73	ok	0.045
2452	c73	ok	0.055
6760	c73	ok	0.022
1692	c73	ok	0.130
3704	c73	ok	0.060
25117	c73	ok	0.047
5454	c73	ok	0.032
4860	c73	ok	0.008
6238	c73	ok	0.013
1581	c73	ok	0.063
3519	c73	ok	0.010
3004	c73	ok	0.074
5532	c73	ok	0.073
2207	c73	ok	0.047
1584	c73	ok	0.047
1766	c73	ok	0.072
5956	c73	ok	0.111
7723	c73	ok	0.056
4697	c73	ok	0.113
3489	c73	ok	0.009
6494	c73	ok	0.064
5696	c73	ok	0.034
5162	c73	ok	1.250
7207	c73	ok	0.034
22746	c73	ok	0.081
6104	c73	ok	0.019
9844	c73	ok	0.033
7614	c73	ok	0.028
8329	c73	ok	0.080
5579	c73	ok	0.639
6989	c73	ok	0.054
29347	c73	ok	0.800
7756	c73	ok	0.215
8233	c73	ok	0.059
2574	c73	ok	0.056
6265	c73	ok	0.010
8419	c73	ok	0.034
28680	c73	ok	0.146
1654	c73	ok	0.014
8538	c73	ok	0.042
3179	c73	ok	0.101
1413	c73	ok	0.033
5582	c73	ok	0.059
25869	c73	ok	0.210
28283	c73	ok	0.080
1913	c73	ok	0.068
6636	c73	ok	0.036
9592	c73	ok	0.099
29281	c73	ok	0.082
1713	c73	ok	0.089
7522	c73	ok	0.037
4666	c73	ok	0.005
6893	c73	ok	0.031
7458	c73	ok	0.041
3355	c73	ok	0.108
9794	c74	ok	0.044
9417	c74	ok	0.044
9310	c74	ok	0.066
26261	c74	ok	0.315
6431	c74	ok	0.035
8285	c74	ok	0.185
9010	c74	ok	0.031
5285	c74	ok	0.080
6257	c74	ok	0.025
8082	c74	ok	0.047
8775	c74	ok	0.045
9509	c74	DIFF	0.012
7838	c74	ok	0.013
9401	c74	ok	0.033
1432	c74	ok	0.042
7231	c74	ok	0.270
29891	c74	ok	0.036
6873	c74	ok	0.044
28603	c74	ok	0.175
1517	c74	ok	0.039
3539	c74	ok	0.026
9755	c74	ok	0.024
5752	c74	ok	0.023
6741	c74	ok	0.289
8018	c74	ok	0.077
8755	c74	ok	0.031
9606	c74	ok	0.027
9955	c74	ok	0.054
33778	c74	ok	0.037
1531	c74	ok	0.025
5207	c74	ok	0.109
7872	c74	ok	0.046
9867	c74	ok	0.054
741	c74	ok	0.145
7015	c74	ok	0.013
871	c74	ok	0.034
34076	c74	ok	0.117
29985	c74	ok	0.460
866	c74	ok	0.061
6250	c74	ok	0.126
4007	c74	ok	0.445
9626	c74	ok	0.057
7387	c74	ok	0.396
7949	c74	ok	0.160
26787	c74	ok	0.049
1339	c74	ok	0.054
6824	c74	ok	0.015
28985	c74	ok	0.098
17	c74	ok	0.024
114	c74	ok	0.053
2023	c74	ok	0.089
3830	c74	ok	0.054
9793	c74	ok	0.024
6793	c74	ok	0.066
9911	c74	ok	0.030
3796	c74	ok	0.907
5591	c74	ok	0.051
6236	c74	ok	0.304
7519	c74	ok	0.037
3059	c74	ok	0.036
5081	c74	ok	0.067
8115	c74	ok	0.133
6943	c74	ok	0.079
7417	c74	ok	0.017
6224	c74	ok	0.385
7298	c74	ok	0.031
7920	c74	ok	0.054
29886	c74	ok	0.117
1284	c74	ok	0.037
6173	c74	ok	0.036
27782	c74	ok	0.281
3713	c74	ok	0.074
1271	c74	ok	0.017
4819	c74	ok	0.053
7198	c74	ok	1.108
9164	c74	ok	0.222
334	c74	ok	0.079
3806	c74	ok	0.033
27641	c74	ok	0.031
25270	c74	ok	0.120
5722	c74	ok	0.029
6163	c74	ok	0.082
3260	c74	ok	0.024
32588	c74	ok	0.015
3811	c74	ok	0.033
3909	c74	ok	0.039
7392	c74	ok	0.397
8694	c74	ok	0.033
9583	c74	ok	0.024
5164	c74	ok	0.009
5901	c74	ok	0.024
7333	c74	ok	0.365
33815	c74	ok	0.040
8184	c74	ok	0.051
9426	c74	ok	0.033
8398	c74	ok	0.001
9825	c74	ok	0.135
7043	c75	ok	0.606
9855	c75	ok	0.040
3932	c75	ok	0.027
3862	c75	ok	0.049
6595	c75	ok	0.051
11459	c75	ok	0.104
306	c75	ok	0.017
948	c75	ok	0.032
28	c75	ok	0.064
1245	c75	ok	0.033
4714	c75	ok	0.025
6290	c75	ok	0.049
9614	c75	ok	0.071
30399	c75	ok	0.023
8834	c75	ok	1.562
6474	c75	ok	0.032
6924	c75	ok	0.302
8821	c75	ok	0.043
9206	c75	ok	0.089
5423	c75	ok	0.092
9472	c75	ok	0.029
7353	c75	ok	0.011
7287	c75	ok	0.026
347	c75	ok	0.074
2604	c75	ok	0.056
7223	c75	ok	0.010
7376	c75	ok	0.019
8217	c75	ok	0.068
5504	c75	ok	0.018
9185	c75	ok	0.052
9517	c75	ok	0.051
4214	c75	ok	0.083
6497	c75	ok	0.037
5994	c75	ok	0.376
6832	c75	ok	0.011
74	c75	ok	0.169
9698	c75	ok	0.035
5852	c75	ok	0.048
6900	c75	ok	0.031
8267	c75	ok	0.644
8988	c75	ok	0.186
961	c75	ok	0.032
5517	c75	ok	0.024
5654	c75	ok	0.052
9986	c75	ok	0.073
530	c75	ok	0.070
4506	c75	ok	0.079
4962	c75	ok	0.053
8918	c75	ok	0.057
33081	c75	ok	0.018
2691	c75	ok	0.039
1407	c75	ok	0.058
8437	c75	ok	0.099
9538	c75	ok	0.049
24632	c75	ok	0.036
8685	c75	ok	0.052
1867	c75	ok	0.064
7469	c75	ok	0.045
8486	c75	ok	0.119
700	c75	ok	0.027
29085	c75	ok	0.057
29432	c75	ok	0.058
1946	c75	ok	0.074
4041	c75	ok	0.025
4565	c75	ok	0.069
8481	c75	ok	0.261
26962	c75	ok	0.009
27501	c75	ok	0.032
8976	c75	ok	0.008
7638	c75	ok	0.297
25276	c75	ok	0.080
28766	c75	ok	0.178
34763	c75	ok	0.052
6973	c75	ok	0.054
1049	c75	ok	0.012
5183	c75	ok	0.084
5471	c75	ok	0.031
5940	c75	ok	0.031
5724	c75	ok	0.164
9768	c75	ok	0.169
5491	c75	ok	0.201
4283	c75	ok	0.046
7312	c75	ok	0.030
2531	c75	ok	0.036
7191	c75	ok	0.025
33547	c75	ok	0.072
34192	c75	ok	0.160
5362	c75	ok	0.029
6463	c75	ok	0.017
5917	c75	ok	0.140
2083	c75	ok	0.028
9996	c75	ok	0.019
8575	c75	ok	0.067
4217	c75	ok	0.009
9340	c75	ok	0.084
5930	c75	ok	0.411
5857	c75	ok	1.265
139	c75	ok	0.021
9543	c75	ok	0.018
6264	c75	ok	0.046
7310	c75	ok	0.076
32936	c76	ok	0.075
6049	c76	ok	0.124
6925	c76	ok	0.033
7785	c76	ok	0.024
27897	c76	ok	0.148
2582	c76	ok	0.123
27409	c76	ok	0.137
663	c76	ok	0.084
833	c76	ok	0.055
936	c76	ok	0.054
6269	c76	ok	0.108
28435	c76	ok	0.031
7538	c76	ok	0.010
28874	c76	ok	0.089
5027	c76	ok	0.057
5976	c76	ok	0.101
9603	c76	ok	0.036
865	c76	ok	0.048
3928	c76	ok	0.048
2141	c76	ok	0.034
4672	c76	ok	0.052
25628	c76	ok	0.054
4921	c76	ok	0.070
26771	c76	ok	0.039
2178	c76	ok	0.043
4866	c76	ok	0.111
27771	c76	ok	0.049
7142	c76	ok	0.115
28544	c76	ok	0.216
29944	c76	ok	0.231
5015	c76	ok	0.054
29414	c76	ok	6.285
4330	c76	ok	0.032
4135	c76	ok	0.077
2835	c76	ok	0.022
5158	c76	ok	0.055
51	c76	ok	0.075
3764	c76	ok	0.049
8672	c76	ok	0.134
3532	c76	ok	0.048
5437	c76	ok	0.044
29585	c76	ok	0.146
4176	c76	ok	0.196
28550	c76	ok	0.095
34830	c76	ok	0.018
4043	c76	ok	0.090
3774	c76	ok	0.008
6430	c76	ok	0.033
30173	c76	ok	0.100
4771	c76	ok	0.051
8017	c76	ok	0.081
279	c76	ok	0.111
2151	c76	ok	0.321
6628	c76	ok	0.028
9692	c76	ok	0.136
27824	c76	ok	0.030
1737	c76	ok	0.056
6687	c76	ok	0.046
679	c76	ok	0.161
9193	c76	ok	0.033
6647	c76	ok	0.068
34823	c76	ok	0.180
31052	c76	ok	0.021
1827	c76	ok	0.134
25434	c76	ok	0.494
3031	c76	ok	0.234
5634	c76	ok	0.090
6779	c76	ok	0.037
7129	c76	ok	0.002
8928	c76	ok	0.078
26472	c76	ok	0.050
2192	c76	ok	0.052
7024	c76	ok	0.066
25342	c76	ok	0.010
8425	c76	ok	0.036
31048	c76	ok	0.032
6318	c76	ok	0.288
6060	c76	ok	0.031
9169	c76	ok	0.132
8117	c76	ok	0.040
7849	c76	ok	0.122
20334	c76	ok	0.141
31760	c76	ok	0.180
33870	c76	ok	0.061
8106	c76	ok	0.220
4498	c76	ok	0.099
5461	c76	ok	0.152
9480	c76	ok	0.217
8396	c76	ok	0.059
27349	c76	ok	0.110
6688	c76	ok	0.033
2655	c76	ok	0.101
1724	c76	ok	0.134
4979	c76	ok	0.025
3251	c76	ok	0.073
31791	c76	ok	0.055
9070	c77	ok	0.093
33911	c77	ok	0.068
9697	c77	ok	0.024
25866	c77	ok	0.073
28704	c77	ok	0.104
395	c77	ok	0.106
25956	c77	ok	0.146
842	c77	ok	0.042
8446	c77	ok	0.062
386	c77	ok	0.077
27519	c77	ok	0.261
26285	c77	ok	0.107
9545	c77	ok	0.122
25134	c77	ok	0.391
3709	c77	ok	0.088
33518	c77	ok	0.076
33949	c77	ok	0.045
30042	c77	ok	0.073
25885	c77	ok	0.800
3486	c77	ok	0.053
1738	c77	ok	0.079
4297	c77	ok	0.199
9202	c77	ok	0.106
9905	c77	ok	0.060
3750	c77	ok	0.044
7390	c77	ok	0.053
27578	c77	ok	0.080
9279	c77	ok	0.111
25032	c77	ok	0.053
6586	c77	ok	0.060
33551	c77	ok	0.040
2961	c77	ok	0.087
3044	c77	ok	0.025
22621	c77	ok	0.042
31482	c77	ok	0.064
7649	c77	ok	0.041
30838	c77	ok	0.181
1280	c77	ok	0.053
2548	c77	ok	0.049
26076	c77	ok	0.159
29243	c77	ok	0.168
2648	c77	ok	0.079
8849	c77	ok	0.170
29565	c77	ok	0.143
4122	c77	ok	0.080
27788	c77	ok	0.058
6513	c77	ok	0.007
3156	c77	ok	0.033
4721	c77	ok	0.059
7494	c77	ok	0.038
31127	c77	ok	0.139
34363	c77	ok	0.053
3432	c77	ok	0.043
7062	c77	ok	0.014
7481	c77	ok	0.477
26152	c77	ok	0.047
27253	c77	ok	0.321
5106	c77	ok	0.053
8601	c77	ok	0.071
6939	c77	ok	0.180
2378	c77	ok	0.085
3766	c77	ok	0.080
7491	c77	ok	0.048
25928	c77	ok	0.034
2339	c77	ok	0.055
32899	c77	ok	0.069
6112	c77	ok	0.039
7803	c77	ok	0.014
28920	c77	ok	0.127
29381	c77	ok	0.058
22188	c77	ok	0.038
31562	c77	ok	0.032
6747	c77	ok	0.031
5192	c77	ok	0.074
9443	c77	ok	0.171
32973	c77	ok	0.067
33999	c77	ok	0.142
4379	c77	ok	0.036
6921	c77	ok	0.497
8585	c77	ok	0.084
6523	c77	ok	0.061
8802	c77	ok	0.052
6227	c77	ok	0.032
29245	c77	ok	0.166
4019	c77	ok	0.091
8035	c77	ok	0.048
34367	c77	ok	0.032
5355	c77	ok	0.102
25453	c77	ok	0.125
7201	c77	ok	0.071
8805	c77	ok	0.085
27243	c77	ok	0.239
8863	c77	ok	1.151
1154	c77	ok	0.039
23401	c77	ok	0.072
26314	c77	ok	0.114
26028	c77	ok	0.050
7212	c77	ok	0.066
25960	c77	ok	0.258
3550	c77	ok	0.076
5065	c78	ok	0.063
20337	c78	ok	0.040
26087	c78	ok	0.115
5172	c78	ok	0.045
31570	c78	ok	0.172
7144	c78	ok	0.092
2246	c78	ok	0.084
23200	c78	ok	0.089
27273	c78	ok	0.737
1051	c78	ok	0.035
2561	c78	ok	1.875
2857	c78	ok	0.526
34272	c78	ok	0.593
516	c78	ok	0.180
1925	c78	ok	0.043
27570	c78	ok	0.119
3366	c78	ok	0.086
34619	c78	ok	0.124
3693	c78	ok	0.071
30063	c78	ok	0.038
9803	c78	ok	0.064
1479	c78	ok	0.132
34544	c78	ok	0.094
28379	c78	ok	0.034
23752	c78	ok	0.098
34974	c78	ok	0.060
6947	c78	ok	0.046
33132	c78	ok	0.076
643	c78	ok	0.097
25800	c78	ok	0.025
34851	c78	ok	0.040
9172	c78	ok	0.024
32053	c78	ok	0.060
5567	c78	ok	0.076
7123	c78	ok	0.112
1714	c78	ok	0.095
3619	c78	ok	0.081
1771	c78	ok	0.176
26811	c78	ok	0.081
27203	c78	ok	0.301
27951	c78	ok	0.124
5943	c78	ok	0.003
28511	c78	ok	0.061
22976	c78	ok	0.018
55	c78	ok	0.036
20548	c78	ok	0.093
25941	c78	ok	0.164
31367	c78	ok	0.039
31244	c78	ok	0.046
415	c78	ok	0.041
2181	c78	ok	0.067
2061	c78	ok	0.120
1057	c78	ok	0.036
33460	c78	ok	0.008
9960	c78	ok	0.050
348	c78	ok	0.117
8205	c78	ok	0.078
3822	c78	ok	0.033
7328	c78	ok	0.172
24163	c78	ok	0.112
8072	c78	ok	0.145
23505	c78	ok	0.086
29615	c78	ok	0.071
24737	c78	ok	0.024
31757	c78	ok	0.058
210	c78	ok	0.057
33090	c78	ok	0.072
25272	c78	ok	0.726
28886	c78	ok	0.034
34788	c78	ok	0.072
33435	c78	ok	0.135
34918	c78	ok	0.025
8792	c78	ok	0.070
26547	c78	ok	0.205
6632	c78	ok	0.069
4972	c78	ok	0.062
33633	c78	ok	0.123
2510	c78	ok	0.075
34298	c78	ok	0.092
26717	c78	ok	0.093
5434	c78	ok	0.031
28751	c78	ok	0.014
1926	c78	ok	0.099
34320	c78	ok	0.041
25073	c78	ok	0.162
31084	c78	ok	0.175
1466	c78	ok	0.113
8656	c78	ok	0.048
33231	c78	ok	0.031
24393	c78	ok	0.050
31868	c78	ok	0.121
27475	c78	ok	0.115
31452	c78	ok	0.081
5984	c78	ok	0.086
34799	c78	ok	0.032
6491	c79	ok	0.028
30785	c79	ok	0.122
808	c79	ok	0.094
33082	c79	ok	0.046
2665	c79	ok	0.036
26462	c79	ok	0.036
31401	c79	ok	0.078
32550	c79	ok	0.044
7683	c79	ok	1.736
22053	c79	ok	0.067
24616	c79	ok	0.096
20777	c79	ok	0.066
31177	c79	ok	0.124
27359	c79	ok	1.216
31548	c79	ok	0.112
2455	c79	ok	0.016
26206	c79	ok	0.115
5556	c79	ok	0.033
7749	c79	ok	0.041
24154	c79	ok	0.264
222	c79	ok	0.291
4610	c79	ok	0.093
3014	c79	ok	0.072
25522	c79	ok	0.029
20865	c79	ok	0.022
32236	c79	ok	0.330
21896	c79	ok	0.086
30982	c79	ok	0.054
10502	c79	ok	0.299
31216	c79	ok	0.032
27768	c79	ok	0.508
1619	c79	ok	0.150
25005	c79	ok	0.115
29230	c79	ok	0.128
3296	c79	ok	0.075
2546	c79	ok	0.072
7515	c79	ok	0.123
9732	c79	ok	0.174
25981	c79	ok	0.514
29320	c79	ok	0.027
1266	c79	ok	0.063
6004	c79	ok	0.120
31064	c79	ok	0.052
32648	c79	ok	0.086
2736	c79	ok	0.068
2965	c79	ok	0.051
8947	c79	ok	0.080
33427	c79	ok	0.052
8757	c79	ok	0.067
30227	c79	ok	0.057
25177	c79	ok	0.099
9094	c79	ok	0.121
4773	c79	ok	0.130
9766	c79	ok	0.076
3081	c79	ok	0.056
34696	c79	ok	0.066
20039	c79	ok	0.147
24297	c79	ok	0.089
33356	c79	ok	0.060
32751	c79	ok	0.154
26510	c79	ok	0.153
3468	c79	ok	0.156
23619	c79	ok	0.043
31145	c79	ok	0.106
2197	c79	ok	0.040
6591	c79	ok	0.202
29971	c79	ok	0.171
32058	c79	ok	0.033
31004	c79	ok	0.071
29780	c79	ok	0.081
29799	c79	ok	0.078
31317	c79	ok	0.053
30576	c79	ok	0.065
25737	c79	ok	0.125
34399	c79	ok	0.047
23266	c79	ok	0.066
30920	c79	ok	0.143
4560	c79	ok	0.053
21193	c79	ok	0.162
25114	c79	ok	0.132
29499	c79	ok	0.160
23252	c79	ok	0.042
24045	c79	ok	0.075
33690	c79	ok	0.156
30689	c79	ok	0.071
28380	c79	ok	0.027
26497	c79	ok	0.275
25238	c79	ok	0.189
11656	c79	ok	0.071
30476	c79	ok	0.109
34055	c79	ok	0.075
30090	c79	ok	0.111
25848	c79	ok	0.167
23893	c79	ok	0.028
20719	c79	ok	0.057
33373	c79	ok	0.118
34801	c79	ok	0.112
22117	c79	ok	0.056
20091	c79	ok	0.030
24494	c80	ok	0.158
9336	c80	ok	0.034
12995	c80	ok	0.181
12354	c80	ok	0.055
10426	c80	ok	0.039
29609	c80	ok	0.067
5477	c80	ok	0.068
7079	c80	ok	0.038
7878	c80	ok	0.061
4907	c80	ok	0.060
4750	c80	ok	0.072
27384	c80	ok	0.121
6812	c80	ok	0.031
7852	c80	ok	0.046
8147	c80	ok	0.079
11924	c80	ok	0.031
14475	c80	ok	0.034
14695	c80	ok	1.305
12422	c80	ok	0.082
31429	c80	ok	0.054
447	c80	ok	0.054
11236	c80	ok	0.042
11294	c80	ok	0.057
8126	c80	ok	0.140
13140	c80	ok	0.384
8010	c80	ok	0.032
3590	c80	ok	0.021
10629	c80	ok	0.163
6807	c80	ok	0.171
9182	c80	ok	0.035
7459	c80	ok	0.028
11377	c80	ok	0.662
6421	c80	ok	0.188
5343	c80	ok	0.003
1745	c80	ok	0.057
13111	c80	ok	0.084
11643	c80	ok	0.057
9043	c80	ok	0.181
550	c80	ok	0.019
8473	c80	ok	0.083
13392	c80	ok	0.048
5993	c80	ok	0.959
8047	c80	ok	0.724
5720	c80	ok	0.037
27058	c80	ok	0.152
4207	c80	ok	0.052
5480	c80	ok	0.034
8984	c80	ok	0.037
13337	c80	ok	0.084
6141	c80	ok	0.031
6202	c80	ok	0.007
3182	c80	ok	0.015
7634	c80	ok	0.013
6041	c80	ok	0.065
1918	c80	ok	0.037
6858	c80	ok	0.172
6976	c80	ok	0.017
4981	c80	ok	0.035
5878	c80	ok	0.063
5413	c80	ok	0.027
7710	c80	ok	0.187
6641	c80	ok	0.039
5317	c80	ok	0.031
27279	c80	ok	0.233
707	c80	ok	0.079
8718	c80	ok	0.046
8902	c80	ok	0.037
9416	c80	ok	0.040
12786	c80	ok	0.046
7591	c80	ok	0.034
9515	c80	ok	0.014
10233	c80	ok	0.075
6402	c80	ok	0.052
5049	c80	ok	0.048
7373	c80	ok	0.609
5272	c80	ok	0.081
5489	c80	ok	0.057
5875	c80	ok	0.138
8516	c80	ok	0.016
9535	c80	ok	0.410
3500	c80	ok	0.083
10277	c80	ok	0.067
3530	c80	ok	0.036
1591	c80	ok	0.049
5508	c80	ok	0.028
8535	c80	ok	0.423
9978	c80	ok	0.034
8776	c80	ok	0.032
3670	c80	ok	0.077
5478	c80	ok	0.037
8359	c80	ok	0.139
8350	c80	ok	0.043
8495	c80	ok	0.047
14823	c80	ok	0.050
3782	c81	ok	0.037
5813	c81	ok	0.059
6953	c81	ok	0.037
8926	c81	ok	0.024
8150	c81	ok	0.041
6079	c81	ok	0.244
7388	c81	ok	0.058
7087	c81	ok	0.036
8448	c81	ok	0.334
29445	c81	ok	0.029
7604	c81	ok	0.020
2831	c81	ok	0.008
8068	c81	ok	0.035
1307	c81	ok	0.029
6774	c81	ok	0.125
4076	c81	ok	0.155
14468	c81	ok	0.018
27392	c81	ok	0.106
28561	c81	ok	0.089
4474	c81	ok	0.036
5003	c81	ok	0.033
7964	c81	ok	0.616
5535	c81	ok	0.014
670	c81	ok	0.029
9191	c81	ok	0.032
3053	c81	ok	0.033
23902	c81	ok	0.034
2931	c81	ok	0.145
7960	c81	ok	0.042
12898	c81	ok	0.048
2783	c81	ok	0.030
5988	c81	ok	0.023
8733	c81	ok	0.052
12309	c81	ok	0.058
9478	c81	ok	0.035
9501	c81	ok	0.033
8842	c81	ok	0.824
1655	c81	ok	0.088
6445	c81	ok	0.031
6982	c81	ok	0.029
25346	c81	ok	0.076
816	c81	ok	0.032
9847	c81	ok	0.053
8098	c81	ok	0.077
5485	c81	ok	0.076
6623	c81	ok	0.045
7703	c81	ok	0.360
22656	c81	ok	0.014
4881	c81	ok	0.093
6654	c81	ok	0.032
729	c81	ok	0.033
481	c81	ok	0.061
6955	c81	ok	0.153
33639	c81	ok	0.080
5367	c81	ok	0.645
5575	c81	ok	0.157
5063	c81	ok	0.055
1040	c81	ok	0.082
2656	c81	ok	0.018
7814	c81	ok	0.055
235	c81	ok	0.010
8861	c81	ok	0.043
6336	c81	ok	0.058
7296	c81	ok	0.118
9374	c81	ok	0.035
134	c81	ok	0.013
678	c81	ok	0.133
1134	c81	ok	0.089
6138	c81	ok	0.390
6660	c81	ok	0.041
3643	c81	ok	0.010
5756	c81	ok	0.014
7003	c81	ok	0.058
5234	c81	ok	0.043
9613	c81	ok	0.058
5301	c81	ok	0.036
5619	c81	ok	0.099
7371	c81	ok	0.041
4298	c81	ok	0.028
9236	c81	ok	0.077
9503	c81	ok	0.035
3808	c81	ok	0.061
7182	c81	ok	0.027
4484	c81	ok	0.023
7106	c81	ok	0.035
5325	c81	ok	0.045
9880	c81	ok	0.032
5216	c81	ok	0.055
8547	c81	ok	0.064
7980	c81	ok	0.071
9267	c81	ok	0.067
25347	c81	ok	0.718
5426	c81	ok	0.056
9284	c81	ok	0.067
9601	c81	ok	0.032
8271	c82	ok	0.057
2499	c82	ok	0.004
3	c82	ok	0.109
13256	c82	ok	0.044
28669	c82	ok	0.056
31527	c82	ok	0.022
4581	c82	ok	0.054
5149	c82	ok	0.035
3346	c82	ok	0.042
1189	c82	ok	0.107
6374	c82	ok	0.059
7597	c82	ok	0.061
7847	c82	ok	0.030
9165	c82	ok	0.213
7913	c82	ok	0.047
8139	c82	ok	0.403
7621	c82	ok	0.050
22445	c82	ok	0.047
1498	c82	ok	0.032
5473	c82	ok	0.381
7315	c82	ok	0.102
8001	c82	ok	0.048
8096	c82	ok	0.683
7246	c82	ok	0.054
8851	c82	ok	0.118
5552	c82	ok	0.012
8307	c82	ok	0.045
9261	c82	ok	0.054
5449	c82	ok	0.023
6505	c82	ok	0.050
8649	c82	ok	0.061
2289	c82	ok	0.007
9838	c82	ok	0.031
4463	c82	ok	0.060
6651	c82	ok	0.034
206	c82	ok	0.068
1285	c82	ok	0.013
1487	c82	ok	0.090
5318	c82	ok	0.110
8008	c82	ok	0.054
7835	c82	ok	0.041
9017	c82	ok	0.064
360	c82	ok	0.050
3100	c82	ok	0.032
6995	c82	ok	0.016
8745	c82	ok	0.050
1254	c82	ok	0.028
9257	c82	ok	0.411
5596	c82	ok	0.657
8867	c82	ok	0.047
10881	c82	ok	0.185
22635	c82	ok	0.014
2936	c82	ok	0.052
7113	c82	ok	0.024
6401	c82	ok	0.092
568	c82	ok	0.017
8709	c82	ok	0.049
1810	c82	ok	0.017
7719	c82	ok	0.049
4925	c82	ok	0.064
420	c82	ok	0.042
7563	c82	ok	0.035
8827	c82	ok	0.030
23	c82	ok	0.040
3954	c82	ok	0.050
6176	c82	ok	0.034
8719	c82	ok	0.051
8580	c82	ok	0.049
131	c82	ok	0.035
2195	c82	ok	0.121
5846	c82	ok	0.049
2865	c82	ok	0.052
4053	c82	ok	0.011
7905	c82	ok	0.045
8390	c82	ok	0.973
5034	c82	ok	0.041
6906	c82	ok	0.034
5708	c82	ok	0.042
5464	c82	ok	0.042
5505	c82	ok	0.411
4313	c82	ok	0.074
5108	c82	ok	1.034
27224	c82	ok	0.103
3090	c82	ok	0.064
3873	c82	ok	0.025
8832	c83	ok	0.039
1384	c83	ok	0.943
31338	c83	ok	0.049
2257	c83	ok	0.084
3188	c83	ok	0.040
8278	c83	ok	0.582
9646	c83	ok	0.037
2273	c83	ok	0.052
3706	c83	ok	0.014
8099	c83	ok	0.025
2956	c83	ok	0.016
5960	c83	ok	0.036
3055	c83	ok	0.128
3859	c83	ok	0.105
4990	c83	ok	0.120
6799	c83	ok	0.001
20800	c83	ok	0.050
3824	c83	ok	0.029
7108	c83	ok	0.031
7428	c83	ok	0.033
8503	c83	ok	0.594
8896	c83	ok	0.029
8905	c83	ok	0.043
10682	c83	ok	0.106
2315	c83	ok	0.001
6098	c83	ok	0.174
9462	c83	ok	0.128
32414	c83	ok	0.021
6509	c83	ok	0.021
7868	c83	ok	0.043
2485	c83	ok	0.035
29933	c83	ok	10.210
33807	c83	ok	0.029
5405	c83	ok	0.195
2159	c83	ok	0.053
2911	c83	ok	0.073
7686	c83	ok	0.029
8368	c83	ok	0.098
3280	c83	ok	0.074
7249	c83	ok	0.007
3064	c83	ok	0.031
4419	c83	ok	0.046
6373	c83	ok	0.035
2709	c83	ok	0.009
3207	c83	ok	0.017
7204	c83	ok	0.033
6997	c83	ok	0.047
29644	c83	ok	0.037
252	c83	ok	0.039
2719	c83	ok	0.057
3354	c83	ok	0.085
3427	c83	ok	0.069
7685	c83	ok	0.067
8777	c83	ok	1.261
3490	c83	ok	0.040
8727	c83	ok	0.039
3642	c83	ok	0.035
31871	c83	ok	0.039
5170	c83	ok	0.056
6190	c83	ok	0.112
9711	c83	ok	0.042
3088	c83	ok	0.002
5558	c83	ok	0.339
8323	c83	ok	0.048
2530	c83	ok	0.056
3906	c83	ok	0.053
9415	c83	ok	0.268
394	c83	ok	0.039
3342	c83	ok	0.092
4961	c83	ok	0.031
650	c83	ok	0.091
2689	c83	ok	0.057
2878	c83	ok	0.012
7776	c83	ok	0.063
2106	c83	ok	0.031
4194	c83	ok	0.059
2004	c83	ok	0.060
8415	c83	ok	0.034
727	c83	ok	0.231
5206	c83	ok	0.010
5537	c83	ok	0.020
7055	c83	ok	0.031
32697	c83	ok	0.034
24126	c83	ok	0.046
6201	c83	ok	0.006
6839	c83	ok	0.045
188	c83	ok	0.053
6500	c83	ok	0.031
8679	c83	ok	0.049
5246	c83	ok	0.038
7452	c83	ok	0.001
2757	c83	ok	0.072
25750	c83	ok	0.043
5628	c83	ok	0.025
6182	c83	ok	0.030
6864	c84	ok	0.041
1429	c84	ok	0.019
4082	c84	ok	0.037
8491	c84	ok	0.037
32341	c84	ok	0.065
5812	c84	ok	0.042
3522	c84	ok	0.071
27420	c84	ok	0.053
5544	c84	ok	1.390
8253	c84	ok	0.056
8525	c84	ok	0.033
9140	c84	ok	0.059
9327	c84	ok	0.078
311	c84	ok	0.063
1214	c84	ok	0.077
705	c84	ok	0.049
2379	c84	ok	0.030
3718	c84	ok	0.025
9218	c84	ok	0.066
2649	c84	ok	0.132
3295	c84	ok	0.036
543	c84	ok	0.240
4638	c84	ok	0.034
7734	c84	ok	0.453
8077	c84	ok	0.038
9498	c84	ok	0.037
3644	c84	ok	0.038
7056	c84	ok	0.035
3496	c84	ok	0.970
5021	c84	ok	0.024
10368	c84	ok	0.088
5767	c84	ok	0.031
4327	c84	ok	0.045
6363	c84	ok	0.042
913	c84	ok	0.031
448	c84	ok	0.015
1525	c84	ok	0.012
7474	c84	ok	0.054
10399	c84	ok	1.226
13107	c84	ok	0.031
7681	c84	ok	0.053
5827	c84	ok	0.099
294	c84	ok	0.018
5007	c84	ok	0.036
6017	c84	ok	0.044
1110	c84	ok	0.026
5745	c84	ok	0.032
8882	c84	ok	0.032
6287	c84	ok	0.036
1634	c84	ok	0.100
8468	c84	ok	0.147
3104	c84	ok	0.046
5052	c84	ok	0.179
8696	c84	ok	0.021
1251	c84	ok	0.006
25228	c84	ok	0.033
6859	c84	ok	0.030
4801	c84	ok	0.057
7293	c84	ok	0.033
28393	c84	ok	0.032
6630	c84	ok	0.049
425	c84	ok	0.011
1953	c84	ok	0.044
4675	c84	ok	0.016
5755	c84	ok	0.026
21979	c84	ok	0.034
34586	c84	ok	0.017
1268	c84	ok	0.026
9064	c84	ok	0.594
28349	c84	ok	0.484
2369	c84	ok	0.092
7948	c84	ok	0.047
9210	c84	ok	0.071
7044	c84	ok	0.071
1467	c84	ok	0.033
5490	c84	ok	0.001
8467	c84	ok	0.031
6938	c84	ok	0.006
4216	c84	ok	0.068
5674	c84	ok	0.055
7215	c84	ok	0.027
8420	c84	ok	0.037
1081	c84	ok	0.076
3101	c84	ok	1.057
8522	c84	ok	0.045
1337	c84	ok	0.009
9324	c84	ok	0.057
930	c84	ok	0.059
5912	c84	ok	0.103
6980	c84	ok	0.032
9003	c84	ok	0.046
6214	c84	ok	0.090
749	c85	ok	0.039
2350	c85	ok	0.046
8558	c85	ok	0.602
20794	c85	ok	0.043
27976	c85	ok	0.031
2537	c85	ok	0.107
9139	c85	ok	1.040
9723	c85	ok	1.697
34959	c85	ok	0.074
491	c85	ok	0.055
2644	c85	ok	0.265
72	c85	ok	0.023
737	c85	ok	0.024
9404	c85	ok	0.048
2189	c85	ok	0.040
4487	c85	ok	0.041
4683	c85	ok	0.107
8074	c85	ok	0.009
9220	c85	ok	0.096
1870	c85	ok	0.052
8519	c85	ok	0.022
2638	c85	ok	0.054
7727	c85	ok	0.018
29614	c85	ok	0.087
32153	c85	ok	0.058
4415	c85	ok	0.067
5109	c85	ok	0.043
5468	c85	ok	0.031
6342	c85	ok	0.061
6749	c85	ok	0.029
3841	c85	ok	0.040
4141	c85	ok	0.035
9524	c85	ok	0.048
2815	c85	ok	0.029
5725	c85	ok	0.036
7034	c85	ok	0.034
1044	c85	ok	0.055
164	c85	ok	0.066
23233	c85	ok	0.048
7119	c85	ok	0.070
7350	c85	ok	0.034
26841	c85	ok	0.156
5227	c85	ok	0.032
5549	c85	ok	0.036
7879	c85	ok	0.637
30581	c85	ok	0.044
669	c85	ok	0.039
9722	c85	ok	0.034
7787	c85	ok	0.097
6088	c85	ok	0.007
32784	c85	ok	0.043
4863	c85	ok	0.053
6271	c85	ok	0.032
772	c85	ok	0.150
7101	c85	ok	0.090
25221	c85	ok	0.026
28299	c85	ok	0.034
2605	c85	ok	0.097
2569	c85	ok	0.070
3124	c85	ok	0.148
4311	c85	ok	0.041
3439	c85	ok	0.026
25798	c85	ok	0.070
2635	c85	ok	0.068
14727	c85	ok	0.087
5483	c85	ok	0.035
6068	c85	ok	0.103
7013	c85	ok	0.029
29112	c85	ok	0.060
2811	c85	ok	0.025
635	c85	ok	0.055
2584	c85	ok	0.032
6712	c85	ok	0.034
30218	c85	ok	0.572
9521	c85	ok	0.057
196	c85	ok	0.055
8648	c85	ok	0.042
27712	c85	ok	0.088
1223	c85	ok	0.067
4090	c85	ok	0.031
5073	c85	ok	0.044
6051	c85	ok	0.114
30899	c85	ok	0.049
7132	c85	ok	0.079
8799	c85	ok	0.036
31797	c85	ok	0.053
2230	c85	ok	0.020
954	c85	ok	0.034
7881	c85	ok	0.032
33524	c85	ok	0.089
3018	c85	ok	0.019
5877	c85	ok	0.063
8833	c85	ok	0.099
356	c86	ok	0.064
7891	c86	ok	0.033
32048	c86	ok	0.131
200	c86	ok	0.201
3301	c86	ok	0.058
6308	c86	ok	0.029
32456	c86	ok	0.817
928	c86	ok	0.031
3125	c86	ok	0.026
2697	c86	ok	0.011
1385	c86	ok	0.055
1014	c86	ok	0.033
1380	c86	ok	0.003
6044	c86	ok	0.044
1793	c86	ok	0.040
2612	c86	ok	0.045
888	c86	ok	0.031
3278	c86	ok	0.045
5309	c86	ok	0.032
26754	c86	ok	0.035
8474	c86	ok	0.035
5555	c86	ok	0.056
34765	c86	ok	0.028
24052	c86	ok	0.026
6177	c86	ok	0.042
30657	c86	ok	0.039
1078	c86	ok	0.149
2562	c86	ok	0.023
622	c86	ok	0.133
1201	c86	ok	0.012
1937	c86	ok	0.033
2916	c86	ok	0.029
4888	c86	ok	0.008
8197	c86	ok	0.377
8812	c86	ok	0.042
29968	c86	ok	0.106
34698	c86	ok	0.091
398	c86	ok	0.029
3234	c86	ok	0.007
6865	c86	ok	0.051
29291	c86	ok	0.154
1318	c86	ok	0.151
4153	c86	ok	0.054
8173	c86	ok	0.032
2513	c86	ok	0.074
6215	c86	ok	0.031
2764	c86	ok	0.033
6069	c86	ok	0.031
9381	c86	ok	0.102
2596	c86	ok	0.058
8950	c86	ok	0.015
26758	c86	ok	0.058
3879	c86	ok	0.064
28105	c86	ok	0.039
5772	c86	ok	0.132
1068	c86	ok	0.049
4626	c86	ok	0.042
8104	c86	ok	0.051
1820	c86	ok	0.011
5957	c86	ok	0.070
253	c86	ok	0.062
7319	c86	ok	0.031
7501	c86	ok	0.031
27313	c86	ok	0.023
5254	c86	ok	0.001
6327	c86	ok	0.072
7045	c86	ok	0.038
33700	c86	ok	0.009
34387	c86	ok	0.092
1077	c86	ok	0.060
7313	c86	ok	0.062
8031	c86	ok	0.186
8873	c86	ok	0.624
9859	c86	ok	0.035
5935	c86	ok	0.062
8060	c86	ok	0.027
2248	c86	ok	0.032
9819	c86	ok	0.040
1832	c86	ok	0.019
3219	c86	ok	0.070
3407	c86	ok	0.135
26306	c86	ok	0.141
995	c86	ok	0.064
31815	c86	ok	0.029
3369	c86	ok	0.122
5519	c86	ok	0.035
5913	c86	ok	0.152
7821	c86	ok	0.141
3629	c86	ok	0.019
180	c86	ok	0.026
396	c86	ok	0.042
3748	c86	ok	0.028
4752	c86	ok	0.021
6011	c86	ok	0.032
4631	c86	ok	0.044
1915	c86	ok	0.038
7707	c86	ok	0.064
2748	c86	ok	0.116
7697	c86	ok	0.031
3646	c86	ok	0.060
4654	c86	ok	0.112
1504	c86	ok	0.056
2344	c86	ok	0.087
25105	c87	ok	0.121
4852	c87	ok	0.045
5747	c87	ok	0.077
8712	c87	ok	0.038
6433	c87	ok	0.039
26238	c87	ok	0.081
8987	c87	ok	0.024
3454	c87	ok	0.079
25018	c87	ok	0.059
25806	c87	ok	0.059
28890	c87	ok	0.032
3435	c87	ok	0.029
3046	c87	ok	0.032
1061	c87	ok	0.047
3847	c87	ok	0.033
3902	c87	ok	0.023
1095	c87	ok	0.040
2817	c87	ok	0.028
9791	c87	ok	0.093
32583	c87	ok	0.070
1007	c87	ok	0.037
1753	c87	ok	0.040
151	c87	ok	0.010
1173	c87	ok	0.034
806	c87	ok	0.034
2194	c87	ok	1.267
2980	c87	ok	0.034
7164	c87	ok	0.034
8484	c87	ok	0.032
23633	c87	ok	0.040
22495	c87	ok	0.036
690	c87	ok	0.009
3332	c87	ok	0.069
6664	c87	ok	0.033
9038	c87	ok	0.031
5860	c87	ok	0.227
6682	c87	ok	0.060
11146	c87	ok	0.251
31166	c87	ok	0.043
26414	c87	ok	0.035
4191	c87	ok	0.044
2347	c87	ok	0.081
5071	c87	ok	0.031
380	c87	ok	0.099
3719	c87	ok	0.036
4412	c87	ok	0.036
29508	c87	ok	0.034
3742	c87	ok	0.067
4142	c87	ok	0.047
4371	c87	ok	0.131
25510	c87	ok	0.037
21422	c87	ok	0.050
755	c87	ok	0.044
20388	c87	ok	0.062
27814	c87	ok	0.228
2603	c87	ok	0.053
3968	c87	ok	0.015
24610	c87	ok	0.067
71	c87	ok	0.074
9271	c87	ok	0.031
29781	c87	ok	1.629
3867	c87	ok	0.053
6133	c87	ok	0.634
1887	c87	ok	0.035
3779	c87	ok	0.039
21112	c87	ok	0.048
30992	c87	ok	0.045
5062	c87	ok	0.146
33977	c87	ok	0.065
1282	c87	ok	0.036
7739	c87	ok	0.027
2861	c87	ok	0.069
3894	c87	ok	0.022
2766	c87	ok	0.048
4923	c87	ok	0.103
7654	c87	ok	0.234
8724	c87	ok	0.106
1143	c87	ok	0.053
2287	c87	ok	0.059
2609	c87	ok	0.058
4088	c87	ok	0.049
33316	c87	ok	0.040
1765	c87	ok	0.029
1807	c87	ok	0.045
7925	c87	ok	0.052
8319	c87	ok	0.006
30331	c87	ok	0.041
2849	c87	ok	0.071
7300	c87	ok	0.034
34552	c87	ok	0.045
1050	c87	ok	0.066
3710	c87	ok	0.017
5673	c87	ok	0.107
27515	c87	ok	1.308
766	c87	ok	0.041
4544	c87	ok	0.010
5617	c88	ok	0.060
25120	c88	ok	0.040
4496	c88	ok	0.046
6843	c88	ok	0.068
21195	c88	ok	0.469
31099	c88	ok	0.024
3281	c88	ok	0.023
5753	c88	ok	0.044
7700	c88	ok	0.058
3340	c88	ok	0.046
9993	c88	ok	0.024
31779	c88	ok	0.055
33563	c88	ok	0.048
1909	c88	ok	0.044
830	c88	ok	0.034
1966	c88	ok	0.115
31629	c88	ok	0.037
4387	c88	ok	0.034
3878	c88	ok	0.010
9306	c88	ok	0.041
20231	c88	ok	0.053
1362	c88	ok	0.031
1489	c88	ok	0.037
9325	c88	ok	0.069
3405	c88	ok	0.036
5347	c88	ok	0.051
6514	c88	ok	0.062
9444	c88	ok	0.039
26959	c88	ok	0.395
9355	c88	ok	0.034
9572	c88	ok	0.067
1996	c88	ok	0.100
61	c88	ok	0.144
2598	c88	ok	0.013
26263	c88	ok	0.928
3274	c88	ok	0.137
6022	c88	ok	0.407
30459	c88	ok	0.045
2632	c88	ok	0.086
5024	c88	ok	0.068
1622	c88	ok	0.061
2746	c88	ok	0.034
5103	c88	ok	0.084
8846	c88	ok	0.056
9673	c88	ok	0.045
4262	c88	ok	0.101
8151	c88	ok	0.028
20065	c88	ok	0.051
8500	c88	ok	0.026
1554	c88	ok	0.079
5038	c88	ok	0.050
800	c88	ok	0.083
7009	c88	ok	0.112
7445	c88	ok	1.307
1263	c88	ok	0.059
29938	c88	ok	0.031
22922	c88	ok	0.073
1910	c88	ok	0.047
9365	c88	ok	0.542
3102	c88	ok	0.144
4966	c88	ok	0.071
27082	c88	ok	0.028
5746	c88	ok	0.024
33954	c88	ok	0.182
7453	c88	ok	0.059
32139	c88	ok	0.029
21878	c88	ok	0.126
31289	c88	ok	0.063
4413	c88	ok	0.046
2235	c88	ok	0.018
4507	c88	ok	0.025
34854	c88	ok	0.041
2952	c88	ok	0.045
28731	c88	ok	0.694
5711	c88	ok	0.085
440	c88	ok	0.063
1497	c88	ok	0.070
8838	c88	ok	0.070
9713	c88	ok	0.638
4225	c88	ok	0.036
20365	c88	ok	0.095
1193	c88	ok	0.145
8964	c88	ok	0.047
9556	c88	ok	0.094
5320	c88	ok	0.044
5239	c88	ok	0.112
30732	c88	ok	0.030
33006	c88	ok	0.095
604	c88	ok	0.038
3989	c88	ok	0.008
23160	c88	ok	0.180
3455	c88	ok	0.100
7166	c88	ok	0.092
31256	c88	ok	0.037
31347	c89	ok	0.076
32217	c89	ok	0.028
1097	c89	ok	0.195
971	c89	ok	0.086
9952	c89	ok	0.079
33610	c89	ok	0.035
20553	c89	ok	0.011
769	c89	ok	0.042
2713	c89	ok	0.059
4965	c89	ok	0.073
189	c89	ok	0.052
3967	c89	ok	0.074
4466	c89	ok	0.068
8994	c89	ok	0.039
32707	c89	ok	0.030
68	c89	ok	0.031
3084	c89	ok	0.093
5636	c89	ok	0.478
761	c89	ok	0.027
872	c89	ok	0.088
4357	c89	ok	0.031
30026	c89	ok	0.008
30254	c89	ok	0.073
33034	c89	ok	0.116
1616	c89	ok	0.059
3236	c89	ok	0.014
1480	c89	ok	0.047
6834	c89	ok	0.037
374	c89	ok	0.041
5401	c89	ok	0.064
25176	c89	ok	0.419
26933	c89	ok	0.094
1538	c89	ok	0.025
4579	c89	ok	0.013
4820	c89	ok	0.087
1969	c89	ok	1.175
2089	c89	ok	0.032
2879	c89	ok	0.047
31356	c89	ok	0.128
6758	c89	ok	0.032
28938	c89	ok	0.039
32086	c89	ok	0.055
7793	c89	ok	0.030
30354	c89	ok	0.022
5850	c89	ok	0.031
30325	c89	ok	0.138
8472	c89	ok	1.351
6179	c89	ok	0.053
7017	c89	ok	0.033
510	c89	ok	0.079
1274	c89	ok	0.156
28592	c89	ok	0.337
6568	c89	ok	0.036
9173	c89	ok	0.041
310	c89	ok	0.031
1585	c89	ok	0.192
4428	c89	ok	0.037
22577	c89	ok	0.162
31093	c89	ok	0.058
7566	c89	ok	0.026
4796	c89	ok	0.048
32779	c89	ok	0.009
3942	c89	ok	0.049
6186	c89	ok	0.021
2349	c89	ok	0.019
7073	c89	ok	0.054
7567	c89	ok	0.071
34497	c89	ok	0.044
3147	c89	ok	0.095
3799	c89	ok	0.038
23065	c89	ok	0.063
1681	c89	ok	0.028
20546	c89	ok	0.075
29993	c89	ok	0.297
27008	c89	ok	0.075
31938	c89	ok	0.120
7752	c89	ok	0.039
26534	c89	ok	0.105
8332	c89	ok	0.003
33652	c89	ok	0.037
2490	c89	ok	0.025
27449	c89	ok	0.022
6034	c89	ok	0.007
1042	c89	ok	0.052
1381	c89	ok	0.112
33027	c89	ok	0.188
1291	c89	ok	0.041
2219	c89	ok	0.036
28434	c89	ok	0.160
32773	c89	ok	0.052
1833	c89	ok	0.155
8885	c89	ok	0.040
6690	c89	ok	0.538
6710	c89	ok	0.796
4945	c89	ok	0.035
523	c89	ok	0.058
9718	c89	ok	0.049
22357	c90	ok	0.085
3478	c90	ok	0.052
3540	c90	ok	0.068
877	c90	ok	0.051
25404	c90	ok	0.034
1120	c90	ok	0.069
25670	c90	ok	0.107
438	c90	ok	0.047
1573	c90	ok	0.473
553	c90	ok	0.046
5939	c90	ok	0.026
6009	c90	ok	0.059
24146	c90	ok	0.066
101	c90	ok	0.014
7360	c90	ok	0.074
2039	c90	ok	0.070
4658	c90	ok	0.278
826	c90	ok	0.049
31438	c90	ok	0.061
2872	c90	ok	0.052
20895	c90	ok	0.053
31486	c90	ok	0.038
21260	c90	ok	0.031
25168	c90	ok	0.034
4167	c90	ok	0.066
28356	c90	ok	0.099
4934	c90	ok	0.107
37	c90	ok	0.037
3529	c90	ok	0.046
24773	c90	ok	0.018
30053	c90	ok	0.053
31057	c90	ok	0.058
9801	c90	ok	0.086
2856	c90	ok	0.081
23590	c90	ok	0.054
23784	c90	ok	0.035
23400	c90	ok	0.059
34215	c90	ok	1.472
24714	c90	ok	0.055
2284	c90	ok	0.110
6235	c90	ok	0.075
7305	c90	ok	0.076
2653	c90	ok	0.061
29519	c90	ok	0.024
5991	c90	ok	0.051
25691	c90	ok	0.119
6894	c90	ok	0.254
3461	c90	ok	0.102
21505	c90	ok	0.052
429	c90	ok	0.472
4172	c90	ok	0.191
25172	c90	ok	0.214
321	c90	ok	0.158
1992	c90	ok	0.042
7552	c90	ok	0.049
33196	c90	ok	0.126
1402	c90	ok	0.048
1648	c90	ok	0.040
23219	c90	ok	0.014
32498	c90	ok	0.089
1153	c90	ok	1.066
1845	c90	ok	0.030
4143	c90	ok	0.023
30384	c90	ok	0.078
31673	c90	ok	0.033
26526	c90	ok	0.030
33887	c90	ok	0.196
542	c90	ok	0.030
3805	c90	ok	0.064
20430	c90	ok	0.051
21403	c90	ok	0.049
32768	c90	ok	0.125
1292	c90	ok	0.045
3777	c90	ok	0.040
24823	c90	ok	0.025
24758	c90	ok	0.017
2090	c90	ok	0.050
3969	c90	ok	0.099
21314	c90	ok	0.014
9991	c90	ok	0.081
1990	c90	ok	0.020
518	c90	ok	0.104
3560	c90	ok	0.220
4326	c90	ok	0.055
8692	c90	ok	0.044
2258	c90	ok	0.053
23542	c90	ok	0.076
6226	c90	ok	0.023
882	c90	ok	0.074
1033	c90	ok	0.056
2276	c90	ok	0.024
30197	c90	ok	0.103
32198	c90	ok	0.056
2377	c90	ok	0.064
2543	c90	ok	0.036
34276	c90	ok	0.066
7339	c90	ok	0.041
9180	c90	ok	0.052
4843	c90	ok	0.069
21042	c90	ok	0.037
28843	c90	ok	0.721
25027	c91	ok	0.159
22118	c91	ok	0.033
34447	c91	ok	0.272
29394	c91	ok	0.635
332	c91	ok	0.039
22784	c91	ok	0.210
452	c91	ok	0.025
29322	c91	ok	0.056
284	c91	ok	0.075
26420	c91	ok	0.147
30588	c91	ok	0.060
963	c91	ok	0.032
25012	c91	ok	0.024
34867	c91	ok	0.152
34499	c91	ok	0.052
2364	c91	ok	0.036
2731	c91	ok	0.030
7239	c91	ok	0.032
33996	c91	ok	0.055
3975	c91	ok	0.063
84	c91	ok	0.036
1886	c91	ok	0.047
21724	c91	ok	0.057
30252	c91	ok	0.021
30729	c91	ok	0.043
22144	c91	ok	0.090
21702	c91	ok	0.055
30712	c91	ok	0.033
31748	c91	ok	0.071
1506	c91	ok	0.042
25788	c91	ok	0.174
27529	c91	ok	0.062
2145	c91	ok	0.940
9634	c91	ok	0.013
1787	c91	ok	0.034
32451	c91	ok	0.115
32545	c91	ok	0.114
4592	c91	ok	0.112
720	c91	ok	0.060
4611	c91	ok	0.082
4175	c91	ok	0.060
5789	c91	ok	0.111
9294	c91	ok	0.154
21407	c91	ok	0.040
30124	c91	ok	0.082
22537	c91	ok	0.073
31635	c91	ok	0.019
34426	c91	ok	0.081
3051	c91	ok	0.039
3338	c91	ok	0.058
7122	c91	ok	0.027
23578	c91	ok	0.042
502	c91	ok	0.049
22254	c91	ok	0.017
26431	c91	ok	0.168
2985	c91	ok	0.067
3262	c91	ok	0.045
20348	c91	ok	0.038
34082	c91	ok	0.077
27092	c91	ok	0.723
9734	c91	ok	0.063
4212	c91	ok	0.038
34680	c91	ok	0.049
32369	c91	ok	0.052
29665	c91	ok	0.316
176	c91	ok	0.159
22777	c91	ok	0.025
31238	c91	ok	0.073
1693	c91	ok	0.043
21261	c91	ok	0.059
3445	c91	ok	0.047
328	c91	ok	0.029
24853	c91	ok	0.043
6083	c91	ok	0.052
987	c91	ok	0.676
5152	c91	ok	0.071
207	c91	ok	0.041
30971	c91	ok	0.179
23966	c91	ok	0.024
500	c91	ok	0.073
4705	c91	ok	0.052
5383	c91	ok	0.032
3959	c91	ok	0.066
32156	c91	ok	0.014
21669	c91	ok	0.068
31536	c91	ok	0.027
1382	c91	ok	0.039
2136	c91	ok	0.126
30253	c91	ok	0.064
33873	c91	ok	0.040
1723	c91	ok	0.029
34673	c91	ok	0.048
1185	c91	ok	0.042
3434	c91	ok	0.024
32459	c91	ok	0.029
20576	c91	ok	0.073
34354	c91	ok	0.030
1802	c92	ok	0.124
28589	c92	ok	0.074
34720	c92	ok	0.017
1856	c92	ok	0.056
33603	c92	ok	0.034
8566	c92	ok	0.053
32898	c92	ok	0.024
5235	c92	ok	0.034
20426	c92	ok	0.192
841	c92	ok	0.103
20632	c92	ok	0.451
23109	c92	ok	0.124
31375	c92	ok	0.041
30645	c92	ok	0.077
32925	c92	ok	0.105
32729	c92	ok	0.042
26704	c92	ok	0.031
30110	c92	ok	0.016
573	c92	ok	0.063
1205	c92	ok	0.031
7994	c92	ok	0.120
4808	c92	ok	0.139
3854	c92	ok	0.011
3765	c92	ok	0.068
32215	c92	ok	0.071
32829	c92	ok	0.083
34199	c92	ok	0.063
9106	c92	ok	0.043
22034	c92	ok	0.184
20306	c92	ok	0.063
33066	c92	ok	0.081
26464	c92	ok	0.057
33086	c92	ok	0.159
34096	c92	ok	0.033
31826	c92	ok	0.053
22940	c92	ok	0.200
27852	c92	ok	0.035
2894	c92	ok	0.032
838	c92	ok	0.039
25771	c92	ok	0.047
26803	c92	ok	0.005
2640	c92	ok	0.044
8453	c92	ok	0.046
1472	c92	ok	0.035
7053	c92	ok	0.021
2851	c92	ok	0.123
21486	c92	ok	0.549
2234	c92	ok	0.027
20948	c92	ok	0.057
32850	c92	ok	0.110
331	c92	ok	0.084
659	c92	ok	0.048
4968	c92	ok	0.060
25546	c92	ok	0.032
1597	c92	ok	0.056
1804	c92	ok	0.037
6345	c92	ok	0.074
33546	c92	ok	0.036
31131	c92	ok	0.066
31544	c92	ok	0.031
22826	c92	ok	0.024
30688	c92	ok	0.091
24597	c92	ok	0.048
30959	c92	ok	0.594
32360	c92	ok	0.041
1427	c92	ok	0.074
30171	c92	ok	0.114
9060	c92	ok	1.282
21303	c92	ok	0.079
24053	c92	ok	0.357
3787	c92	ok	0.436
23064	c92	ok	0.053
4448	c92	ok	0.043
32642	c92	ok	0.011
1794	c92	ok	0.033
34071	c92	ok	0.044
32727	c92	ok	0.013
5210	c92	ok	0.016
22849	c92	ok	0.051
23016	c92	ok	0.264
23193	c92	ok	0.158
23454	c92	ok	0.039
4835	c92	ok	0.074
22713	c92	ok	0.052
22926	c92	ok	0.029
8986	c92	ok	0.027
3379	c92	ok	0.058
32673	c92	ok	0.053
29472	c92	ok	0.322
21370	c92	ok	0.022
34132	c92	ok	0.072
28793	c92	ok	0.089
7963	c92	ok	0.193
23777	c92	ok	0.052
25687	c92	ok	0.059
3676	c92	ok	0.035
32518	c92	ok	0.032
6128	c92	ok	0.015
23058	c93	ok	0.034
20378	c93	ok	0.060
22775	c93	ok	0.061
31431	c93	ok	0.089
4163	c93	ok	0.100
27027	c93	ok	0.246
22740	c93	ok	0.038
22214	c93	ok	0.084
33962	c93	ok	0.089
30067	c93	ok	0.036
21241	c93	ok	0.079
34916	c93	ok	2.102
4615	c93	ok	0.257
25827	c93	ok	0.280
21604	c93	ok	0.088
21530	c93	ok	0.094
20323	c93	ok	0.194
21818	c93	ok	0.028
21773	c93	ok	0.055
34292	c93	ok	0.046
20180	c93	ok	0.028
24461	c93	ok	0.073
22416	c93	ok	0.094
24149	c93	ok	0.126
32661	c93	ok	0.105
33808	c93	ok	0.036
24581	c93	ok	0.072
20438	c93	ok	0.067
764	c93	ok	0.042
31219	c93	ok	0.039
1840	c93	ok	0.150
20040	c93	ok	0.090
30169	c93	ok	0.025
33813	c93	ok	0.147
22580	c93	ok	0.015
6403	c93	ok	0.082
24183	c93	ok	0.234
9615	c93	ok	0.082
23631	c93	ok	0.034
22745	c93	ok	0.189
23731	c93	ok	0.002
32745	c93	ok	0.015
24304	c93	ok	0.078
9667	c93	ok	0.101
21884	c93	ok	0.035
2333	c93	ok	0.035
23530	c93	ok	0.068
21784	c93	ok	0.028
34091	c93	ok	0.032
23545	c93	ok	0.060
27851	c93	ok	0.208
32257	c93	ok	0.127
23642	c93	ok	0.129
22456	c93	ok	0.038
23180	c93	ok	0.120
23471	c93	ok	0.070
24240	c93	ok	0.068
24313	c93	ok	0.134
21709	c93	ok	0.052
23707	c93	ok	0.026
3682	c93	ok	0.011
31598	c93	ok	0.164
5328	c93	ok	0.202
31862	c93	ok	0.070
21726	c93	ok	0.027
21986	c93	ok	0.135
24761	c93	ok	0.054
21066	c93	ok	0.078
2832	c93	ok	0.046
21432	c93	ok	0.024
3442	c93	ok	0.193
28557	c93	ok	0.220
24973	c93	ok	0.027
24237	c93	ok	0.085
24030	c93	ok	0.032
30228	c93	ok	0.063
3938	c93	ok	0.065
20076	c93	ok	0.030
31994	c93	ok	0.035
29403	c93	ok	0.147
23063	c93	ok	0.035
32890	c93	ok	0.118
21353	c93	ok	0.109
24329	c93	ok	0.091
1392	c93	ok	0.443
20274	c93	ok	0.020
20734	c93	ok	0.063
13487	c93	ok	0.117
21085	c93	ok	0.110
30444	c93	ok	0.129
34313	c93	ok	0.056
24705	c93	ok	0.076
22887	c93	ok	0.119
23723	c93	ok	0.033
23152	c93	ok	0.239
20137	c93	ok	0.039
23496	c93	ok	0.045
33929	c93	ok	0.083
24947	c93	ok	0.074
23549	c93	ok	0.090
33680	c93	ok	0.073
24710	c94	ok	0.017
22552	c94	ok	0.092
24628	c94	ok	0.102
21706	c94	ok	0.056
30678	c94	ok	0.217
24351	c94	ok	0.071
24593	c94	ok	0.142
21972	c94	ok	0.065
24811	c94	ok	0.122
21017	c94	ok	0.037
23765	c94	ok	0.094
21213	c94	ok	0.107
24730	c94	ok	0.141
33388	c94	ok	0.149
24968	c94	ok	0.056
21224	c94	ok	0.026
22696	c94	ok	0.074
22452	c94	ok	0.061
23186	c94	ok	0.075
33065	c94	ok	0.154
30741	c94	ok	0.099
34350	c94	ok	0.090
2886	c94	ok	0.106
34440	c94	ok	0.047
20864	c94	ok	0.057
22958	c94	ok	0.037
24181	c94	ok	0.048
24136	c94	ok	0.044
22487	c94	ok	0.156
30969	c94	ok	0.207
24854	c94	ok	0.074
32097	c94	ok	0.097
34109	c94	ok	0.060
22382	c94	ok	0.064
20870	c94	ok	0.108
20752	c94	ok	0.052
23268	c94	ok	0.093
30663	c94	ok	0.030
22407	c94	ok	0.070
24382	c94	ok	0.135
20436	c94	ok	0.126
21765	c94	ok	0.035
21749	c94	ok	0.057
20887	c94	ok	0.042
22271	c94	ok	0.044
10933	c94	ok	0.033
14380	c94	ok	0.005
13728	c94	ok	0.068
28155	c94	ok	0.006
9635	c94	ok	0.033
5881	c94	ok	0.046
9090	c94	ok	0.057
14273	c94	ok	0.035
14246	c94	ok	0.106
26871	c94	ok	3.145
9114	c94	ok	0.034
7679	c94	ok	0.086
31378	c94	ok	0.034
7896	c94	ok	0.111
27383	c94	ok	0.011
5211	c94	ok	0.009
3852	c94	ok	0.131
5395	c94	ok	0.007
3948	c94	ok	0.043
6680	c94	ok	0.054
1557	c94	ok	0.024
27662	c94	ok	0.090
7355	c94	ok	0.044
5243	c94	ok	0.020
26382	c94	ok	0.034
28373	c94	ok	0.015
9455	c94	ok	0.358
6891	c94	ok	0.072
6948	c94	ok	0.138
9977	c94	ok	0.264
637	c94	ok	0.027
98	c94	ok	0.082
1959	c94	ok	0.053
3497	c94	ok	0.036
9492	c94	ok	0.138
5866	c94	ok	0.027
7668	c94	ok	0.032
1418	c94	ok	0.050
5795	c94	ok	0.034
27309	c94	ok	0.025
7757	c94	ok	0.031
13290	c94	ok	0.770
5867	c94	ok	0.126
1452	c94	ok	0.040
6434	c94	ok	0.061
33350	c94	ok	0.110
1156	c94	ok	0.067
7701	c94	ok	0.044
776	c94	ok	0.066
4548	c94	ok	0.065
5694	c94	ok	0.380
8372	c94	ok	0.032
9018	c95	ok	0.384
1543	c95	ok	0.111
29701	c95	ok	0.011
8003	c95	ok	0.030
27726	c95	ok	0.017
2058	c95	ok	0.144
6332	c95	ok	0.072
2112	c95	ok	0.003
25587	c95	ok	0.032
5648	c95	ok	0.036
7362	c95	ok	0.065
8156	c95	ok	0.032
2977	c95	ok	0.191
21065	c95	ok	0.055
8817	c95	ok	0.137
4713	c95	ok	0.037
9495	c95	ok	0.170
292	c95	ok	0.064
4404	c95	ok	0.015
6007	c95	ok	0.092
9674	c95	ok	0.205
1798	c95	ok	0.069
9044	c95	ok	0.018
2515	c95	ok	0.043
3865	c95	ok	0.051
890	c95	ok	0.061
30071	c95	ok	0.035
3888	c95	ok	0.013
4178	c95	ok	0.002
9283	c95	ok	0.019
1732	c95	ok	0.144
7029	c95	ok	0.039
2444	c95	ok	0.034
9599	c95	ok	0.039
3082	c95	ok	0.039
27946	c95	ok	0.107
3297	c95	ok	0.045
6467	c95	ok	0.070
8510	c95	ok	0.024
5042	c95	ok	0.052
6443	c95	ok	0.044
6656	c95	ok	0.048
7280	c95	ok	0.057
1141	c95	ok	0.091
2883	c95	ok	0.037
2943	c95	ok	0.019
263	c95	ok	0.032
1300	c95	ok	0.015
1615	c95	ok	0.028
460	c95	ok	0.011
8820	c95	ok	0.052
161	c95	ok	0.047
160	c95	ok	0.026
4788	c95	ok	0.037
285	c95	ok	0.045
1781	c95	ok	0.048
1168	c95	ok	0.042
3328	c95	ok	0.167
5097	c95	ok	0.046
1371	c95	ok	0.013
7021	c95	ok	0.574
2602	c95	ok	0.829
7553	c95	ok	0.038
26324	c95	ok	0.045
9842	c95	ok	0.051
6727	c95	ok	0.641
3148	c95	ok	0.040
5726	c95	ok	0.023
2282	c95	ok	0.097
7235	c95	ok	0.045
39	c95	ok	0.119
34294	c95	ok	0.060
1905	c95	ok	0.049
3741	c95	ok	0.078
752	c95	ok	0.019
804	c95	ok	0.047
6942	c95	ok	0.080
6419	c95	ok	0.011
29984	c95	ok	0.050
382	c95	ok	0.124
9650	c95	ok	0.051
2507	c95	ok	0.166
9321	c95	ok	0.095
5715	c95	ok	0.038
23249	c95	ok	0.037
2850	c95	ok	0.017
5506	c95	ok	0.018
5714	c95	ok	0.046
7497	c95	ok	0.043
1955	c95	ok	0.225
2381	c95	ok	0.005
9823	c95	ok	0.114
26699	c95	ok	0.290
4470	c95	ok	0.000
3056	c96	ok	0.034
9276	c96	ok	0.049
1021	c96	ok	0.123
1463	c96	ok	0.013
28881	c96	ok	0.117
3247	c96	ok	0.064
831	c96	ok	0.039
952	c96	ok	0.060
4904	c96	ok	0.077
3359	c96	ok	0.025
5928	c96	ok	0.025
1927	c96	ok	0.060
939	c96	ok	0.059
5754	c96	ok	0.069
4377	c96	ok	0.015
2038	c96	ok	0.029
5308	c96	ok	0.320
2542	c96	ok	0.052
6486	c96	ok	0.054
29645	c96	ok	0.125
7046	c96	ok	0.054
5541	c96	ok	0.021
23985	c96	ok	0.022
1912	c96	ok	0.027
2348	c96	ok	0.073
205	c96	ok	0.032
4643	c96	ok	0.035
22677	c96	ok	0.022
32	c96	ok	0.025
2666	c96	ok	0.016
2521	c96	ok	0.012
6510	c96	ok	0.056
9189	c96	ok	0.209
34864	c96	ok	0.035
28566	c96	ok	0.034
4442	c96	ok	0.038
54	c96	ok	0.047
1919	c96	ok	0.026
2084	c96	ok	0.034
1651	c96	ok	0.014
20119	c96	ok	0.037
1743	c96	ok	0.614
149	c96	ok	0.123
2399	c96	ok	0.050
32294	c96	ok	0.025
33577	c96	ok	0.095
3167	c96	ok	0.033
8231	c96	ok	0.056
4363	c96	ok	0.037
9609	c96	ok	0.032
4850	c96	ok	0.078
24651	c96	ok	0.019
9328	c96	ok	0.049
2793	c96	ok	0.294
2459	c96	ok	0.064
2525	c96	ok	0.103
30505	c96	ok	0.010
2496	c96	ok	0.107
1470	c96	ok	0.025
4232	c96	ok	0.007
4203	c96	ok	0.052
525	c96	ok	0.124
4858	c96	ok	0.024
5416	c96	ok	0.054
4546	c96	ok	0.070
7208	c96	ok	0.046
1255	c96	ok	0.011
2698	c96	ok	0.042
32777	c96	ok	0.031
22813	c96	ok	0.061
9774	c96	ok	1.406
1697	c96	ok	0.082
33143	c96	ok	0.043
5911	c96	ok	0.024
1783	c96	ok	0.045
1956	c96	ok	0.012
27675	c96	ok	0.408
99	c96	ok	0.036
2010	c96	ok	0.021
26252	c96	ok	0.254
598	c96	ok	0.077
3164	c96	ok	0.078
178	c96	ok	0.022
2323	c96	ok	0.053
2838	c96	ok	0.051
31275	c96	ok	0.047
2611	c96	ok	0.024
813	c96	ok	0.052
1207	c96	ok	0.070
3401	c96	ok	0.332
3812	c96	ok	0.023
4608	c96	ok	0.022
30222	c97	ok	0.062
6936	c97	ok	0.042
2011	c97	ok	0.038
1435	c97	ok	0.041
6535	c97	ok	0.047
496	c97	ok	0.017
9816	c97	ok	0.002
3097	c97	ok	0.052
3353	c97	ok	0.057
3636	c97	ok	0.142
6195	c97	ok	0.040
4816	c97	ok	0.045
28128	c97	ok	0.114
1290	c97	ok	0.062
20936	c97	ok	0.000
5174	c97	ok	0.049
6825	c97	ok	0.242
8081	c97	ok	0.050
3367	c97	ok	0.106
2803	c97	ok	0.323
4170	c97	ok	0.012
25392	c97	ok	0.736
468	c97	ok	0.110
7100	c97	ok	0.742
9719	c97	ok	0.060
3526	c97	ok	0.046
1259	c97	ok	0.931
498	c97	ok	0.017
4308	c97	ok	0.058
30077	c97	ok	0.022
6725	c97	ok	0.070
1399	c97	ok	0.278
32290	c97	ok	0.014
4354	c97	ok	0.148
5125	c97	ok	0.870
26840	c97	ok	1.194
31711	c97	ok	0.016
41	c97	ok	0.073
3809	c97	ok	0.108
21346	c97	ok	0.054
7637	c97	ok	0.100
8276	c97	ok	0.059
3309	c97	ok	0.054
1428	c97	ok	0.024
3917	c97	ok	0.071
2263	c97	ok	0.241
2277	c97	ok	0.032
582	c97	ok	0.081
22971	c97	ok	0.068
864	c97	ok	0.027
3659	c97	ok	0.091
2366	c97	ok	0.067
3863	c97	ok	0.144
1474	c97	ok	0.032
2036	c97	ok	0.023
1116	c97	ok	0.139
30463	c97	ok	0.070
3853	c97	ok	0.129
9282	c97	ok	0.253
636	c97	ok	0.031
4552	c97	ok	0.101
4918	c97	ok	0.050
2726	c97	ok	0.036
7626	c97	ok	0.029
21199	c97	ok	0.035
26465	c97	ok	0.021
4174	c97	ok	0.167
23580	c97	ok	0.031
4385	c97	ok	0.086
26996	c97	ok	0.049
442	c97	ok	0.159
3472	c97	ok	0.124
2044	c97	ok	0.017
397	c97	ok	0.058
4222	c97	ok	0.068
20726	c97	ok	0.010
2670	c97	ok	0.052
31537	c97	ok	0.040
31641	c97	ok	0.017
96	c97	ok	0.121
1439	c97	ok	0.022
7483	c97	ok	0.093
1965	c97	ok	0.105
3394	c97	ok	0.015
21555	c97	ok	0.047
905	c97	ok	0.706
3737	c97	ok	0.063
4253	c97	ok	0.054
25163	c97	ok	0.194
1575	c97	ok	0.068
3817	c97	ok	0.007
22618	c97	ok	0.033
721	c97	ok	0.058
3111	c97	ok	0.046
9887	c97	ok	0.064
65	c97	ok	0.103
31894	c97	ok	0.021
2204	c97	ok	0.038
27162	c98	ok	0.140
1892	c98	ok	0.023
2043	c98	ok	0.114
3049	c98	ok	0.095
2270	c98	ok	0.327
26323	c98	ok	0.041
3910	c98	ok	0.962
835	c98	ok	0.087
3224	c98	ok	0.101
3923	c98	ok	0.060
8360	c98	ok	0.084
2102	c98	ok	0.032
3655	c98	ok	0.023
4559	c98	ok	0.029
34951	c98	ok	0.132
8572	c98	ok	0.066
1507	c98	ok	0.032
1900	c98	ok	0.031
24533	c98	ok	0.028
2358	c98	ok	0.046
4815	c98	ok	0.037
30674	c98	ok	0.088
3980	c98	ok	0.018
2500	c98	ok	0.050
1035	c98	ok	0.064
24020	c98	ok	0.024
3319	c98	ok	0.018
4757	c98	ok	0.109
4661	c98	ok	0.033
528	c98	ok	0.156
23128	c98	ok	0.040
2070	c98	ok	0.051
8658	c98	ok	0.042
8730	c98	ok	0.052
868	c98	ok	0.200
953	c98	ok	0.063
21922	c98	ok	0.040
27843	c98	ok	0.034
1962	c98	ok	0.066
4744	c98	ok	0.087
30260	c98	ok	0.088
2623	c98	ok	0.064
23874	c98	ok	0.088
34915	c98	ok	0.032
32970	c98	ok	0.025
31283	c98	ok	0.012
3222	c98	ok	0.053
3913	c98	ok	0.096
3135	c98	ok	0.056
21028	c98	ok	0.100
3562	c98	ok	0.027
2765	c98	ok	0.037
20838	c98	ok	0.153
4927	c98	ok	1.174
22949	c98	ok	0.050
23994	c98	ok	0.128
2479	c98	ok	0.797
5444	c98	ok	0.032
9363	c98	ok	0.069
1500	c98	ok	0.034
4635	c98	ok	0.021
4988	c98	ok	0.037
9465	c98	ok	0.050
2540	c98	ok	0.061
4922	c98	ok	0.036
4420	c98	ok	0.029
21608	c98	ok	0.073
3205	c98	ok	0.173
24277	c98	ok	0.025
31144	c98	ok	0.039
34967	c98	ok	0.423
199	c98	ok	0.234
24431	c98	ok	0.045
3592	c98	ok	0.046
271	c98	ok	0.062
854	c98	ok	0.255
32813	c98	ok	0.046
4013	c98	ok	0.025
7698	c98	ok	0.042
22076	c98	ok	0.034
529	c98	ok	0.041
9161	c98	ok	0.042
3880	c98	ok	0.140
34366	c98	ok	0.036
202	c98	ok	0.069
21219	c98	ok	0.012
6134	c98	ok	0.404
1451	c98	ok	0.082
1734	c98	ok	0.107
32195	c98	ok	0.246
30664	c99	ok	0.047
187	c99	ok	0.101
21057	c99	ok	0.055
4572	c99	ok	0.056
4775	c99	ok	0.033
24368	c99	ok	0.078
34068	c99	ok	0.055
2668	c99	ok	0.165
21300	c99	ok	0.039
22474	c99	ok	0.044
1372	c99	ok	0.047
471	c99	ok	0.168
22767	c99	ok	0.057
20416	c99	ok	0.092
758	c99	ok	0.087
3998	c99	ok	0.042
1127	c99	ok	0.030
4756	c99	ok	0.057
23840	c99	ok	0.072
23792	c99	ok	0.035
34047	c99	ok	0.213
623	c99	ok	0.057
24216	c99	ok	0.056
3924	c99	ok	0.040
4003	c99	ok	0.064
1018	c99	ok	0.472
4861	c99	ok	0.052
4761	c99	ok	0.058
5360	c99	ok	0.128
23175	c99	ok	0.035
3627	c99	ok	0.054
4584	c99	ok	0.077
20310	c99	ok	0.038
34459	c99	ok	0.177
20117	c99	ok	0.049
1696	c99	ok	0.057
4109	c99	ok	0.090
2617	c99	ok	0.151
23898	c99	ok	0.043
30075	c99	ok	0.133
1409	c99	ok	0.124
1366	c99	ok	0.033
31949	c99	ok	0.055
2096	c99	ok	0.085
33881	c99	ok	0.122
2785	c99	ok	0.047
21161	c99	ok	0.029
34613	c99	ok	0.132
224	c99	ok	0.067
5304	c99	ok	1.327
21497	c99	ok	0.025
3535	c99	ok	0.037
33265	c99	ok	0.053
26318	c99	ok	0.074
1633	c99	ok	0.054
30115	c99	ok	0.024
20692	c99	ok	0.143
2642	c99	ok	0.008
24303	c99	ok	0.187
361	c99	ok	0.059
20462	c99	ok	0.071
2687	c99	ok	0.006
3510	c99	ok	0.082
2017	c99	ok	0.060
33920	c99	ok	0.190
4668	c99	ok	0.092
23230	c99	ok	0.095
22899	c99	ok	0.057
22617	c99	ok	0.349
2398	c99	ok	0.043
2430	c99	ok	0.010
22619	c99	ok	0.222
33109	c99	ok	0.043
21503	c99	ok	0.111
21056	c99	ok	0.028
168	c99	ok	0.006
4587	c99	ok	0.047
23713	c99	ok	0.084
20116	c99	ok	0.064
21769	c99	ok	0.027
2867	c99	ok	0.024
22894	c99	ok	0.042
24204	c99	ok	0.094
23272	c99	ok	0.093
21729	c99	ok	0.044
1213	c99	ok	0.045
8009	c99	ok	0.885
32966	c99	ok	0.052
21054	c99	ok	0.031
911	c99	ok	0.056
544	c99	ok	0.041
31175	c99	ok	0.064
9502	c99	ok	0.019
